E1,Relation,E2
Resveratrol,exerted,a balanced effect
those,with,a CDR of 0
defining an optimal threshold of tau accumulation predictive of cognitive decline,remains,a challenge
the shift,highlighted,a change in excitatory/inhibitory balance
APOE ε4 and ε2 variants and plasma NfL,on,a composite cognitive test score
increased biomarker concentrations,suggests,a decline in cerebral perfusion
it,is not,a dependent clause
sRANKL,is associated with,a disease
PD motor progression,is caused by,a factor
inter-individual variability,is due to,a large degree
studies,reported that,a lower Aβ-42/Aβ-40 ratio predicted increased Alzheimer's disease risk
the causal relationship between T2DM and AD,through,a meta-analysis of MR studies
They,conducted,a series of causal mediation analyses
removal of group status from the model,resulted in,a significant age effect
removing group status from the model,resulted in,a significant age effect
this interval,may be,a time when intervention could be effective
S3,is used for,"a variety of use cases including data lakes, websites, mobile applications, and backup and restore solutions"
reduced production of Aβ,with,A2T (position in peptide sequence) change (Aβ(ice))
Retinal PHF-tau,was associated with,ABC scores
retinal pS396-tau,was associated with,ABC scores
Tau pathological dysregulation,is caused by,aberrant changes in phosphorylation
brain network alterations,shared with,Abeta negative amyloid levels
researchers or investigators,tested,ability of regional tau PET sensitivity and specificity thresholds to predict longitudinal cognitive decline
APOE ε4 carrier status,influenced,ability of the PiB-PET measures to predict cognitive decline
APOE ε4 carrier status,influenced,ability of the rate of change in the PiB-PET measures to predict cognitive decline
APOE ε4 carrier status,significantly influenced,ability of the rate of change in the PiB-PET measures to predict cognitive decline
Alzheimer's disease,is caused by,abnormal accumulation of amyloid-beta (Aβ) plaques and tau tangles
preclinical AD,during,abnormal blood biomarker levels
development of preE,associated with,abnormal protein aggregation
reduced capacity to recycle lipids,results in,abnormalities
tau pathogenesis,in,absence of stress/glucocorticoids
APOE-ɛ4,associated with,abstract reasoning
CSF biomarker,was associated with,abstract reasoning
CSF biomarker,associated with,abstract reasoning
CSF p-tau/Aβ42 ratio,is associated with,abstract reasoning
sex,was associated with,abstract reasoning
sex,associated with,abstract reasoning
αSyn positivity,was associated with,accelerated amyloid-related cognitive decline
biomarkers,were associated with,accelerated cognitive decline
cognitive impairment,was associated with,accelerated cognitive decline
elevated pulse pressure,is associated with,accelerated cognitive decline
higher levels of biomarkers,were associated with,accelerated cognitive decline
higher levels of biomarkers,be associated with,accelerated cognitive decline
higher levels of neurodegeneration biomarkers,were associated with,accelerated cognitive decline
higher levels of t-tau,associated with,accelerated cognitive decline
risk factor,contributes to,accelerated cognitive decline
Plasma NfL,was not predictive of,accelerated cognitive decline in individuals without neurodegeneration
heightened susceptibility to Aβ-related effects,is due to,accelerated decline in episodic memory
increased Aβ deposition,is due to,accelerated decline in episodic memory
PD,is characterized by,accelerated disease progression
Aβ pathology,is the primary cause of,accelerated disease progression in PD
presence of Aβ pathology,is a cause of,accelerated disease progression in PD
apathy,was associated with,accelerated increase in neurofilament light chain levels over time
those on the Alzheimer's disease,were associated with,accelerated longitudinal tau accumulation
LPCAT2 variants,were associated with,accelerated progression from mild cognitive impairment to Alzheimer's disease
APOE ε4,is associated with,accelerated progression of Alzheimer's disease pathology
APOE4 carrier status,is associated with,accelerated rate of cognitive decline in older adults without dementia
risk factors,are associated with,acceleration
anesthesia,contribute to,acceleration of Alzheimer's disease-related pathology
anesthesia,may contribute to,acceleration of Alzheimer's disease-related pathology
surgery,may contribute to,acceleration of Alzheimer's disease-related pathology
AD models,improves,accompanying Aβ pathology
cognition,is influenced by,accumulating AD pathology
Alzheimer's disease,causes,accumulation of amyloid-beta
bile acids (bas),influence,accumulation of amyloid-β and tau
gut microbiota,influence,accumulation of amyloid-β and tau
stimulated heme oxygenase-1 (HO-1),leads to,accumulation of MIOS and other proteins
calpain,causes,accumulation of tau kinases
exposure to sublethal doses of copper,led to,accumulation of this transition metal in the mitochondria
Alzheimer's disease,can be diagnosed with,accuracy
inclusion of biomarkers,may impact,accuracy and specificity of the diagnosis
co-pathology,influences,accuracy of biomarker interpretation
misreported head motion,can impact,accuracy of measurements
misreported neurodegeneration,can impact,accuracy of measurements
misreporting,can impact,accuracy of measurements
MRI artifacts,can impact,accuracy of measurements
method,maintains,accuracy of variable selection
disease diagnosis module,is incorporated,accurate diagnosis
GMAL,is used to achieve,accurate estimation of causal effect
GMAL,used to achieve,accurate estimation of causal effect
GMAL for covariate selection,achieve,accurate estimation of causal effect
pathologic tau,is impacted by,acetylation
early phosphorylation of Tau proteins,is the cause of,activation
Tau-K18 domain acetyltransferase activity,is the cause of,activation
Tau fragmentation,are caused by,activation of kinases
Tau hyperphosphorylation,are caused by,activation of kinases
release of ox-mtDNA,caused,activation of the inflammasome
normal insulin concentrations,being selectively activated,activation of the PI3K-AKT pathway
adrenal-driven pathways of CYP21A2 deficiency,may reduce the risk of,AD
age,are factors considered to contribute to or predispose individuals to,AD
age,contribute to,AD
alteration of brain IDPs,in,AD
Alzheimer's disease biomarkers,may aid in the overall diagnosis of,AD
Aβ42 levels,are factors considered to contribute to or predispose individuals to,AD
Aβ42 levels,contribute to,AD
"Aβ42 levels, age, and BMI",are factors that predispose individuals to,AD
APOE,linked to,AD
APOE,link between,AD
APOE ε4,influence the development of,AD
"average weekly champagne plus white wine, Danish pastry, and doughnut intake",was causally associated with,AD
BBMs,were associated with,AD
blood BMTs,causal relationship between,AD
Blood-derived mitochondrial DNA copy number,causal relationship between,AD
Blood-derived mitochondrial DNA copy number,was between,AD
Blood-derived mitochondrial DNA copy number,is predictive of,AD
BMI,are factors considered to contribute to or predispose individuals to,AD
BMI,contribute to,AD
Body mass index,no causal relationship between,AD
brain IDPs,in,AD
brain image-derived phenotypes (IDPs),causal relationship between,AD
cathepsins,causal association between,AD
causal associations,were identified with,AD
CD45 on CD33-HLA DR+,may further influence,AD
Cerebrospinal fluid α-synuclein seed amplification assay (αS-SAA) positivity (S+),in,AD
certain gut microbiota,has causal link with,AD
certain gut microbiota,causal link exists between,AD
changes associated with brain-derived small tau,occur,AD
characterization of bvFTD,is challenging due to,AD
cholesterol esters in large LDL,associated with,AD
clinical characterization of bvFTD,is challenging due to,AD
clinical outcomes,were associated with,AD
complications,caused by,AD
CRC,is associated with,AD
CSF biomarker profile,associated with,AD
CVD biomarkers,are associated with,AD
CYP21A2 deficiency,may reduce the risk of,AD
Danish pastry intake,was causally associated with,AD
dementia,after,ad
doughnut intake,was causally associated with,AD
DR and its subtypes,had a potential causal effect on,AD
DR and its subtypes,have a potential causal effect on,AD
DR and its subtypes,has causal effect on,AD
DR and its subtypes,has potential causal effect on,AD
DR and its subtypes,has a potential causal effect on,AD
events,associated with,AD
extent of tau abnormalities,in,AD
factors,are considered to contribute to,AD
factors,are considered to predispose individuals to,AD
Family Lactobacillaceae,had a causal effect on,AD
five,were associated with,AD
genes,associated with,AD
genetic liability to OCD,is a causal risk factor for,AD
genetically predicted levels of five plasma proteins,were causally associated with,AD
genomic factors,may have an impact on,AD
Genus Lachnoclostridium,had a causal effect on,AD
Genus Ruminiclostridium6,had a causal effect on,AD
glutamine,reduced the risk of,AD
gut microbiota,has a causal link with,AD
"high-fat, high-sugar diet",contributes to,AD
"high-fat, high-sugar diet",is associated with,AD
"high-fat, high-sugar diet",results in,AD
"high-fat, high-sugar diet",causes,AD
"high-fat, high-sugar diet",leads to,AD
"high-fat, high-sugar diet",is a cause of,AD
"High-fat, high-sugar diet",causes,AD
higher risk of cognitive decline,due to,AD
immune cell phenotypes,were between,AD
insights,are associated with,AD
"intake of average weekly champagne plus white wine, Danish pastry, and doughnut",was causally associated with,AD
intricate causal relationships,and,AD
it,is associated with,AD
MCI,is due to,AD
MCI,is a condition that is due to,AD
Migraine,may have potential causal relationships with,AD
Migraine,has potential causal relationships with,AD
migraine,has potential causal relationships with,AD
migraine,showed a significant causal relationship with,AD
mild cognitive impairment,due to,AD
mild cognitive impairment presenting with an amnestic syndrome,is considered due to,AD
mitochondrial protein gene variants,notably with,AD
neurodegeneration,fueling,AD
neuroinflammation and Aβ accumulation,in,AD
obesity,differentiate the cause-and-effect relationship between,AD
OCD,is a causal risk factor for,AD
α-synuclein,influenced by,AD
α-synuclein,is related to,AD
optPRS,predict,AD
other complications,are caused by,AD
outcomes,were associated with,AD
P-tau-induced mitochondrial dysfunction,in,AD
phenomic factors,may have an impact on,AD
plasma proteins,causal association between,AD
plasma proteins,were associated with,AD
PM2.5,has a persistent causal relationship with,AD
PM2.5,causes,AD
protective effect,for,AD
regulation of Interleukin-2 levels,may influence,AD
S18,is associated with,AD
six different types of immune cells,and,AD
sleep,influence the development of,AD
sleep and its interaction with APOE ε4,influence of,AD
tau abnormalities,in,AD
tau pathology,influenced by,AD
these factors,are considered to contribute to or predispose individuals to,AD
these factors,have an impact on,AD
three blood BMTs,were associated with,AD
total cholesterol in medium LDL,associated with,AD
traumatic brain injury,had little causal association with,AD
traumatic brain injury,have little causal association with,AD
traumatic brain injury,was not associated with,AD
Trisomy 21,is the most common genetic cause of,AD
WM-PVS,related through a causal relationship,AD
WM-PVS,are related through,AD
WM-PVS,are related through a causal relationship,AD
individuals with mild cognitive impairment (MCI),were due to,AD (AD-MCI)
hypothesized causal association,is between,AD and DR
extent of tau abnormalities,in,AD and other tauopathies
causal relationship between mtDNAcn,has not been determined,AD and PD
mtDNAcn,relationship is unclear,AD and PD
majority,investigated,AD and/or mild cognitive impairment (MCI)
T-tau,does not work well as,AD biomarker
eGFR,impact on,AD biomarker levels
AD biomarkers,is associated with,AD biomarkers
age,impact,AD biomarkers
age,impacts,AD biomarkers
Allostatic load (AL),impacts,AD biomarkers
Allostatic load (AL),impact,AD biomarkers
anxiety,is associated with,AD biomarkers
APOE-ε4,is associated with,AD biomarkers
astrocyte activation PRS,assessed predictive value for,AD biomarkers
blood-derived mitochondrial DNA copy number,is associated with,AD biomarkers
depression,is associated with,AD biomarkers
genetic risk,impact,AD biomarkers
longitudinal cognitive changes,is associated with,AD biomarkers
longitudinal cognitive changes,are associated with,AD biomarkers
NLR,is associated with,AD biomarkers
NPS and depression relationship,is associated with,AD biomarkers
participants,are associated with,AD biomarkers
this glycosylation,impact of on,AD biomarkers
age,impact,AD biomarkers and MCI progression
allostatic load (AL),impact,AD biomarkers and MCI progression
genetic risk,impact,AD biomarkers and MCI progression
kidney function,seems to be associated with,AD blood biomarker concentrations
hippocampal atrophy,is associated with,AD clinical stage transition
cognitive resilience versus AD onset and progression,is associated with,AD dementia
conversion from mild cognitive impairment (MCI),is predicted,AD dementia (ADD)
mild cognitive impairment (MCI),conversion from to,AD dementia (ADD)
Amyloid PET burden,is associated with,AD diagnosis
liver enzymes,were associated with,AD diagnosis
up-regulated genes,are associated with,AD heritability
optPRS,predict,AD in Korean individuals
causal links,with,AD neuropathology
AD dementia,is associated with,AD onset
cognitive resilience,versus,AD onset and progression
brain ageing,is associated with,AD pathogenesis
immune perturbations,contribute to,AD pathogenesis
bile acids (BAs),may impact,AD pathological characteristics
Bile acids (BAs),influence,AD pathological characteristics
Bile acids (BAS),impact,AD pathological characteristics
Bile acids (BAS),influence,AD pathological characteristics
bile acids (bas),influence,ad pathological characteristics
gut microbiota,influence,AD pathological characteristics
gut microbiota,influence,ad pathological characteristics
gut microbiota,impact,AD pathological characteristics
ApoeCh APOE3-R136S (Christchurch),impacted,AD pathological development
CSF and PET amyloid endophenotypes GWAS,can identify signals associated with,AD pathological process
CSF proteome analyses,can identify signals associated with,AD pathological process
"CSF proteome analyses, CSF and PET amyloid endophenotypes GWAS",might be effective for identifying signals associated with,AD pathological process
variance in AD-related cognitive impairment,is associated with,AD pathologies
APOE ε4,associated with,AD pathology
APOE ε4,may be associated with,AD pathology
ApoE4,contributes to,AD pathology
APOE4 allele,contributes to,AD pathology
axial diffusivity,is associated with,AD pathology
baseline connectivity,interaction of,AD pathology
C1q,influences,AD pathology
cognitive complaints,irrespective of,AD pathology
"Mean diffusivity, axial diffusivity, and radial diffusivity",are generally associated with,AD pathology
MHT,associated with,AD pathology
MHT,may be associated with,AD pathology
path-physiological modifications in the cerebral vasculature,contribute to,AD pathology
plasma p-tau217,has higher predictive accuracy in detecting,AD pathology
presence of MHT,may be associated with,AD pathology
radial diffusivity,is associated with,AD pathology
relationship between ApoE4 and microglia,contributes to,AD pathology
risk for progressive decline,irrespective of,AD pathology
sex,influences,AD pathology
COVID-19 lockdown,impact on,AD patients in South Korea
AD dementia,is associated with,AD progression
APOE expression,influence,AD progression
APOE expression and sub haplotypes,influence,AD progression
APOE sub haplotypes,influence,AD progression
Hcy,contribute to,AD progression
Hcy levels,are associated with,AD progression
influence of sub haplotypes,on,AD progression
p-tau217 levels,contribute to,AD progression
short Aβ isoforms,impact of,AD progression
sub haplotypes,have a potential influence on,AD progression
novel use of Piper longum,may result in,AD recovery
novel use of Piper longum,may lead to,AD recovery
Piper longum,may contribute to,AD recovery
novel use of Piper longum,may lead to,AD recovery in the future
deposits of phosphorylated tau protein,because of,AD research focuses on the hippocampal region
data,related to,AD risk
genetic predisposition to T2DM,does not appear to causally influence,AD risk
genetic variants proxying IL-6 inhibition,are associated with,AD risk
osteocalcin,impact on,AD risk
seven gut microbiota,were identified as associated with,AD risk
Sleep apnea,no causal effect of on was found,AD risk
T2DM,does not appear to causally influence,AD risk
Baseline NfL levels,were associated with,AD signature regions
rate of change,were associated with,AD signature regions
NfL,is associated with,AD spectrum
modulators,characterization of,AD trajectories
modulators,characterize,AD trajectories
modulators,alter,AD trajectories
SNP-rs6922617,is associated with,AD-defining neuropathological hallmarks
S2 -> MCI+/AD,was associated with beyond,AD-PRS
it,was not associated with,AD-PRS(no) (APOE)
APOE isoforms,impact,AD-related
volume loss in the subiculum,is associated with,AD-related deposits
proteomic analyses,impacted,AD-related molecular networks
SNP-rs6922617,is associated with,AD-related neuropath
SNP-rs6922617,is associated with,AD-related neuropathological hallmarks
astrocyte reactivity,was associated with,AD-related pathologies
neuroinflammation,have impacts on,AD-related pathologies
neuroinflammation and hypertension,impacts on,AD-related pathologies
plasma p-tau217,is associated with,AD-related pathologies
APOE isoforms,impact,AD-related pathologies at the BBB
APOE isoforms,may impact,AD-related pathologies at the BBB
APOE isoforms,has impact on,AD-related pathologies at the BBB
different APOE isoforms,may impact,AD-related pathologies at the BBB
different APOE isoforms,impact,AD-related pathologies at the BBB
cortical thinning,due to,AD-signature
adaptive setting,resulted in,AD-signature of 0.79
higher tau-PET levels,in,AD-typical brain regions
multi-modal neuroimaging features,in,AD-vulnerable regions
specific types of immune cells,has causal associations with,"AD, PD, ALS and MS"
interventions ameliorating inflammation,may prevent,AD/ADRD
one study,was consistently associated with,AD/dementia and PD
phosphorylated tau 217,in,AD/MCI
decline in Alzheimer's disease,according to,ADAS-cog scores
eGFR,provided,added predictive value to determine Aβ-positivity
Adding NfL+,had no,additional impact within the distinct A/T groups
inverse variance-weighted (IVW) method,supplemented by,additional MR approaches
causal effects of Metabolic-dysfunction associated steatotic liver disease-related diseases on VD,require,additional research
Alzheimer's and vascular pathology,combined impact,additional study
Alzheimer's and vascular pathology combined,impact warrants,additional study
Alzheimer's and vascular pathology combined,impact,additional study
Alzheimer's pathology and vascular pathology combined impact,warrants,additional study
combined impact,warrants,additional study
combined impact of Alzheimer's and vascular pathology,warrants,additional study
proteins,include,ADGRG2
CSF of individuals with preclinical AD,is associated with,adhesion molecules
pathogenesis of AD,is associated with,adhesion molecules
Alzheimer's disease,is associated with,adiponectin levels
Parkinson's disease,is associated with,adiponectin levels
Serum NfL levels,demonstrated predictive value after,adjustment
time to clinical Alzheimer's disease presentation,after,adjustment
adjustment of inter-individual variability,was potentially due to,adjustment of inter-individual variability
increased correlation,was potentially due to,adjustment of inter-individual variability
increased correlation,was due to,adjustment of inter-individual variability
Proteins,include,ADM
T,were defined in,ADNI
APOE ε4 allele,influences,ADRD
APOE ε4 allele,has effect on,ADRD
BBMs,were associated with,ADRD
causal factors,for,ADRD
Alzheimer's disease pathophysiology and neurodegeneration,in,adults with Down syndrome
αSyn co-pathology,is more prevalent in,advanced AD
cognitive decline,due to,advanced aging
This,contributes to,advancing precision medicine approaches in Alzheimer's disease
this,contributes to,advancing precision medicine approaches in Alzheimer's disease
Apolipoprotein E ε4 genotype,has been associated with,adverse cognitive outcomes
two constructs,were not associated with,adverse effects
cannabis intake,may cause,adverse effects relating to certain neuropsychiatric disorders
APOE-ε4 allele,is associated with,adverse events
drug treatment,is associated with,adverse events
influence,may be one of the many factors contributing to,adverse outcomes
APOE4,predicts,adverse response (ARIA)
other factors,were previously associated with,aetiology of AD
other factors,were associated with,aetiology of AD
identifying corticobasal degeneration pathology in life,without,aetiology-specific biomarkers
confounded fluctuations,were due to,affected cerebrospinal fluid dynamics
aged P301S tau transgenic mice,from,affected individuals
peripheral blood from aged P301S tau transgenic mice from affected individuals,is from,affected individuals
right middle temporal Neuropsychiatric symptoms (rMTG),was associated with,affective factor
functional connectivity strength,based on,affective Neuropsychiatric symptoms severity
model,predicted,affective Neuropsychiatric symptoms severity
the model,predicted,affective Neuropsychiatric symptoms severity
Alzheimer's disease pathology,is associated with,affective symptoms
Aβ(42) in cerebrospinal fluid,is associated with,affective symptoms
causal plasma proteins,in,African ancestry populations
Aβ and tau,were predictive factors,after 2-year follow-up
causal relationship,was disappeared,after adjustment of total cholesterol
associations,were somewhat attenuated,after excluding single-nucleotide polymorphisms associated with body mass index
neurofilament light chain,is associated with,AGB101
slowing entorhinal cortex atrophy,is associated with,AGB101
APOE ε4 non-carriers with mild cognitive impairment due to Alzheimer's disease,are associated with,AGB101 treatment
AD biomarkers,are impacted by,age
Aβ42 levels,associated with,age
Aβ42 levels,were associated with,age
APOE-ε4,was associated with,age
biomarker levels,were associated with,age
"levels of Aβ42, P-tau, and T-tau",were associated with,age
MCI progression,is impacted by,age
medial temporal lobe involvement,was associated with,age
P-tau levels,associated with,age
P-tau levels,were associated with,age
patterns,were associated with,age
plasma biomarker levels,could be influenced by,age
prevalence estimates of CMBs,were associated with,age
prevalence of CMBs,was associated with,age
sex,associated with,age
sex,was associated with,age
subtypes,were associated with,age
T-tau levels,associated with,age
T-tau levels,were associated with,age
APOE -ε4 status,influence,age at biomarker positivity
sex,interaction on,age at biomarker positivity
baseline plasma p-tau181,is differentially associated with,age neurodegeneration
hippocampal formation structures,are differentially associated with,age neurodegeneration
Apolipoprotein E ε4,influences,age of onset and severity of stroke
APOE-ε4,was associated with,age within each ancestry group
APOE4 carriers,in,age-at-diagnosis of Alzheimer disease
BCHE-K carrier status,has impact on,age-at-diagnosis of Alzheimer disease
BCHE-K carrier status,impact on,age-at-diagnosis of Alzheimer disease
BCHE-K carrier status,examined the impact of,age-at-diagnosis of Alzheimer disease in APOE4 carriers
AD,is caused by,age-related changes
AD,are leading causes of,age-related cognitive decline
CVD,are leading causes of,age-related cognitive decline
ApoE-ε4 isoform,has a potential role associated with,age-related hearing loss (ARHL)
amyloid beta generation,are driven by,age-related inflammatory signaling
amyloid beta generation,is driven by,age-related inflammatory signaling
Tau hyperphosphorylation,are driven by,age-related inflammatory signaling
APOE ε4 or ε2 allele,impact of at least one,age-related log-transformed plasma NfL increases
cubic spline models using Hamiltonian Markov chain Monte Carlo method,characterize the respective impact of,age-related log-transformed plasma NfL increases
GD,has no causal linkages with,age-related macular degeneration
GD,no causal linkages between,age-related macular degeneration
IVW analysis results,had no causal effect on,age-related macular degeneration
APOE ε4 and ε2 variants,impact,age-related plasma NfL increases and cognition
stratification,based on,age-specific biomarker thresholds
stratification of individuals,based on,age-specific biomarker thresholds
grey matter volume,was modulated by,"age, gender, and AT stages"
co-occurring phospho-epitopes,in,aged mice
insoluble fraction,in,aged mice
tauopathy,in,aged mice
peripheral blood,from,aged P301S tau transgenic mice
brain function,associated with,ageing-related changes
brain structure,associated with,ageing-related changes
genetic variation,is associated with,ageing-related changes
imbalance,might be due to,aggregated and soluble species
memory loss,are caused by,Aggregated Aβ and tau
Neurodegeneration,are caused by,Aggregated Aβ and tau
imbalance,be due to,aggregated species
αSyn co-pathology,contributes to the development of,aggregated tau pathology
multifunctional protein,is associated with,aggregation of tau
Apolipoprotein E,has an impact on,aging
Apolipoprotein E,impacts,aging
causes of cognitive decline,is heterogeneity in,aging
causes of cognitive decline,in,aging
causes of cognitive decline,include,aging
cognitive decline,in,aging
cognitive decline,causes of,aging
GD,causal relationship between,aging
High TH levels,are associated with,aging
Several factors,linked to,aging
glucose fluctuations,impact of,aging brain
global health challenge,intensified by,aging population
DNA methylation-based epigenetic clock,predicts,aging processes and health outcomes
inferior temporal cortices,are related to,aging-related molecular pathways
right insula,are related to,aging-related molecular pathways
previously underestimated and newly identified sets of exposure outcome causal association evidence,also included,alcohol intake frequency with PD
apolipoprotein (APOE) ε4 allele,across,all four cognitive domains
value of 100 percent,indicates that,all of the variation is due to heterogeneity rather than chance
cognitive vulnerability to glucose fluctuations,was associated with,all plasma biomarkers
diffuse and compact amyloid-beta plaques,across,all regions
Aβ(42)/Aβ(40) ratio in soluble protofibrils,was associated with,all the investigated CSF biomarkers
ratio in plaques,was associated with,all the investigated CSF biomarkers
multimodal biomarker model,including,all three biomarkers
APOE genotype,influences the deposition of,all types of amyloid pathology
causal relationship,was observed with,all-cause dementia
consensus-diagnosed AD,MAIN OUTCOMES AND MEASURES,all-cause dementia
consensus-diagnosed MCI,MAIN OUTCOMES AND MEASURES,all-cause dementia
five types of dementia,included,all-cause dementia
it,is associated with,all-cause dementia
men,had greater association with,all-cause dementia
objective,was to assess,all-cause dementia
RPS6KB1,association between,all-cause dementia
RPS6KB1,had stronger association with,all-cause dementia
RPS6KB1,associated with,all-cause dementia
they,protect from,all-cause dementia
RPS6KB1,had more significant association with,all-cause dementia in men
Inflammatory bowel disease,is to be assessed for causality with,all-cause dementia occurrence
Inflammatory bowel disease,was not genetically associated with,all-cause Inflammatory bowel disease
AD biomarkers,are impacted by,allostatic load (AL)
MCI progression,is impacted by,allostatic load (AL)
identification and validation of biomarkers associated with cognitive decline,can be,allowed
the intervention,was feasible,alone
BUAN,supports,along-tract statistical analyses
factors,identified by,along-tract statistical analyses
factors associated with the brain microstructure,are identified by,along-tract statistical analyses
Tau maturation,is more strongly associated with,alpha-synuclein
amyloid beta,combined pathological impacts,alpha-synuclein aggregates
Phospho-tau proteins,combined pathological impacts,alpha-synuclein aggregates
Phospho-tau proteins,combined pathological impacts have been recognized in,alpha-synuclein aggregates
Alzheimer's disease neuropathologic change,commonly co-exist,alpha-synucleinopathy
Mature tau,may be more closely related to,alpha-synucleinopathy
AD,may have a potential causal relationship with,ALS
Apolipoprotein E,influences,ALS
Body mass index,no causal relationship between,ALS
cognitive deficits,are not associated with,ALS
PD,may have a potential causal relationship with,ALS
PD,increases the risk of,ALS
BMTs,contribute to,alteration of brain IDPs in AD
relationships,may contribute to,alteration of brain IDPs in AD
subset of BMTs,may contribute to,alteration of brain IDPs in AD
subset of BMTs,contribute to,alteration of brain IDPs in AD
brain tissue,was associated with,alterations
changes,were caused by,alterations in glycolytic flux
Alzheimer's disease,is associated with,alterations in hippocampal volume
populations at risk,are due to,alterations in lifestyle
Tau pathology,contributes to,altered excitatory tone
tau pathology,contributes to,altered excitatory tone
anemia/sensory impairment pattern,was associated with,altered levels of all biomarkers
cardiometabolic/inflammatory pattern,was associated with,altered levels of all biomarkers
lysosomal stress signs,such as,altered lysosomal pH
tau pathology,contributes to,altered metabolic states
tau pathology,independently contributes to,altered metabolic states
Tau pathology,contributes to,altered metabolic states
tau pathology,independently contributes to,altered metabolic states and excitatory tone
tau pathology,contributes to,altered metabolic states and excitatory tone
"exons 2, 3, and 10",are involved in,alternative splicing
confounding factors,impact of,ALZAN cohort
Tau,causes,Alzheimer
researchers or study authors,studied,Alzheimer biomarker p-tau231
Alzheimer disease biomarkers,were associated with,Alzheimer disease
Alzheimer disease fold,is associated with,Alzheimer disease
Alzheimer disease pathophysiology,was associated with,Alzheimer disease
apolipoprotein E ε4 gene,is associated with,Alzheimer disease
blood biomarker,associated with,Alzheimer disease
causal plasma proteins,are for,Alzheimer disease
coronary artery disease,causal effect on,Alzheimer disease
etiology of AD,is the cause of,Alzheimer disease
group with mild cognitive impairment,due to,Alzheimer disease
panic disorder,causal association existed between,Alzheimer disease
plasma proteins,are causal for,Alzheimer disease
plasma proteins,are the causal factors of,Alzheimer disease
risk,was associated with,Alzheimer disease
"Self-CFI (β = 0.01 [-0.001, 0.02], p = 0.10)",was not associated with,Alzheimer disease
Tau pathology,in,Alzheimer disease
APOE ε4 allele copy number,is associated with,Alzheimer disease (AD)
cognitive decline,associated with,Alzheimer disease (AD)
living in a socioeconomically disadvantaged neighborhood,including increased risk of,Alzheimer disease (AD)
β-amyloid (Aβ) deposition,in,Alzheimer disease (AD)
β-amyloid (Aβ) deposition,associated with,Alzheimer disease (AD)
β-amyloid (Aβ) deposition,is associated with,Alzheimer disease (AD)
volume loss in the basal forebrain (BF),associated with,Alzheimer disease (AD)
APOE ε4 allele,is associated with,Alzheimer disease (AD) dementia
blood-based biomarkers of amyloid,have been shown to predict,Alzheimer disease (AD) dementia
blood-based biomarkers of tau,have been shown to predict,Alzheimer disease (AD) dementia
statin initiation,is associated with,Alzheimer disease (AD) dementia
fine-mapping causal proteins,is used for,Alzheimer disease AD
plasma protein pathways,is related to,Alzheimer disease AD
Alzheimer disease biomarkers,were associated with,Alzheimer disease biomarkers
association,was associated with,Alzheimer disease biomarkers
blood-derived mitochondrial DNA copy number,was associated with,Alzheimer disease biomarkers
imaging markers,is associated with,Alzheimer disease biomarkers
interplay between imaging markers,is associated with,Alzheimer disease biomarkers
serum metabolites,were associated with,Alzheimer disease biomarkers
Tau burden,is associated with,Alzheimer disease decline
DIAD,is associated with,Alzheimer disease fold
trials,are for,Alzheimer disease prevention
cognitive outcome measures,are for,Alzheimer disease prevention trials
cognitive outcome measures,are unclear in,Alzheimer disease prevention trials
Aligning outcome regions,with,Alzheimer disease stage
"PACC (β = -0.02 [-0.03, -0.01], p < 0.001)",was independently associated with,Alzheimer disease tau
Self-CFI,was independently associated with,Alzheimer disease tau
Alzheimer disease fold,are associated with,"Alzheimer disease, DIAD"
effect,was due to,Alzheimer's
apathy and affective neuropsychiatric symptoms,are prevalent in,Alzheimer's (AD)
accelerated cognitive decline,is a distinctive characteristic of,Alzheimer's disease
AD,stands for,Alzheimer's disease
age-related increases in cerebrospinal fluid total-tau,are associated with,Alzheimer's disease
age-related increases in neurofilament light chain,are associated with,Alzheimer's disease
alterations,are associated with,Alzheimer's disease
Alzheimer's disease,is associated with,Alzheimer's disease
Alzheimer's disease,associated with,Alzheimer's disease
Alzheimer's disease,can influence,Alzheimer's disease
Alzheimer's disease dementia,is associated with,Alzheimer's disease
Alzheimer's disease OPG levels,was observed,Alzheimer's disease
Alzheimer's disease pathology,is associated with,Alzheimer's disease
Alzheimer's disease pathology,is closely related to,Alzheimer's disease
amyloid beta,is associated with,Alzheimer's disease
amyloid beta deposition,is associated with,Alzheimer's disease
Aβ and tau pathology,in co-occurring,Alzheimer's disease
Aβ and tau pathology,has an influence on,Alzheimer's disease
apathy,is a symptom of,Alzheimer's disease
apathy and affective neuropsychiatric symptoms,are prevalent in,Alzheimer's disease
APOE genotype,influences,Alzheimer's disease
APOE genotype,influence,Alzheimer's disease
APOE ε4,role is considered in,Alzheimer's disease
APOE ε4,is related to,Alzheimer's disease
APOE ε4,is associated with,Alzheimer's disease
ApoE4 carriers,contribute to,Alzheimer's Disease
Apolipoprotein E,impacts,Alzheimer's disease
apolipoprotein E ε4 allele,was associated with,Alzheimer's disease
biomarker profile,is associated with,Alzheimer's disease
biomarker profile in cerebrospinal fluid,associated with,Alzheimer's disease
biomarkers,associated with,Alzheimer's disease
biomarkers,are associated with,Alzheimer's disease
biracial community cohort of older adults,of,Alzheimer's disease
blood glucose,were negatively associated with,Alzheimer's disease
blood glucose levels,associated with,Alzheimer's disease
blood levels of osteoprotegerin,are not associated with,Alzheimer's disease
blood levels of sRANKL,are not associated with,Alzheimer's disease
blood OCN levels,causal effects on,Alzheimer's disease
blood osteoprotegerin levels,no causal link exists between,Alzheimer's disease
Blood pressure variability,causal relationship between,Alzheimer's disease
BMTs,cause,Alzheimer's disease
BMTs,is causal,Alzheimer's disease
bone mineral density,influence on,Alzheimer's disease
bone mineral density and inflammation,investigated,Alzheimer's disease
bone mineral density and inflammation,was assessed,Alzheimer's disease
brain biomarkers,of,Alzheimer's disease
brain regions,affected by,Alzheimer's disease
brain structure,is causal to,Alzheimer's disease
causal association,between,Alzheimer's disease
causal association genetically inferred of prostate cancer,on,Alzheimer's disease
causal relationship,was found with,Alzheimer's disease
causal relationship,with,Alzheimer's disease
cerebral small vessel disease,is associated with,Alzheimer's disease
cerebrospinal fluid biomarker profile,is associated with,Alzheimer's disease
cerebrospinal fluid protein levels,better associated with,Alzheimer's disease
certain gut microbiota,has causal link with,Alzheimer's disease
certain gut microbiota,causal link exists between,Alzheimer's disease
changes in brain structure,cause,Alzheimer's disease
circulating metabolites,have genetic causal relationship with,Alzheimer's disease
clinical interpretation of blood-based biomarkers,for,Alzheimer's disease
Cognitive decline,is a symptom of,Alzheimer's disease
cognitive decline,can lead to,Alzheimer's disease
cognitive impairment,has been associated with,Alzheimer's disease
common pathology,associated with,Alzheimer's disease
core genes,associated with,Alzheimer's disease
CSF p-tau/Aβ42,is associated with,Alzheimer's disease
decreased appendicular lean mass,increases the risk for,Alzheimer's disease
dementia,due to,Alzheimer's disease
disease mechanisms,may be influenced by,Alzheimer's disease
Down syndrome,increases the risk of,Alzheimer's disease
dyslexia,causal effect on,Alzheimer's disease
dyslexia,no causal relationship was found between,Alzheimer's disease
E(2),impact on,Alzheimer's disease
E(2),impacts,Alzheimer's disease
early cognitive decline,in,Alzheimer's disease
effect,was due to,Alzheimer's disease
effect,was not significant due to,Alzheimer's disease
elevated pulse pressure,has been associated with,Alzheimer's disease
Epigenetic aging,was caused by,Alzheimer's disease
epigenetic aging,was not caused by,Alzheimer's disease
epigenetic aging,caused,Alzheimer's disease
epigenetic aging,had a causal relationship,Alzheimer's disease
Epigenetic aging,did not have a causal relationship with,Alzheimer's disease
Epilepsy,is associated with,Alzheimer's disease
erectile dysfunction,is a potential causal association with,Alzheimer's disease
excessive amyloid-β accumulation,is one of the causes of,Alzheimer's disease
factors,influence,Alzheimer's disease
five plasma proteins,had causal effects on,Alzheimer's disease
five SNPs,were found to be associated with,Alzheimer's disease
five types of dementia,included,Alzheimer's disease
functional impairments,include,Alzheimer's disease
GD,no causal linkages between,Alzheimer's disease
GD,has no causal linkages with,Alzheimer's disease
genetic association,is associated with,Alzheimer's disease
genetically predicted specific-site osteoarthritis,was not associated with,alzheimer's disease
genetically predicted three structural IDPs,had effects on,Alzheimer's disease
Genome-wide association study (GWAS) summary statistics,for,Alzheimer's disease
grey matter,is associated with,Alzheimer's Disease
gut microbiota,causal relationship between,Alzheimer's disease
having an apolipoprotein E ε4 allele,were associated with,Alzheimer's disease
HbA1c,were negatively associated with,Alzheimer's disease
HbA1c levels,associated with,Alzheimer's disease
heightened risk of Alzheimer's Disease occurrence,is genetically predicted by,Alzheimer's Disease
heterogeneous course of Alzheimer's disease,makes,Alzheimer's disease
"high-fat, high-sugar diet",causes,Alzheimer's disease
higher age,were associated with,Alzheimer's disease
higher risk,is associated with,Alzheimer's disease
Human apolipoprotein E genotypes,are associated with,Alzheimer's disease
impact of E(2),on,Alzheimer's disease
impaired sleep,is associated with,Alzheimer's disease
increase in between-network connectivity,predicts,Alzheimer's disease
increase in Semantic intrusion errors,may lead to,Alzheimer's disease
increased computer use,may reduce the risk of,Alzheimer's disease
inflammation,influence on,Alzheimer's disease
initial stage of Alzheimer's disease,during,Alzheimer's disease
it,contributes to,Alzheimer's disease
its impact,on,Alzheimer's disease
KLOTHO-VS heterozygosity,was positively associated with,Alzheimer's disease
lack of vitamin D,is associated with,Alzheimer's disease
Lewy body co-pathology,is associated with,Alzheimer's disease
Lewy body dementia,is distinguishable at the genome-wide level from,Alzheimer's disease
Lewy body dementia,shares genetic risk factors with,Alzheimer's disease
lipid metabolites,causal relationship between,Alzheimer's disease
lipid-lowering drugs,have been determined on,Alzheimer's disease
longitudinal heterogeneous changes,in,Alzheimer's disease
lysosomal dysfunction,could be an underlying cause of,Alzheimer's disease
marker,is associated with,Alzheimer's disease
markers,are associated with,Alzheimer's disease
metabolic disorders,can cause,Alzheimer's disease
metabolites,causal relationship between,Alzheimer's disease
Methyl-4-hydroxybenzoic acid,has significant positive causal association with,Alzheimer's disease
Methyl-4-hydroxybenzoic acid,has causal relationship with,Alzheimer's disease
mild cognitive impairment,due to,Alzheimer's disease
Mild cognitive impairment,can convert to,Alzheimer's disease
mild dementia,due to,Alzheimer's disease
mitochondrial dysfunction,is associated with,Alzheimer's disease
mitochondrial protein gene variants,notably with,Alzheimer's disease
multifactorial cause,causes,Alzheimer's disease
multifactorial cause of development,is involved in,Alzheimer's disease
multifactorial process,causes,Alzheimer's disease
neurobehavioral syndrome,is associated with,Alzheimer's disease
neurodegeneration and cognitive decline,occurs in,Alzheimer's disease
neurodegenerative diseases,notably associated with,Alzheimer's disease
neuroinflammation,contributes to,Alzheimer's disease
neuronal injury,is associated with,Alzheimer's disease
neuronal injury,is closely related to,Alzheimer's disease
neuropathologic change in neocortex,is associated with,Alzheimer's Disease
β-amyloid pathology,influence on,Alzheimer's disease
oral microbiota,causal relationship between,Alzheimer's disease
osteocalcin,was associated with,Alzheimer's disease
osteocalcin levels,causal relationship between,Alzheimer's disease
osteocalcin levels,had a causal relationship with,Alzheimer's disease
Osteocalcin levels,were associated with,Alzheimer's disease
other studied entertainment activities,had no significant causal relationship with,Alzheimer's disease
other types of dementia,in addition to,Alzheimer's disease
P-tau-induced mitochondrial dysfunction,is due to,Alzheimer's disease
pathological changes,occur in,Alzheimer's disease
pathology of Progressive Supranuclear Palsy,is associated with,Alzheimer's Disease
pathways,indicate how can influence,Alzheimer's disease
peripheral blood biomarkers,are associated with,Alzheimer's disease
phagocytic exhaustion,is consistent in,Alzheimer's disease
plasma Amyloid β-peptides levels,predict,Alzheimer's disease
plasma Aβ type 2 diabetes levels,are not associated with,Alzheimer's disease
plasma biomarker levels,could be influenced by,Alzheimer's disease
plasma NfL levels,with,Alzheimer's disease
plasma proteins,were significantly associated with,Alzheimer's disease
plasma Tau biomarkers,associated with,Alzheimer's disease
potential intervention strategy,for,Alzheimer's disease
potential therapeutic targets,may be influenced by,Alzheimer's disease
protein tau,is the cause of,Alzheimer's disease
protein tau,is the primary cause of,Alzheimer's disease
reading activity,may be a potential intervention strategy for,Alzheimer's disease
risk of cerebral microbleeds,associated with,Alzheimer's disease
risk of dementia,is associated with,Alzheimer's disease
risk of white matter hyperintensities,associated with,Alzheimer's disease
SBPV,had significant causal effects on,Alzheimer's disease
serum ANGPT-2,is associated with,Alzheimer's disease
several plasma biomarkers,associated with,Alzheimer's disease
sleep disturbances,are associated with,Alzheimer's disease
specific lipid metabolites,have causal effects on,Alzheimer's disease
specific lipid metabolites,cause,Alzheimer's disease
specific lipid metabolites,are a cause of,Alzheimer's disease
specific lipid metabolites,have a causal effect on,Alzheimer's disease
sRANKL,is associated with,Alzheimer's disease
sRANKL and OPG levels,influence,Alzheimer's disease
Tau,is associated with,Alzheimer's disease
Tau accumulation,is associated with,Alzheimer's disease
Tau burden,independent of,Alzheimer's disease
tau hyperphosphorylation,is one of the causes of,Alzheimer's disease
tau pathology,influence on,Alzheimer's disease
tau pathology,influence of,Alzheimer's disease
tau-mediated neurodegeneration,occurs in,Alzheimer's disease
tauopathies,includes,Alzheimer's disease
Their influence,is underexplored,Alzheimer's disease
Their influence,on,Alzheimer's disease
their influence,is underexplored,Alzheimer's disease
these proteins,are associated with,Alzheimer's disease
This,is associated with,Alzheimer's disease
three proteins,were associated with,Alzheimer's disease
traumatic brain injury,is associated with,Alzheimer's disease
two drugs,slow the progression of,Alzheimer's disease
type 2 diabetes,were negatively associated with,Alzheimer's disease
Type 2 diabetes diagnosis,is associated with,Alzheimer's disease
Type 2 diabetes diagnosis,is not associated with,Alzheimer's disease
variation,is due to,Alzheimer's disease
acetylation,occurs in,Alzheimer's disease (AD)
affective neuropsychiatric symptoms,are prevalent in,Alzheimer's disease (AD)
apathy,are prevalent in,Alzheimer's disease (AD)
Apolipoprotein E4 (ApoE4),is associated with,Alzheimer's disease (AD)
behavioral variant frontotemporal dementia (bvFTD),is challenging to characterize,Alzheimer's disease (AD)
current treatments,is still insufficient for,Alzheimer's disease (AD)
elevated neutrophil-lymphocyte ratio (NLR),has been associated with,Alzheimer's disease (AD)
exposure to particulate matter (PM),link between,Alzheimer's disease (AD)
mild dementia,due to,Alzheimer's disease (AD)
mild dementia due to Alzheimer's disease (AD),due to,Alzheimer's disease (AD)
mild dementia due to Alzheimer's disease (AD),is caused by,Alzheimer's disease (AD)
obesity,reduces or increases the risk of developing,Alzheimer's disease (AD)
RA,causes,Alzheimer's disease (AD)
templated seeding,occurs in,Alzheimer's disease (AD)
Type 2 diabetes mellitus (T2DM),is closely associated with,Alzheimer's disease (AD)
Allostatic load (AL) progression,and,Alzheimer's disease (AD) biomarkers
plasma-based biomarkers,accuracy in differentiating,Alzheimer's disease (AD) from syndromes associated with frontotemporal lobar degeneration (FTLD)
cardiorespiratory fitness (CRF),influences,Alzheimer's disease (AD) pathological progression
NPS combined with plasma biomarkers,can predict,Alzheimer's disease (AD) pathology
plasma biomarkers,can predict,Alzheimer's disease (AD) pathology
presence of NPS,can predict,Alzheimer's disease (AD) pathology
presence of NPS combined with plasma biomarkers,can predict,Alzheimer's disease (AD) pathology and cognitive decline
GFAP,is associated with,Alzheimer's disease (Aβ) pathology
phosphorylated tau-217 (p-tau217),is associated with,Alzheimer's disease (Aβ) pathology
Phosphorylated tau-217 (p-tau217),is associated with,Alzheimer's disease (Aβ) pathology
phosphorylated tau-231 (p-tau231),is associated with,Alzheimer's disease (Aβ) pathology
ApoE4 carriers,contribute to,Alzheimer's Disease accumulating amyloid plaques
ApoE4 carriers,contribute to,Alzheimer's Disease accumulating phosphorylated tau
SBPV,is a possible causal risk factor for,Alzheimer's disease AD
these treatments,may influence,Alzheimer's disease AD-related cognitive decline
APOE genotype,increased the risk of,Alzheimer's disease AD-tau pathology
subclinical peripheral health,may influence,Alzheimer's disease and neurodegenerative disease processes
possible causal factors,for,Alzheimer's disease and related dementias
rapid eye movement sleep rapid eye movement latency pathogenesis,may be associated with,Alzheimer's disease and related dementias
APOE,has impact on,Alzheimer's disease and related dementias (ADRD) risk
targeting rapid eye movement latency,is a potential intervention to reduce,Alzheimer's disease and related dementias risk
β-amyloid,influence of,Alzheimer's disease and tau pathology
its potential biological heterogeneity,impact on,Alzheimer's disease biology
attention-deficit/hyperactivity disorder,impact of,Alzheimer's disease biomarkers
brain structural changes,are associated with,Alzheimer's disease biomarkers
change in clinical Seed amplification assay,was associated with,Alzheimer's disease biomarkers
brain structural changes,are associated with,Alzheimer's disease biomarkers amyloid-β
brain structural changes,are associated with,Alzheimer's disease biomarkers amyloid-β (Aβ42)
brain structural changes,are associated with,Alzheimer's disease biomarkers phosphorylated tau
its impact,on,Alzheimer's disease blood biomarker (BBM)
pathways,indicate how,Alzheimer's disease can influence Alzheimer's disease
apolipoprotein E,impacts,Alzheimer's disease circulating estradiol supplementation post-menopause
PSMD,can predict,Alzheimer's disease clinical progression to MCI Alzheimer's disease AD
interventions aimed at tau's impact,may be effective,Alzheimer's disease cognition
interventions aimed at tau's impact,may be effective on,Alzheimer's disease cognition
six downstream proteins,in,Alzheimer's disease cohort
apolipoprotein E insights,from,Alzheimer's disease comprehensive update
PSP-specific changes,in,Alzheimer's Disease core biomarkers
elevated p-tau217,was associated with,Alzheimer's disease episodic memory
alanine replacement of the predicted binding site,indicated the involvement of,Alzheimer's disease filament
co-occurrence of four repeat (4R)-tau predominant argyrophilic grain disease,was associated with,Alzheimer's disease four repeat (4R)-tau predominant argyrophilic grain disease
genetic and demographic factors,cause,Alzheimer's disease heterogeneity
Lead (Pb) exposure,can lead to,Alzheimer's disease in later stages of life
cognitive decline over time,is associated with,Alzheimer's disease in older adults
plasma proteins,were significantly associated with,Alzheimer's disease in persons of African ancestry
increase in Semantic intrusion errors,when,Alzheimer's disease is present
Alzheimer's disease,is associated with,Alzheimer's disease levels
Alzheimer's disease,is associated with,Alzheimer's disease levels of BACE1 protein
it,is associated with,Alzheimer's disease levels of BACE1 protein
N Alzheimer's disease,is associated with,Alzheimer's disease levels of BACE1 protein
IS risk SNPs,were associated with,Alzheimer's disease major indicators
APOE ε4 allele carriers,were associated with,Alzheimer's disease neurodegeneration
ApoE4,causes,Alzheimer's disease neurodegeneration
baseline plasma p-tau181,is differentially associated with,Alzheimer's disease neurodegeneration
depressive symptoms,were associated with,Alzheimer's disease neurodegeneration
hippocampal formation structures,are differentially associated with,Alzheimer's disease neurodegeneration
APOE ε4 carrier group,in,Alzheimer's Disease Neuroimaging Initiative cohort
ApoE4,causes,Alzheimer's disease neuroinflammation
genetically predicted causal effect,is no significant,Alzheimer's disease on prostate cancer
APOE ε4 allele,associated with,Alzheimer's disease or mild cognitive impairment (AD/MCI)
Alzheimer's disease pathogenesis,is a factor contributing to,Alzheimer's disease pathogenesis
causal pathways,driving,Alzheimer's disease pathogenesis
causal protein interactions,driving,Alzheimer's disease pathogenesis
Diabetes,is a factor contributing to,Alzheimer's disease pathogenesis
individuals undergoing insulin therapy,are associated with,Alzheimer's disease pathogenesis
insulin deficiency,is a factor contributing to,Alzheimer's disease pathogenesis
metabolic pathways,in,Alzheimer's disease pathogenesis
protein-mediated regulatory pathways,involved in,Alzheimer's disease pathogenesis
T cell subsets,have an influence on,Alzheimer's disease pathogenesis
T cell subsets,have an impact on,Alzheimer's disease pathogenesis
arterial stiffness,contribute to,Alzheimer's disease pathogenesis and progression
circadian rhythms,are associated with,Alzheimer's disease pathological biomarkers
vascular burden,contributes to,Alzheimer's disease pathological progression
risk factor,contributes to,Alzheimer's disease pathologies
risk factor,is associated with,Alzheimer's disease pathologies
Alzheimer's disease,is associated with,Alzheimer's disease pathology
Alzheimer's disease CSF β2M,is dynamic in,Alzheimer's disease pathology
amyloid accumulation,associated with,Alzheimer's disease pathology
amyloid accumulation,are the processes associated with,Alzheimer's disease pathology
amyloid beta,is associated with,Alzheimer's disease pathology
ApoE4,impact on,Alzheimer's Disease pathology
ApoE4 allele,impact on,Alzheimer's Disease pathology
apolipoprotein E type ∊4 allele (ApoE4),impact on,Alzheimer's Disease pathology
apolipoprotein E type ∊4 allele (ApoE4),has an impact on,Alzheimer's Disease pathology
apolipoprotein E type ∊4 allele (ApoE4),impacts,Alzheimer's Disease pathology
both markers,are primarily influenced by,Alzheimer's disease pathology
cognitive decline,is a risk associated with,Alzheimer's disease pathology
cognitive decline,are associated with,Alzheimer's disease pathology
cognitive impairment,is associated with,Alzheimer's disease pathology
conditions,linked with,Alzheimer's disease pathology
diet,is associated with,Alzheimer's disease pathology
Down syndrome,is a condition that increases the risk of,Alzheimer's disease pathology
Down syndrome,is associated with,Alzheimer's disease pathology
downstream neurodegeneration,associated with,Alzheimer's disease pathology
downstream neurodegeneration,are the processes associated with,Alzheimer's disease pathology
elevated pulse pressure,is associated with,Alzheimer's disease pathology
elevated pulse pressure,has been associated with,Alzheimer's disease pathology
hypertension,may influence,Alzheimer's disease pathology
hypertension,influences,Alzheimer's disease pathology
impact of the apolipoprotein E type ∊4 allele (ApoE4),are underexplored,Alzheimer's Disease pathology
insulin signaling dysfunction,influence,Alzheimer's disease pathology
investigation,is prompted by,Alzheimer's disease pathology
neutrophil-lymphocyte ratio,is linked with,Alzheimer's disease pathology
neutrophil-lymphocyte ratio,is a result of,Alzheimer's disease pathology
p-tau Ser356,is associated with,Alzheimer's disease pathology
phosphorylated tau-217,is associated with,Alzheimer's disease pathology
phosphorylated tau-231,is associated with,Alzheimer's disease pathology
progression to functional impairment,is associated with,Alzheimer's disease pathology
progression to functional impairment,are associated with,Alzheimer's disease pathology
risk factor,influences,Alzheimer's disease pathology
serum ANGPT-2,is associated with,Alzheimer's disease pathology
symptoms,are associated with,Alzheimer's disease pathology
tau deposition,associated with,Alzheimer's disease pathology
tau deposition,are the processes associated with,Alzheimer's disease pathology
underlying comorbidities,cause,Alzheimer's disease pathology
NPS combined with plasma biomarkers,are useful to predict,Alzheimer's disease pathology and cognitive decline
presence of NPS,are useful to predict,Alzheimer's disease pathology and cognitive decline
presence of NPS,is useful to predict,Alzheimer's disease pathology and cognitive decline
presence of NPS combined with plasma biomarkers,are useful to predict,Alzheimer's disease pathology and cognitive decline
disease,contributes to,Alzheimer's disease pathophysiology
GFAP,is a protein associated with,Alzheimer's disease pathophysiology
plasma levels of the glial fibrillary acidic protein (GFAP),are associated with,Alzheimer's disease pathophysiology
small vessel cerebrovascular disease,contributes to,Alzheimer's disease pathophysiology and neurodegeneration
certain pathways,through,Alzheimer's disease pathophysiology and neurodegeneration in adults with Down syndrome
decreased prostate cancer risk,in,Alzheimer's disease patients
depressive symptoms,no significant impact on,Alzheimer's Disease patients
Alzheimer's disease,is associated with,Alzheimer's disease peptides
N Alzheimer's disease,is associated with,Alzheimer's disease peptides
plasma amyloid-β,were not associated with,Alzheimer's disease phenotype
plasma tau concentrations,were not associated with,Alzheimer's disease phenotype
these therapies,across the,Alzheimer's disease population
ApoE4 carriers,contribute to,Alzheimer's Disease progression
bioactive compounds,influence,Alzheimer's disease progression
increase in between-network connectivity,predicts,Alzheimer's disease progression
LDL-C,has influence on,Alzheimer's disease progression
LDL-C,influence on,Alzheimer's disease progression
LDL-C,has significant influence on,Alzheimer's disease progression
LDL-C,has a substantial influence on,Alzheimer's disease progression
LDL-C,has substantial influence on,Alzheimer's disease progression
LDL-C,has a major influence on,Alzheimer's disease progression
LDL-C,has a considerable influence on,Alzheimer's disease progression
LPCAT2 variants,are associated with,Alzheimer's disease progression
mild cognitive impairment,was associated with,Alzheimer's disease progression
obstructive sleep apnea PRS,was significantly associated with,Alzheimer's disease progression
shared causal factor,underlies,Alzheimer's disease progression
shared causal factor,underlines,Alzheimer's disease progression
Alzheimer's disease,due to,Alzheimer's disease reversibility
model,due to,Alzheimer's disease reversibility
ADPN levels,no evidence to substantiate causal relationship between,Alzheimer's disease risk
biomarkers,are associated with,Alzheimer's disease risk
causal effect of dyslexia,on,Alzheimer's disease risk
causal relationship,and,Alzheimer's disease risk
causal relationship between specific dietary factors,elucidating the,Alzheimer's disease risk
causal relationship between specific dietary factors,is challenging to elucidate,Alzheimer's disease risk
causal relationship between specific dietary factors,elucidating,Alzheimer's disease risk
causal relationship between specific dietary factors,remains difficult to elucidate,Alzheimer's disease risk
causal relationships between plasma proteins,assess,Alzheimer's disease risk
class Actinobacteria,had predictive effects on,Alzheimer's disease risk
computer use,may reduce,Alzheimer's disease risk
dietary factors,causal relationship between,Alzheimer's disease risk
dyslexia,causal effect on,Alzheimer's disease risk
Family Lactobacillaceae,had a predictive effect on,Alzheimer's disease risk
genetic predictive effects of family Lactobacillaceae,on,Alzheimer's disease risk
Genus Ruminiclostridium 6,is associated with,Alzheimer's disease risk
Genus Ruminiclostridium 9,is associated with,Alzheimer's disease risk
lower plasma Aβ-42/Aβ-40 ratio,was not significantly associated with,Alzheimer's disease risk
peripheral T cell subsets,causal contributions to,Alzheimer's disease risk
peripheral T cell subsets,contribute to,Alzheimer's disease risk
peripheral T cell subsets,causal contributions of,Alzheimer's disease risk
RANKL and OPG system,has a causal impact on,Alzheimer's disease risk
RANKL and OPG system,has causal impact on,Alzheimer's disease risk
six dietary habits,potentially influenced,Alzheimer's disease risk
total genetic predictive effects of class Actinobacteria,on,Alzheimer's disease risk
brain perfusion,was associated with,Alzheimer's disease signature regions
multi-modal neuroimaging features,across,Alzheimer's disease spectrum
LPCAT2,played a causal role in,Alzheimer's disease susceptibility
higher neuroinflammatory cytokines,are correlated with,Alzheimer's disease T- and P-tau levels
higher neuroinflammatory cytokines,are associated with,Alzheimer's disease T- and P-tau levels
oxidative stress,is associated with,Alzheimer's disease T- and P-tau levels
hypertension,was associated with,Alzheimer's disease-related biomarkers
cerebrovascular pathology,can contribute to,Alzheimer's disease-related clinical progression
Cerebrovascular pathology,can contribute to,Alzheimer's disease-related clinical progression
it,contribute to,Alzheimer's disease-related clinical progression
healthcare,predicts,Alzheimer's disease-related cognitive decline
clinical Alzheimer's disease CSF biomarkers,were not associated with,Alzheimer's disease-related neurodegeneration imaging markers
PC 1,was not associated with,Alzheimer's disease-related neurodegeneration imaging markers
anesthesia,contribute to,Alzheimer's disease-related pathology
surgery,may contribute to,Alzheimer's disease-related pathology
glial fibrillary acidic protein (GFAP),may contribute to,Alzheimer's pathology
LPS-induced systemic inflammation,led to,Alzheimer's symptoms
CSF movements,associated with,Alzheimer's tau deposition
Resting-state global brain activity,associated with,Alzheimer's tau deposition
resting-state global brain activity,associated with,Alzheimer's tau deposition
traumatic brain injury,no causal genetically association between,Alzheimer's traumatic brain injury (AD)
traumatic brain injury,there was no causal genetically association between,Alzheimer's traumatic brain injury (AD)
traumatic brain injury,had causal genetically association with,Alzheimer's traumatic brain injury (AD)
causal nature of these associations,remains,ambiguous
accumulation of Tau and Aβ in 6xTg mice,was associated with,amelioration
accumulation of Aβ in 6xTg mice,was associated with,amelioration of aut
accumulation of Tau in 6xTg mice,was associated with,amelioration of autophagy impairment
administration,was associated with,amelioration of autophagy impairment
accumulation of Tau in 6xTg mice,was associated with,amelioration of Tau-mediated lysosomal stress
administration,was associated with,amelioration of Tau-mediated lysosomal stress
accumulation of both Tau and Aβ,was associated with,amelioration of Tau-mediated lysosomal stress and autophagy impairment
accumulation of Tau and Aβ in 6xTg mice,was associated with,amelioration of Tau-mediated lysosomal stress and autophagy impairment
subtype,was associated with,amnestic cognitive impairment
plasma phosphorylated tau217 and plasma phosphorylated tau181,predict,among culturally different Asian populations
Amyloid-β,be associated with,amplified prognostic capacity of plasma NfL
amyloid-β,may be associated with,amplified prognostic capacity of plasma NfL
Amyloid-β,may be associated with,amplified prognostic capacity of plasma NfL
hypertension,be associated with,amplified prognostic capacity of plasma NfL
hypertension,may be associated with,amplified prognostic capacity of plasma NfL
agent,has the ability to,amplify mitochondrial functionality
hydralazine,has the ability to,amplify mitochondrial functionality
preclinical tau deposition,in,amygdala
amyloid,was associated with,amygdala atrophy
Impaired group,in,amyloid
neuropathologies,include,amyloid
ability,was to predict,amyloid (18F-florbetapir) PET binding
proximity to age of parental dementia onset,can predict,amyloid accrual
Alzheimer's disease pathology,is associated with,amyloid accumulation
CSF levels of SMOC1,are associated with,amyloid accumulation
glial fibrillary acidic protein,influences,amyloid accumulation
plasma levels of SMOC1,are associated with,amyloid accumulation
processes associated with Alzheimer's disease pathology,include,amyloid accumulation
SMOC1,is associated with,amyloid accumulation in plasma and CSF
blood-based biomarkers,to predict risk of,amyloid and tau ability
blood-based biomarkers,of,amyloid and tau ability
levels of SMOC1 in plasma and CSF,are associated with,amyloid and tau accumulation
plasma and CSF levels of SMOC1,are associated with,amyloid and tau accumulation
SMOC1 levels in plasma and CSF,is associated with,amyloid and tau accumulation
Molecular PET imaging,can visualize,amyloid and tau pathology
Alzheimer's disease,is associated with,amyloid beta
biomarker changes,were either,amyloid beta
memory decline in older adults,regardless of,amyloid beta
Phospho-tau proteins,combined pathological impacts,amyloid beta
predictive accuracy of blood-based biomarkers,for,Amyloid beta
tau protein,like,amyloid beta
Alzheimer's disease (AD)-related plasma markers,are associated with,amyloid beta (Aβ) deposition
Alzheimer's disease (AD)-related plasma markers,are not associated with,amyloid beta (Aβ) deposition
Alzheimer's disease (AD)-related plasma markers,are not associated with,amyloid beta (Aβ) deposition at other pathological stages
seed amplification assay,was associated with,amyloid beta (Aβ) pathology
Alzheimer's disease,is associated with,amyloid beta (Aβ) plaques
altered levels of all biomarkers,except,amyloid beta (Aβ)42/40 and GFAP
altered levels of all biomarkers,except,"amyloid beta (Aβ)42/40, GFAP, and total tau"
Alzheimer's disease (AD) progression,is associated with,"amyloid beta 1-38, or Aβ(1-38)"
Alzheimer's disease,is caused by,amyloid beta accumulation
APOE genotype,is associated with,amyloid beta accumulation
phospho-tau proteins,combined,amyloid beta aggregates
p-tau217,predicted,Amyloid beta Amyloid beta
Logistic regression analysis,revealed that,Amyloid beta Amyloid beta predicted Aβ PET positivity
Alzheimer's disease,is associated with,amyloid beta deposition
Alzheimer's disease pathology,is associated with,amyloid beta deposition
PP,resulted in,amyloid beta deposition
PP,caused,amyloid beta deposition
age-related inflammatory signaling,contributes to,amyloid beta generation
age-related inflammatory signaling,drives,amyloid beta generation
Tau hyperphosphorylation,results in,amyloid beta generation
Alzheimer's disease AD,is caused by,amyloid beta ε4-modified amyloid beta burden
periventricular Alzheimer's disease signals,are associated with,amyloid beta ε4-modified amyloid beta burden
two waves of detrimental neuroinflammation effects,associated with,amyloid beta or tau
plasma phosphorylated tau181,predict,amyloid beta positive
plasma phosphorylated tau217,predict,amyloid beta positive
plasma phosphorylated tau217 and plasma phosphorylated tau181,effectively,amyloid beta positive
goal,to predict,Amyloid beta positron emission tomography (PET) positivity
goal,was to predict,Amyloid beta positron emission tomography (PET) positivity
relationships between these factors,were used to predict,Amyloid beta positron emission tomography (PET) positivity
these factors,were used to predict,Amyloid beta positron emission tomography (PET) positivity
these factors,used to predict,Amyloid beta positron emission tomography (PET) positivity
C-C motif ligand 2,is associated with,amyloid beta positron emission tomography status
Chitotriosidase 1,is associated with,amyloid beta positron emission tomography status
glial fibrillary acidic protein,is associated with,amyloid beta positron emission tomography status
Interleukin-8,is associated with,amyloid beta positron emission tomography status
microtubule-associated protein tau,is associated with,amyloid beta positron emission tomography status
phosphorylated tau,is associated with,amyloid beta positron emission tomography status
genes,associated with,amyloid burden
higher AD biomarkers,include,amyloid burden
identification,was associated with,amyloid burden
proteins,associated with,amyloid burden
PVeD,is associated with,amyloid burden
Aβ(ice),impact of,amyloid cascade
Aβ(ice),has no impact on,amyloid cascade
biomarkers,impact,amyloid cascade
interest in Aβ(ice),has never been associated with,amyloid cascade
APOE4 allele,is associated with,amyloid clearance
variants,are associated with,amyloid clearing-related proteomic changes
APOE (apolipoprotein E) ɛ4/ɛ2 noncarriers,are associated with,amyloid deposition
APOE4 allele,is associated with,amyloid deposition
hyperphosphorylation and aggregation of tau,is caused by,amyloid deposition
hyperphosphorylation and aggregation of tau,because of,amyloid deposition
hyperphosphorylation and aggregation of tau,due to,amyloid deposition
hypothesis,was that,amyloid deposition causes the hyperphosphorylation and aggregation of tau
hyperphosphorylation and aggregation of tau,is caused by,amyloid deposition's downstream responses
hyperphosphorylation and aggregation of tau,is caused by,amyloid deposition's effects
hyperphosphorylation and aggregation of tau,is caused by,amyloid deposition's influence
more rapid episodic memory decline,as a function of,amyloid duration
more rapid episodic memory decline,due to,amyloid duration
human apolipoprotein E glycans,are associated with,amyloid β (Aβ)
presenilin 1 variants,have different effects on,amyloid β production
Apolipoprotein E,has established role in,amyloid β-protein metabolism and deposition
vascular pathologies,have synergistic influence on,amyloid pathologies
APOE genotypes,impact,amyloid pathology
APOE genotypes,have different impacts on,amyloid pathology
APOE genotypes,has impact on,amyloid pathology
dense-cored pathology,are all types of,amyloid pathology
diffuse pathology,are all types of,amyloid pathology
increase in tau phosphorylation and aggregation,occurred without significant impact on,amyloid pathology
older mice,did not significantly affect,amyloid pathology
proteins SMOC1 and CNN3,are highly associated with,amyloid pathology
vascular pathology,are all types of,amyloid pathology
Lobar CMBs,were not associated with,amyloid pathology in the MCI-ADD group
ADNI,with,amyloid PET
AD diagnosis,is associated with,amyloid PET burden
liver enzymes,are associated with,amyloid PET burden
whole brain functional connectivity,is a better predictor of,amyloid PET models
separate models,were developed to predict,amyloid PET signal in the cortical composite region
separate models,were developed to predict,amyloid PET signal in the posterior cingulate region
models,were developed to predict,amyloid PET signal in the precuneus region
blood-based biomarkers,are highly associated with,amyloid PET/CSF results
individuals with advanced tau pathology,only in,amyloid plaque burden
the treatments,may extend beyond,amyloid plaques
treatments,may extend beyond,amyloid plaques
many,are not,amyloid positive
many Alzheimer's disease trial participants,are not,amyloid positive
many participants,are not,amyloid positive
participants,are not,amyloid positive
participants,categorized as,amyloid positive
individuals with cognitive impairment,was associated with,Amyloid positron emission tomography (PET) burden
individuals with cognitive impairment,with,Amyloid positron emission tomography (PET) burden
amyloid composite biomarker,can predict,amyloid positron emission tomography positivity
its impact,on,amyloid positron emission tomography positron emission tomography trajectories
amyloid protein,is a form of,amyloid protein
cerebral blood flow,are synergistically associated with,amyloid protein
Deming regression line,when excluding data points from,amyloid remover class
assays,were used to predict,amyloid status
biomarkers,were able to predict,amyloid status
"clinical, blood biomarker, and ethnicity/race differences",associated with,amyloid status
prevalence estimates of CMBs,were associated with,amyloid status
plasma amyloid-beta,and,amyloid-beta
Alzheimer's disease,is diagnosed and predicted using,amyloid-beta (Aβ) and phosphorylated Tau (p-Tau)
Alzheimer's disease progression,is diagnosed and predicted using,amyloid-beta (Aβ) and phosphorylated Tau (p-Tau)
Alzheimer's disease progression,is predicted and diagnosed using,amyloid-beta (Aβ) and phosphorylated Tau (p-Tau)
biomarkers,predict,amyloid-beta accumulation
disruption of brain insulin pathways,contributes to,amyloid-beta accumulation
Alzheimer's disease,can be predicted using,amyloid-beta and tau pathways
disease's underlying causes,include,amyloid-beta deposition
APOE ε4,plays a role in influencing,amyloid-beta metabolism
APOE ε4,influence is on,amyloid-beta metabolism
apolipoprotein E,influences,amyloid-beta pathologies
breakdown of neural connectivity,is caused by,amyloid-beta plaques
decline,is primarily due to,amyloid-beta protein deposition
Misfolded tau proteins spreading through functional connections,in,amyloid-beta-negative participants
Misfolded tau proteins spreading through functional connections,in,amyloid-beta-positive participants
RNA metabolism,is associated with,amyloid-induced tauopathy
amyloid-β,is related to,amyloid-β
model,included,amyloid-β
PET measures,included,amyloid-β
ratio,was not associated with,amyloid-β
APOE4 allele,is associated with,amyloid-β (Aβ)
conversion,associated with,amyloid-β (Aβ) and tau
reversion,associated with,amyloid-β (Aβ) and tau
Alzheimer's disease,is associated with,amyloid-β (Aβ) plaques
disease,is associated with,amyloid-β (Aβ) plaques
brain structural changes,are associated with,amyloid-β (Aβ42)
brain structural changes over time,are associated with,amyloid-β (Aβ42)
bile acids (bas),influence,amyloid-β accumulation
APOE ε4 status,predicts,amyloid-β and tau positive versus negative patients
participants,had available measures of,amyloid-β and/or tau
PET,measures of,amyloid-β and/or tau
PTSD,influence,Amyloid-β associated network hypersynchrony expression
TBI,influence,Amyloid-β associated network hypersynchrony expression
Cognitive impairment,is associated with,Amyloid-β depositions
tau protein seeds injections,regardless of,amyloid-β injections
Alzheimer's disease,is associated with,amyloid-β pathology
biomarkers,being strongly associated with,amyloid-β pathology
longitudinal changes in soluble or insoluble p-tau levels,at a given level of,amyloid-β pathology
IGF1R signaling,impact on,amyloid-β peptides
IGF1R signaling,impact of,amyloid-β peptides and insulin trafficking at the BBB
insulin-like growth factor and insulin receptor (IGF1R and IR) signaling,impact on,amyloid-β peptides and insulin trafficking at the BBB
amyloid-β peptides cleavage,results in,amyloid-β peptides production
Amyloid-β peptides cleavage,results in,amyloid-β peptides production
inhibition of PPARγ signaling,results in,amyloid-β peptides production
amyloid-β positive participants temperatures,did not have a significant impact on,amyloid-β positive participants three freeze-thaw cycles
longitudinal atrophy,was associated with,amyloid-β positron emission tomography positivity
immune proteins in peripheral circulation,influence,amyloid-β progression rate
clearing pathological tau protein,may improve function later than,amyloid-β removal
clearing pathological tau protein,may improve,amyloid-β removal
circadian rhythms,were associated with,amyloid-β tau
plasma amyloid-β and tau concentrations,are not associated with,amyloid-β tau amyloid-β tau severity among individuals presenting with Alzheimer's disease AD
oligomeric amyloid-β,causes,amyloid-β tau protein pathology
Alzheimer disease biomarkers,is associated with,amyloid-β uptake
CSF PDGFRβ levels,were not associated with,amyloid-PET
Aβ1-42/1-40 ratios,remained low in,amyloid-positive dementia groups
Plasma p-tau181,was the best standalone biomarker to differentiate,amyloid-positive from amyloid-negative Dementia with Lewy bodies cases
traditional imaging techniques,in,amyloid-positive MCI patients
number of copies of the APOE ε4 allele,is associated with,amyloid-related imaging abnormalities
apolipoprotein E epsilon 4 allele,influences,amyloid-related imaging abnormalities risk
Alzheimer's disease,is associated with,amyloid-related mood disturbances
effect of CRP-lowering through variation in the gene encoding IL-6 receptor,may be associated with,amyloid-related outcomes
CRP,via,amyloid-related pathologies
Interleukin (IL)-6 signaling,is associated with,amyloid-related pathologies
interleukin (IL)-6 signaling,influence on,amyloid-related pathologies
Alzheimer's disease risk score (PRS),was associated with,amyloid-SUVR
APOE -ε4 status,influence,amyloid-tau interval
APOE -ε4 status,examined the influence of,amyloid-tau interval
APOE-ε4 and sex,influenced,amyloid-tau interval
sex,interaction on,amyloid-tau interval
sex interaction,examined the influence of,amyloid-tau interval
time to symptom onset,based on,amyloid-tau interval
TNF-α,impact on,amyloidogenic processes
impact of TNF-α,on,amyloidogenic processes in AD
pathways,connecting,amyloidosis
several signalling pathways,are associated with,amyloidosis
Alzheimer's disease with brain-specific changes in p-tau,is associated with,amyotrophic lateral amyotrophic lateral sclerosis
increases in peripheral p-tau levels,is associated with,amyotrophic lateral amyotrophic lateral sclerosis
six proteins,were associated with,amyotrophic lateral sclerosis
RA,causes,amyotrophic lateral sclerosis (ALS)
amyotrophic lateral sclerosis,is associated with,amyotrophic lateral sclerosis functional scores
NfL,is associated with,amyotrophic lateral sclerosis functional scores
amyotrophic lateral sclerosis,associated with,amyotrophic lateral sclerosis progression
NfL measured in cerebrospinal fluid or blood,is associated with,amyotrophic lateral sclerosis progression
increases in plasma phosphorylated tau,were significantly smaller than,amyotrophic lateral sclerosis versus controls
increases in plasma phosphorylated tau,were significantly smaller for,amyotrophic lateral sclerosis versus controls
several therapeutic approaches,lead to,an approved disease-modifying treatment
summary statistics of significant plasma protein level PGSs,were used as,an exposure
nucleoplasm compartment,is associated with,analyses
Aβ-PET assessments,were included for,analysis
cerebrospinal fluid Aβ-42,was associated with,analysis
CSF Aβ42/40 assessments,were included for,analysis
Phosphorylated Tau (p-Tau),was associated with,analysis
machine learning techniques,were utilized to,analyze dietary patterns
two-sample Mendelian randomization method,was used to,analyze the genetic variants
causal effect between infectious mononucleosis and NDs,will be,analyzed
APOE,may be significantly impacted by,ancestral background
pathways connecting amyloidosis,associated with,anchored component of the plasma membrane
pathways connecting amyloidosis,are associated with,anchored component of the plasma membrane
pathways connecting amyloidosis with synapse physiology,are associated with,anchored component of the plasma membrane
synapse physiology,is associated with,anchored component of the plasma membrane
increased protein levels,were mainly associated with,angiogenesis
increased protein levels,associated with,angiogenesis
increased protein levels,were associated with,angiogenesis
condition,is associated with,angiogenic imbalance
Omega-3 polyunsaturated fatty acids,show,animal studies
adaptive model,is used to predict,annualized-rate-of-change
PD motor progression,is caused by,another factor
Combined administration,led to,antagonistic effects
therapeutic efficacy,is particularly influenced by,anti-amyloid interventions
increased risk of amyloid-related imaging abnormalities (ARIA),during,anti-amyloid therapy
individual with Apolipoprotein E4,sensitivity to,anti-anxiety effects of metformin
ARIAs,are a key risk associated with,anti-Aβ antibody treatments
key risk,is associated with,anti-Aβ antibody treatments
individuals,would benefit from,antiamyloid therapies
individuals,benefit from,antiamyloid therapies
eight,were associated with,ANX
AD biomarkers,is associated with,anxiety
AD biomarkers,are associated with,anxiety
Apolipoprotein E4 (ApoE4),is associated with,anxiety
cognitive changes,are associated with,anxiety
depression,associated with,anxiety
NPS,are associated with,anxiety
emotional state,play a role in,anxiety disorders
medial amygdala to retrosplenial connectivity,was negatively associated with,anxiety symptoms
Twenty-one GMs,associated with,"any dementia, Alzheimer's disease, vascular dementia, Lewy body dementia, Parkinson's disease, and dementia under other disease classifications"
there,was no increased risk of,any of the four neurodegenerative diseases
PM,was identified between,any other neurodegenerative diseases
causal associations,were not affected by,any SNPs
results,were not influenced by,any SNPs
Aβ-induced tau pathology,is caused by,Aβ
APOE ɛ4,was associated with,Aβ
complex pathway,is caused by,Aβ
core fluid biomarkers,are associated with,Aβ
disease progression,due to,Aβ
p-tau217,is associated with,Aβ
plasma p-tau progression,was more strongly associated with,Aβ
all plasma biomarkers,except,Aβ 42/40
baseline p-tau217,associated with,Aβ accumulation
chronic exposure to environmental copper,causes,Aβ accumulation
decrease in Aβ42 and Aβ40 levels in CSF,is due to,Aβ accumulation
GFAP,associated with,Aβ accumulation
neuroinflammation,and,Aβ accumulation
chronic exposure to environmental copper,may lead to,Aβ accumulation in AD
environmental copper exposure,causes,Aβ accumulation in AD
CSF p-tau(181),was associated with,Aβ aggregation on PET
specific amino acid domains of Aβ,associated with,Aβ aggregation/dissociation
design and discovery of next-generation dual-targeting drugs,for,Aβ and tau
Episodic memory performance,is not significantly associated with,Aβ and tau
Aβ and tau antibodies,combination therapy of,Aβ and tau antibodies
Aβ and tau antibodies,is being investigated,Aβ and tau antibodies
Aβ and tau antibodies combination therapy,is being investigated,Aβ and tau antibodies
C1q,mediates the relationship between,Aβ and tau pathologies
APOE genotype,influences,Aβ and tau pathology
APOE genotype,has influence on,Aβ and tau pathology
APOE genotype,influence,Aβ and tau pathology
changes,were associated with,Aβ and tau pathology
complex pathophysiology,associated with,Aβ and tau pathology
complex pathophysiology of Aβ and tau pathology,is associated with,Aβ and tau pathology
changes in cognitive function,are caused by,Aβ and tau pathology together
proteins,were associated with,Aβ and tau tangles
proteins,associated with,Aβ and tau tangles
Alzheimer's disease atrophy-based severity,was associated with,Aβ burden
medial temporal lobe involvement,was associated with,Aβ burden
maternal history (at any age),associated with,Aβ burden among asymptomatic older individuals
paternal history of early-onset memory impairment,associated with,Aβ burden among asymptomatic older individuals
each individually,mediated the impact of,Aβ burden on attention decline
each individually mediated,the impact of,Aβ burden on attention decline
individually mediated,the impact of,Aβ burden on attention decline
each individually mediated,the impact of,Aβ burden on memory decline
plasma p-tau181,can contribute to identify,Aβ copathology Dementia with Lewy bodies DLB
APOE,impact on,Aβ deposition
baseline Neurofilament Light levels,associated with,Aβ deposition
C-reactive protein,was inversely associated with,Aβ deposition
impact,on,Aβ deposition
its impact,on,Aβ deposition
rate of change,associated with,Aβ deposition
treatment,reduced,Aβ deposition
neuroinflammation,was associated with,Aβ deposits (low concentration in CSF)
peripheral inflammatory markers,were not directly associated with,Aβ or tau load
amyloid β (Aβ),and downstream,Aβ pathogenesis in AD
accelerated disease progression,due to,Aβ pathology
APOE genotype,influences,Aβ pathology
changes in cognitive function,are caused by,Aβ pathology
plasma p-tau217 and Aβ42/40 levels,are being used to predict,Aβ pathology development
plasma p-tau progression,associated with,Aβ PET and GFAP progression
Amyloid beta Amyloid beta,predicted,Aβ PET positivity
individual timing of plasma p-tau progression,was strongly associated with,Aβ PET progression
p-tau181 and p-tau231,predicted,Aβ positivity
predictive performance of the biomarkers,can be improved for,Aβ positivity on PET
phosphorylated tau (p-tau)217 and Aβ42/40 from the Lumipulse G p-tau217 and β-amyloid ratio (1-42/1-40) tests,"combined, to predict",Aβ positron emission tomography status
longitudinal changes in a subset of candidate proteins,predicted,Aβ progression
longitudinal changes in a subset of candidate proteins,also predicted,Aβ progression
greater tau burden,independently of,Aβ status
longitudinal temporal lobe tau,is associated with,Aβ status
memory decline,regardless of,Aβ status
Aβ+ cognitive impaired (CI) group,compared to,Aβ- cognitive unimpaired (CU) group
factors,contributed to,Aβ-aggregation scores
controversy,due to,Aβ-focused interventions
αSyn co-pathology,may specifically contribute to,Aβ-induced aggregation of tau
high oxidative stress,led to,Aβ-induced inflammasome activation
grey-matter atrophy,was not associated with,Aβ-PET changes
plasma p-tau217(Janssen),was more strongly associated with,Aβ-PET load
plasma phosphorylated-tau 217,was more strongly associated with,Aβ-PET load
baseline CSF soluble TREM2,is significantly associated with,Aβ-PET rate of change
baseline CSF soluble TREM2,is associated with,Aβ-PET rate of change
paternal history,is associated with,Aβ-PET SUVR of 1.09
paternal history of early-onset memory impairment,is associated with,Aβ-PET SUVR of 1.19
atrophy of the hippocampus,distinctively influenced,Aβ-related attention decline
atrophy of the posterior nucleus basalis of Meynert,influenced,Aβ-related attention decline
cognition in AD,is associated with,Aβ-related pathogenesis
reduced neurotrophic support,may increase vulnerability to,"Aβ-related tau hyperphosphorylation, neuronal dysfunction, and cognitive decline"
it,is not associated with,Aβ(42)/Aβ(40)
KLOTHO-VS heterozygosity,was positively associated with,Aβ(42/40) ratio
amyloid cascade,has never been associated with,Aβ(ice)
increased density of synapses,was due to,Aβ(ice) animals
faster cognitive decline,particularly in,Aβ+
Tau deposition,in,Aβ+ participants
disease,is associated with,Aβ42 levels
phosphorylated tau (p-tau)217,assessed the ability of,Aβ42/40 from the Lumipulse G p-tau217 and β-amyloid ratio (1-42/1-40) tests
chronic pain,did not interact to predict,"Aβ42/Aβ40, t-tau, or NfL levels"
hs-CRP,did not interact to predict,"Aβ42/Aβ40, t-tau, or NfL levels"
cerebrospinal fluid hyperactivity,is associated with,apathy
Tau pathology levels in plasma,were not associated with,apathy and affective neuropsychiatric symptoms
right fusiform gyri,were associated with,apathy factor
right fusiform gyri,associated with,apathy factor
right Neuropsychiatric symptoms,were associated with,apathy factor
right Neuropsychiatric symptoms,associated with,apathy factor
researchers/authors,found,apathy sub-syndrome was associated with cerebrospinal fluid t-tau/Aβ(42)
researchers/authors,found,apathy sub-syndrome was associated with microbleed
cis-Mendelian randomization bias correction estimating equation locus,applied,"APOA1, APOC1, and PCSK9 as likely causal proteins for LDL-C, HDL-C, and TG"
Aβ deposition in LBD,was associated with,APOE
Cardiovascular disease,did not influence,APOE
Cardiovascular disease components,did not influence,APOE
causal variants,nearby gene,APOE
S2 -> MCI+/AD,was also associated with,APOE
sex,influence,APOE -ε
APOE -ε4 status,influence of,APOE -ε4 status
sex,influence,APOE -ε4 status
Aβ,was associated with,APOE ɛ4
Aβ and tau tangles,were associated with,APOE ɛ4
proteins associated with Aβ and tau tangles,were associated with,APOE ɛ4
white matter hyper-intensities,were associated with,APOE abundance in plasma
inhibition,is due to,APOE deficiency
influence of sub haplotypes,on,APOE expression and AD progression
Alzheimer's disease,is influenced by,APOE genotype
amyloid clearance,were not directly impacted by,APOE genotype
amyloid deposition,were not directly impacted by,APOE genotype
Biomarkers of Alzheimer's disease pathology,are influenced by,APOE genotype
biomarkers of Alzheimer's disease pathology,are influenced by,APOE genotype
brain pericyte-like cells properties,were not directly impacted by,APOE genotype
energy metabolism,was influenced by,APOE genotype
patterns,were associated with,APOE genotype
Aβ pathology,is influenced by,APOE genotype and other factors
tau pathology,is influenced by,APOE genotype and other factors
CSF profiles,were not associated with,APOE genotype tau CSF biomarkers
high-amyloid CSF profiles,were not associated with,APOE genotype tau CSF biomarkers
critical values of cerebrospinal fluid biomarkers,are influenced by,APOE ε4
diagnostic performances of cerebrospinal fluid biomarkers,are influenced by,APOE ε4
performances of CSF biomarkers,are influenced by,APOE ε4
sleep,interact with,APOE ε4
sleep,interaction with,APOE ε4
Alzheimer disease (AD) dementia,is associated with,APOE ε4 allele
cognitive decline,is influenced by,APOE ε4 allele
genetic factors,interact with,APOE ε4 allele
Hcy,depending on the presence of,APOE ε4 allele
non-APOE polygenic risk score,may interact with,APOE ε4 allele
Alzheimer disease (AD),is associated with,APOE ε4 allele copy number
ability of the rate of change in the PiB-PET measures,was influenced by,APOE ε4 carrier status
MHT use,in interaction with,APOE ε4 carrier status
Hcy,was not associated with,APOE ε4 carriers
phosphorylated tau 217,in,APOE ε4 carriers
those with no apparent cause,differ in,APOE ε4 carriers
those with somatic comorbidities and Psy,differ in,APOE ε4 carriers
combined effect of the currently known genetic variants,is more detrimental among,APOE ε4 carriers around age 70
p-tau181,was the only biomarker to remain significantly associated with,APOE ε4 carriers status
P-tau181,was the only biomarker to remain significantly associated with,APOE ε4 carriers status
prevalence estimates of CMBs,were associated with,APOE ε4 copy number
cardiometabolic health,beyond,APOE ε4 effects
Treatments,should not be given to,ApoE ε4 homozygotes
AD/MCI,in,APOE ε4 non-carriers
phosphorylated tau 217,in,APOE ε4 non-carriers
extended-release formulation of levetiracetam,slows entorhinal cortex atrophy in,APOE ε4 non-carriers with mild cognitive impairment due to Alzheimer's disease
Aβ42 levels,modulated by,APOE ε4 status
longitudinal cortical atrophy,was not associated with,APOE ε4 status
identified ε4 allele haplotypes,impact on,APOE protein levels in cerebrospinal fluid
ε4 allele haplotypes,impact on,APOE protein levels in cerebrospinal fluid
ε4 allele haplotypes,on,APOE protein levels in cerebrospinal fluid
effect,was partly due to,APOE status
effect,was due to,APOE status
effect of retinal nerve fiber layer thickness on dementia risk,was partly due to,APOE status
amyloid-tau interval,was influenced by,APOE- ε4
timing of amyloid and tau PET positivity,was influenced by,APOE- ε4
CSF biomarker,was associated with,APOE-ɛ4
proteins,were associated with,APOE-4
Alzheimer's disease,is associated with,APOE-dependent processes
statin initiation,occurs when,APOE-e4 allele presence
missense lead variant rs429358,contributes to,APOE-E4 haplotype
AD biomarkers,are associated with,APOE-ε4
astrocyte-endothelia interactions,due to,APOE-ε4
biomarker levels,were associated with,APOE-ε4
sex,was associated with,APOE-ε4
ARIA,associated with,APOE-ε4 allele
drug treatment,is associated with,APOE-ε4 allele
specific neuropsychiatric adverse events,are associated with,APOE-ε4 allele
better cognitive and brain health,among,APOE-ε4 and APOE-ε2 carriers
over 40% of proteins,independently of,APOE-ε4 carrier status
proteins,were associated with,APOE-ε4 carriers
sex effects,were not influenced by,APOE-ε4 effects
peripheral nervous system degeneration,is associated with,ApoE-ε4 isoform
sex differences,in,APOE-ε4's association with tau pathology mechanisms in AD
Aβ positivity,was significantly associated with,APOE-RS
apathy,is not a symptom associated with,ApoE-specific isoforms
apathy,is not associated with,ApoE-specific isoforms
Aβ pathology,promoted by,APOE(ε4)
ApoE4,has a greater impact than,ApoE2 and ApoE3
individuals at increased genetic risk,due to,APOE4
Alzheimer's Disease pathology,is impacted by,ApoE4 allele
Amyloid-β,were more strongly associated with,APOE4 carriers
tau,were more strongly associated with,APOE4 carriers
effects of hypoperfusion on cognitive impairment,in,APOE4 carriers and non-carriers
decline,was associated with,APOE4 carriers with middle tertiles of NfL levels
episodic memory trajectories,depending on,APOE4 genotype
BCHE-K,no observed influence of,APOE4 noncarriers
subtypes,were associated with,APOE4 status
low physical activity,in combination with,ApoE4-carrier genotype
ApoE4-noncarriers,accumulated less than,ApoE4-carriers
β-amyloid deposition,differed between,ApoE4-carriers and noncarriers
HbA1c,contributes to,APOE4-related cognitive and olfactory impairment
distinct DAM signatures,induced by,ApoeCh
Hispanic group,ethnicity independently predicted,apol
Non-Hispanic Black group,ethnicity independently predicted,apol
Apolipoprotein (APOE) ε4 allele,independently predicted,Apolipoprotein (APOE) ε4 allele
diabetes,independently predicted,Apolipoprotein (APOE) ε4 allele
Hispanic group ethnicity,independently predicted,apolipoprotein (APOE) ε4 allele
hypertension,independently predicted,apolipoprotein (APOE) ε4 allele
non-Hispanic Black group ethnicity,independently predicted,apolipoprotein (APOE) ε4 allele
tobacco dependence,independently predicted,apolipoprotein (APOE) ε4 allele
biomarkers,include,apolipoprotein B
Alzheimer's disease,is impacted by,apolipoprotein E
Alzheimer's disease (AD),associated with,Apolipoprotein E
anxiety,associated with,Apolipoprotein E
Aβ pathology,in the presence of,apolipoprotein E
bioenergetic pathways,are involved in mediating the impact of,Apolipoprotein E
depression,associated with,Apolipoprotein E
impact of E(2) on behavior and Alzheimer's disease in vivo,was modulated by,apolipoprotein E
Lewy body dementia,including,apolipoprotein E
phosphorylated tau interactions,are influenced by,apolipoprotein E
autosomal dominant Alzheimer's disease (ADAD),influenced by,Apolipoprotein E (APOE) genotypes
disease,is influenced by,Apolipoprotein E (APOE) genotypes
disease,influenced by,Apolipoprotein E (APOE) genotypes
biomarkers,were associated with,apolipoprotein E (APOE) ε4
apolipoprotein E ε4 allele,relationship between,apolipoprotein E (APOE) ε4 allele
Alzheimer's disease (AD) polygenic risk score,is associated with,apolipoprotein E genotype
drugs,are influenced by,apolipoprotein E genotype
drugs,can be influenced by,apolipoprotein E genotype
effects of the drugs,can be influenced by,apolipoprotein E genotype
plasma biomarker levels,could be influenced by,apolipoprotein E genotype
neurobiology of neuropsychiatric symptoms,is influenced by,Apolipoprotein E genotypes
Aβ pathology,in the presence of,apolipoprotein E impacts the response to Alzheimer's disease circulating estradiol supplementation post-menopause
goal,was to determine whether,apolipoprotein E modulates the impact of E(2) on behavior and Alzheimer's disease in vivo
our goal,was to determine whether,apolipoprotein E modulates the impact of E(2) on behavior and Alzheimer's disease in vivo
amyloid beta (Aβ) deposition,were associated with,apolipoprotein E ε4
increases in amyloid beta (Aβ) deposition,were associated with,apolipoprotein E ε4
results,were associated with,apolipoprotein E ε4
Alzheimer's disease,was associated with,apolipoprotein E ε4 allele
elevated plasma homocysteine,is associated with,apolipoprotein E ε4 allele
phosphorylated tau 217,in,apolipoprotein E ε4 non-carriers
predictive value,was stronger in,apolipoprotein E ε4 noncarriers
Diacylglycerols,are the top,Apolipoprotein E plasma metabolites
Alzheimer's Disease pathology,is impacted by,apolipoprotein E type ∊4 allele (ApoE4)
Alzheimer's Disease pathology,is influenced by,apolipoprotein E type ∊4 allele (ApoE4)
condition,is associated with,apolipoprotein E-mediated dyslipidemia
cases,examined,apolipoprotein E's influence on phosphorylated tau interactions
more rapid episodic memory decline,associated with,Apolipoprotein E4
Alzheimer's disease (AD),associated with,Apolipoprotein E4 (ApoE4)
anxiety,associated with,Apolipoprotein E4 (ApoE4)
depression,associated with,Apolipoprotein E4 (ApoE4)
accelerated decline in episodic memory,is due to,Apolipoprotein E4 carriers
decline in episodic memory,among,Apolipoprotein E4 carriers
Apolipoprotein E ε4,can jointly cause,appearance of cognitive impairment
interaction,may jointly lead to,appearance of cognitive impairment
sleep disorders,can jointly cause,appearance of cognitive impairment
distinctive cognitive trajectories,are predicted by,application of multiple levels of tau
cognitive decline,was predicted,application of regional sensitivity/specificity thresholds
several therapeutic approaches,lead to,approved disease-modifying treatment
synaptotoxic tau,was present in,aqueous extracts of human AD brain
synaptotoxic tau,present in,aqueous extracts of human brain
"combination of Aβ(42/40) (Simoa), p-tau-181, and NfL",resulted in,"area under the curve of 0.90 (95% confidence interval: 0.80, 0.95)"
combination of small RNAs,with,area under the receiver-operator curve of ∼0.7
early tau deposition,in,areas related to Alzheimer's disease
ApoE-ε4 isoform,underlying mechanism of,ARHL
underlying mechanism,was associated with,ARHL
APOE4,predicted,ARIA
proteins associated with incident LOAD group,includes,ARL2
proteins associated with incident LOAD group,include,ARL2
Longitudinal Evaluation of Amyloid Risk and Neurodegeneration (LEARN) studies,suggest that,arterial stiffness may contribute to Alzheimer's disease pathogenesis and progression
studies,suggest that,arterial stiffness may contribute to Alzheimer's disease pathogenesis and progression
A4 trial,suggest,arterial stiffness may contribute to Alzheimer's disease pathogenesis and progression via tau pathology
Anti-Amyloid Treatment in Asymptomatic Alzheimer's (A4) randomized clinical trial,suggests that,arterial stiffness may contribute to Alzheimer's disease pathogenesis and progression via tau pathology
LEARN studies,suggest,arterial stiffness may contribute to Alzheimer's disease pathogenesis and progression via tau pathology
retaining participants in clinical trials for the full clinical trial duration,is therefore,as important as participant recruitment
CYP21A2 deficiency,increases the risk of,ASD
pathways of CYP21A2 deficiency,may increase the risk of,ASD
approach,is used to,assess potential causal relationships
Mini-Mental State Examination (MMSE),for,assessment
Mini-Mental State Examination (MMSE),is used for,assessment
Preclinical Alzheimer Cognitive Composite (PACC),for,assessment
biomarker operationalizations,impact on,assessment of disease severity
causal disease variants of tau,change,associated molecular and cellular processes
causal disease variants of tau,have an impact on,associated molecular and cellular processes
causal disease variants of tau,have an influence on,associated molecular and cellular processes
analysis,supported,association
limited studies,have investigated,association between age and plasma p-tau
limited studies,investigated,association between age and plasma p-tau
COX regression analysis,was used to investigate,association between baseline plasma proteins and future cognitive outcomes
MRI,may be influenced by,association between FTP-PET and cognitive decline
MRI,influences,association between FTP-PET and cognitive decline
Diabetes mellitus,influenced,association between plasma NfL and changes in ADAS-Cog scores
sex difference,was evident for,association between RPS6KB1 and all-cause dementia
biomarker,is due to,association with brain Aβ pathology and tau pathology
amyloid-related imaging abnormalities,are concerning due to,association with cerebral edema and hemorrhage
biomarker,is due to,association with tau pathology and brain Aβ pathology
impact of health-related comorbidities,on,associations
single-nucleotide polymorphisms associated with body mass index,excluding,associations
researchers,evaluated,associations and impact of health-related comorbidities
researchers or study authors,evaluated,associations and the impact of health-related comorbidities
hypertension,had a moderating influence on,associations between cerebrospinal fluid YKL-40 and p-tau and t-tau
amyloid-β-positive participants,resembled,associations results in other cognitive scores
Tau-MaX,significantly improved,associations with global cognition
inhibitors,increased the risk of,asthma
these inhibitors,increased the risk for,asthma
inhibitors,increased the risk of,asthmatic pneumonia
these inhibitors,increased the risk for,asthmatic pneumonia
cohort of 791 elderly individuals,in,astrocyte activation PRS
findings,suggest,astrocyte activation PRS could be useful for early disease risk prediction
fibronectin deposition,disrupts,astrocyte-endothelia interactions
hypertension,impacts,astrocytes
hypertension,have impacts on,astrocytes
neuroinflammation,impacts,astrocytes
neuroinflammation,have impacts on,astrocytes
neuroinflammation and hypertension,impacts on,astrocytes
Anti-Amyloid treatment,is in,Asymptomatic AD (A4) Study
amyloid-beta,predict,asymptomatic amyloid-beta accumulation dynamic phase
plasma amyloid-beta,predict,asymptomatic amyloid-beta accumulation dynamic phase
accumulating intracellular Aβ,may influence,AT-8 pathology
accumulation of intracellular Aβ,may influence,AT-8 pathology
Intracellular Aβ accumulation,may influence,AT-8 pathology
APOE4,for,atherosclerosis patients
metabolites,are associated with,ATN biomarkers
Alzheimer's disease,is characterized by,atrophy
Tau burden,independent of,atrophy
Soluble Aβ dyshomeostasis,triggers,atrophy and decline
Axonal degeneration,is associated with,atrophy and hypometabolism
Fluid neurodegeneration,is associated with,atrophy and hypometabolism
amyloid-PET burden,is associated with,atrophy in AD-relevant regions
continuous baseline plasma p-tau217,is associated with,atrophy in AD-relevant regions
increased NfL level,reflects the current severity of,"atrophy, hypometabolism and the decline of white matter integrity"
A+-specific dimensions,were associated with,attention and memory domains
brain signatures,were associated with,attention and memory domains
CSF biomarkers,were associated with,attention and memory domains
two CSF biomarkers,were associated with,attention and memory domains
Aβ burden,had impact on,attention decline
Plasma NfL levels,were negatively associated with,attention in LBD
deformable registration neural network,with,attention mechanism
acute head-and-neck cooling,is associated with,attenuated concentration of blood biomarkers
higher Aβ burden,was associated with,attenuated CSF p-Tau(181) effects on CSF microglial biomarker increases
"RPDPM with the MMSE, clock test, and Lawton's Index",with an,AUC of 0.945
Alzheimer's disease,risk of could be predicted by,Australian National University Alzheimer Disease Risk Index scores
Alzheimer's disease,risk of can be predicted by,Australian National University Alzheimer Disease Risk Index scores
PI3K/AKT pathway,prevents,autophagic degradation of ferritin
disease-relevant modules,associated with,autophagy
effect,was therefore on,autophagy
the effect,was on,autophagy
Tau-mediated lysosomal stress,and,autophagy impairment
genetic variants,cause,autosomal dominant Alzheimer's disease
clinical onset,in,autosomal dominant Alzheimer's disease (ADAD)
protective causal effects,from,average monthly intake of other alcoholic drinks
risk,had protective causal effects from,average monthly intake of other alcoholic drinks
newly identified sets of exposure outcome causal association evidence,included,average weekly beer plus cider intake
previously underestimated sets of exposure outcome causal association evidence,included,average weekly beer plus cider intake
AD,was causally associated with,"average weekly champagne plus white wine, Danish pastry, and doughnut intake"
pTau217,resulted in,avoiding nearly half tau positrion emissition tomography (PET) scan
AD pathology,causes,axonal degeneration
biomarkers of co-existing pathological processes,are particularly,axonal degeneration
effects of AD pathology,are associated with,axonal degeneration
NfL,is associated with,axonal degeneration
expression of HLA DR,on,B cells
Alzheimer's disease,associated with,BACE1 protein levels
prolonged use of antibiotics,in the treatment of,bacterial infection
prolonged use of antibiotics,in the,bacterial infection treatment
Dual cut-offs,generating,balanced 95% sensitivity/specificity result
resveratrol,exerted,balanced effect
tau amygdala,the,basal and lateral amygdala
loss of cholinergic markers,in,basal forebrain
volume loss,in,basal forebrain (BF)
association between amyloid beta load and global cognitive ratings,was present at,baseline
individuals with corticobasal syndrome,are subtyped and staged,baseline
microglial response,was present at,baseline
contribution,is to,baseline and longitudinal GMV
baseline plasma %p-tau217 and Aβ42/40 levels,were significantly associated with,baseline Aβ-PET
Impaired sleep,associated with,baseline beta-amyloid
Researchers or Investigators,not associated with,baseline beta-amyloid
extent and distribution of future tau accumulation,can be predicted by,baseline connectivity
combination of plasma phosphorylated tau 217,with,baseline digital cognitive assessment combination
goal,was to identify,baseline flortaucipir F 18 PET regional patterns
goal,was to identify,baseline FTP-PET patterns associated with longitudinal changes in each cognitive domain
goal,was to identify,baseline FTP-PET patterns associated with longitudinal changes in each cognitive domain and structural MRI grey matter volumes
obstructive sleep apnea PRS,was associated with,baseline levels of PET amyloid
Aβ positive CN participants,in,baseline Neurofilament Light
Aβ positive MCI participants,in,baseline Neurofilament Light
longitudinal clinical decline,is associated with,baseline Neurofilament light chain levels
rate of increase in amyloid positron emission tomography burden,was predicted by,baseline obesity status
hazard ratio for progression to dementia,associated with,baseline p-tau217
Tau-PET changes,were associated with,baseline p-tau217
subsequent MMSE decline,is predicted by,baseline parahippocampal and lateral temporal tau PET
CU participants with subthreshold baseline Aβ-PET,with,baseline plasma %p-tau217 and Aβ42/40 levels
CU females,in,baseline plasma p-tau217
baseline CSF soluble TREM2,is significantly associated with,baseline tau-PET
subsequent MMSE decline,is predicted by,baseline volume
abnormality in the brain's protein function,is observed at,basic level
causal relationships,were validated by,Bayesian colocalization analysis
brain,is cleared by,BBB
essential nutrients,from,BBB
cognitive decline,caused by,BBB leakiness
disease pathology in the early stages of Alzheimer's disease,caused by,BBB leakiness
age,caused,BBB markers decline in 3xTg-AD mice
linear regression,confirmed,BD-tau to be the strongest variable associated with stroke diameter
causal relationship,was to,be examined
p-tau205 and p-tau231,were also increased during,bear hibernation
it,is not rewritten,"because it's a transitional word, not a dependent clause"
E(2),impact on,behavior
E(2),impacts,behavior
E(2),had impact on,behavior
Apolipoprotein E,modulates,behavior and Alzheimer's disease
E(2),impact on,behavior and Alzheimer's disease
impact of E(2),on,behavior and Alzheimer's disease
E(2),impact on,behavior and Alzheimer's disease in vivo
E(2),impacts,behavior in vivo
cognitive categories,were associated with,behavioral and psychological symptoms
NPI,to understand,behavioral and psychological symptoms
peripheral interleukin-6,is associated with,behavioral and psychological symptoms of dementia in AD
peripheral interleukin-6,is associated with,behavioral and psychological symptoms of dementia severity in AD
genetic risk,impacts,behavioral expressions of memory in preclinical AD
cognitive category,was associated with,behavioral symptoms
cognitive decline,is associated with,behavioral symptoms
cognition,influenced,behaviour
it,adversely influences,behaviour
abrogating phosphorylation at 14 disease-associated serine and threonine residues,influences,behaviour of Tau in live Neuro-2a cells
mimicking phosphorylation at 14 disease-associated serine and threonine residues,influences,behaviour of Tau in live Neuro-2a cells
neuroinflammation,impact of,being considered
phosphorylation,impact of,being explored
Aβ and tau antibodies,Combination therapy of,being investigated
apoE isoforms,effects of,being studied
Class Mollicutes,exerted,beneficial impact in mitigating Alzheimer's disease
genus Clostridiuminnocuumgroup,exerted,beneficial impact in mitigating Alzheimer's disease
genus Eggerthella,exerted,beneficial impact in mitigating Alzheimer's disease
genus Ruminiclostridium9,exerted,beneficial impact in mitigating Alzheimer's disease
societal factors,can enhance,beneficial impact of APOE-ε2 on brain health
societal factors,can enhance,beneficial impact of APOE-ε2 on cognitive outcomes
reduction of amyloid beta protein plaque,is reasonably likely to predict,benefit in clinical outcome measures
dementia subtype,influenced,benefits in quality of life
Amyloid-β biomarkers,display,best predictive ability for longitudinal cognitive decline
neurodegeneration biomarkers,display,best predictive ability for longitudinal cognitive decline
neuroimaging biomarkers,display,best predictive ability for longitudinal cognitive decline
neuroimaging biomarkers,displayed by,best predictive ability for longitudinal cognitive decline
Tau biomarkers,display,best predictive ability for longitudinal cognitive decline
three categories,among,best predictive ability for longitudinal cognitive decline
amyloid beta,is a type of,beta
mature tau,was associated with,beta-amyloid
Tau maturation,is more strongly associated with,beta-amyloid
Alzheimer's disease (AD),is characterized by,beta-amyloid (Aβ) plaques
Alzheimer's disease CSF biomarkers,include,beta-amyloid 42
clinical Alzheimer's disease CSF biomarkers,includes,beta-amyloid 42
clinical Alzheimer's disease CSF biomarkers,including,"beta-amyloid 42, phosphorylated tau 181, and total tau"
"medical history of impaired sleep, informant-reported nighttime behaviors, and sleep-affecting medications",are associated with,beta-amyloid and tau deposition on PET and cognitive change
dementia,can be caused by,beta-amyloid pathology
modifiable risk factors,impact of,beta-amyloid pathology
Mature tau,may be more closely related to,beta-amyloidosis
higher β-amyloid scores,were associated with,better baseline executive functioning
it,is associated with,better cognition
higher serum Ile level,is associated with,better cognition assessment in patients with mild cognitive impairment
finishing high school,was associated with,better cognitive and brain health
less air pollution,was associated with,better cognitive and brain health
resources to satisfy basic needs,was associated with,better cognitive and brain health
absence of the APOE4 allele,is associated with,better cognitive outcomes in older adults at risk for AD
greater midlife cognitive activity,is associated with,better cognitive performance
higher CSF Aβ42 levels,were positively associated with,better cognitive performance
statins,were associated with,better d-scores in non-ε4 carriers
higher HDL-C levels,were significantly associated with,better episodic memory
this,lead to,better outcomes for Essential tremor patients
Combining them with either MRI or cardiovascular measures,resulted in,better performance
combining them with either MRI or cardiovascular measures,resulted in,better performance
Combining them with MRI and cardiovascular measures,resulted in,better performance
Combining them with MRI or cardiovascular measures,resulted in,better performance
combining them with MRI or cardiovascular measures,resulted in,better performance
combining them with one of MRI or cardiovascular measures,resulted in,better performance
combining them with the other measure,resulted in,better performance
statins,were associated with,better scores in carriers
objective,was to,better understand whether anesthesia and/or surgery contribute to cognitive decline
the objective,was to,better understand whether anesthesia contribute to an acceleration of Alzheimer's disease-related pathology
early diagnostic biomarkers,may lead to,better understanding of Alzheimer's disease pathophysiology
findings,contribute to,better understanding of pathogenic mechanisms Alzheimer's disease AD
identification of biomarkers of aging,might lead to,better understanding of the underlying mechanisms of pathological brain aging
biobanking,occurred,between December 2021 and June 2023
patients who underwent cerebrospinal fluid (CSF) Alzheimer's disease (AD) biomarker measurements,were included,between December 2021 and June 2023
treatments,extend,beyond
atrophy of the posterior nucleus basalis of Meynert,in the,BF
complex pathway,results in,BF atrophy
proteins associated with incident LOAD group,were studied in,bi-directional Mendelian randomization analysis
previous meta-analyses,were prone to,bias
previous meta-analyses studies,were prone to,bias
Previous meta-analyses studies,were prone to,bias
indirect associations or spurious causal relationships,potentially misleading or incurring,bias in subsequent decision-making
findings,uncover,bidirectional causal relationships between Alzheimer's disease and hippocampal volumetric traits
Genome-Wide Association Studies,were utilized to assess,bidirectional causal relationships between lipids and Late-Onset Alzheimer's Disease
statistical datasets,utilized to assess,bidirectional causal relationships between lipids and Late-Onset Alzheimer's Disease
robust genetic evidence,supporting,bidirectional causal relationships between migraine and multiple phenotypes
these studies,revealed,bidirectional causal relationships between migraine and multiple phenotypes
amyloid-β,influenced by,Bile acids (BAS)
gut microbiota,influence,bile acids (bas)
tau,influenced by,Bile acids (BAS)
aging,is mediated by,bioenergetic pathways
Apolipoprotein E,involves,bioenergetic pathways
predicted progression to AD dementia,were similar to,BioFINDER test data
baseline Aβ42/40,in,BioFINDER-1
baseline p-tau217,in,BioFINDER-1
longitudinal CSF Aβ42/40,in,BioFINDER-1
greater cognitive decline,for,Biological AD
biological age associated with ε2 allele,was counter-intuitively similar to,biological age associated with ε4 allele
eCRF,is associated with,biomarker accumulation
processes,contribute to,biomarker and drug target discovery
processes,could contribute to,biomarker and drug target discovery
underlying molecular processes,could contribute to,biomarker and drug target discovery
APOE genotypes,impact on,biomarker changes trajectory
ability to validate the impact of multidisciplinary lifestyle interventions,based on,biomarker data
impact,is based on,biomarker data
these processes,could contribute to,biomarker discovery
APOE-ε4,was associated with,biomarker levels
APOE-ε4,were associated with,biomarker levels
sex,was associated with,biomarker levels
sex,were associated with,biomarker levels
researchers,compared,biomarker models
researchers,should take into account,biomarker operationalizations
time to symptom onset,based on,biomarker positivity age
Alzheimer disease risk,is associated with,biomarkers
Alzheimer's disease,is predicted using,biomarkers
Alzheimer's disease pathology,is associated with,biomarkers
Alzheimer's disease progression,is diagnosed using,biomarkers
Alzheimer's disease progression,is predicted using,biomarkers
Alzheimer's disease progression,is diagnosed and predicted using,biomarkers
apolipoprotein B,include,biomarkers
emergence of amyloid-β pathology,is associated with,biomarkers
KLOTHO-VS heterozygosity sαKl levels,association between,biomarkers
KLOTHO-VS heterozygosity sαKl levels,associated with,biomarkers
LDL,include,biomarkers
lipoprotein A,include,biomarkers
longitudinal cognitive decline,can be predicted by,biomarkers
negative associations,are associated with,biomarkers
pathways associated with cognition,compared to,biomarkers
prodromal stage of Alzheimer's disease,is associated with,biomarkers
expressions of CR1,were potentially causal for,biomarkers A$eta $42 and pTau in cerebrospinal fluid
prodromal stage of Alzheimer's disease,is associated with,biomarkers of Alzheimer's disease pathology
lipoprotein A,include,biomarkers that may be causal of cardiovascular conditions
apolipoprotein B,include,biomarkers that may be causal of myocardial infarction
Apolipoprotein E (APOE) genotypes,influence,biophysical properties of the cell membrane lipid bilayer
new biomarkers,are associated with,bipolar
causal relationship,was found with,bipolar disorder
cystatin C,causal relationships between,bipolar disorder
glucose,causal relationships found between,bipolar disorder
novel biomarkers,associated with,bipolar disorder
two novel biomarkers,associated with,bipolar disorder
greater positive predictive value,for,Black/African American participants
greater positive predictive value,than,Black/African American participants
Blood-derived mitochondrial DNA copy number,measured in,blood
blood-derived mitochondrial DNA copy number,measured in,blood
eye fluids,were measured relative to,blood
plasma p-tau signal,in,blood
different cerebral pathologies,contribute to,blood biomarker concentrations
eGFR,was associated with,blood biomarker levels
T-tau,due to,blood levels from peripheral tissues
loci,were associated with,blood Neurofilament light chain levels
markers,are associated with,blood phosphorylated tau at amino acid 181
markers,associated with,blood phosphorylated tau at amino acid 181
older individuals,associated with,blood phosphorylated tau at amino acid 181
perturbation-based TMS-EEG markers,are associated with,blood phosphorylated tau at amino acid 181
"spontaneous (i.e., resting-state) TMS-EEG markers",are associated with,blood phosphorylated tau at amino acid 181
relative hypoperfusion,occurs with,blood pressure reduction
amyloid beta,accumulates along,blood vessels
Tau,accumulates along,blood vessels
disease course,is associated with,blood-based biomarkers
measure of global tau burden,is associated with,blood-based biomarkers
cognitive decline,is associated with,blood-based neurodegenerative biomarkers
Alzheimer's disease,is closely related to,Blood-brain barrier
Alzheimer's disease,is associated with,Blood-brain barrier
serum ANGPT-2,is closely related to,Blood-brain barrier
TyG subgroups,were associated with,blood-brain barrier abnormalities
endothelial insulin resistance,could lead to,blood-brain barrier dysfunction
Alzheimer's disease,associated with,Blood-brain barrier in early Alzheimer's disease
serum ANGPT-2,associated with,Blood-brain barrier in early Alzheimer's disease
triglyceride-glucose index,has impact on,blood-brain barrier integrity
APOE genotypes,impacts,blood-brain barrier properties
biogenic amines in serum,were significantly associated with,Blood-derived mitochondrial DNA copy number
lipid species,were associated with,Blood-derived mitochondrial DNA copy number
several amino acids,were associated with,blood-derived mitochondrial DNA copy number
association,was associated with,Blood-derived mitochondrial DNA copy number in blood
Blood-derived mitochondrial DNA copy number in blood,was associated with,Blood-derived mitochondrial DNA copy number in blood
amino acids,associated with,Blood-derived mitochondrial DNA copy number mtDNA-CN
amino acids,were also significantly associated with,Blood-derived mitochondrial DNA copy number mtDNA-CN
biogenic amines,associated with,Blood-derived mitochondrial DNA copy number mtDNA-CN
biogenic amines in serum,associated with,Blood-derived mitochondrial DNA copy number mtDNA-CN
biogenic amines in serum,were also significantly associated with,Blood-derived mitochondrial DNA copy number mtDNA-CN
lipid species,associated with,Blood-derived mitochondrial DNA copy number mtDNA-CN
lipid species,were also significantly associated with,Blood-derived mitochondrial DNA copy number mtDNA-CN
obstructive sleep apnea PRS,after adjusting for,BMI
plasma p-tau217,was negatively associated with,BMI
alteration of brain IDPs in AD,may be caused by,BMTs
Alzheimer's disease,is caused by,BMTs
brain IDPs in AD,are altered by,BMTs
glutamine,for,BMTs
newly identified sets of exposure outcome causal association evidence,also included,body fat percentage with AD
previously underestimated sets of exposure outcome causal association evidence,also included,body fat percentage with AD
causal association with stroke risk,may be confounded by,body mass index
longitudinal cognitive decline,in,both Aβ+ and Aβ- individuals
causal proteins,identified through,both cis- and trans-pQTLs
causal proteins,through,both cis- and trans-pQTLs
shared genetic pathways,underlie,both conditions
shared inflammatory pathways,underlie,both conditions
mitochondrial mechanism,was associated with,both diseases
Alzheimer's disease pathology,primarily influences,both markers
Combining them,with,both MRI and cardiovascular measures
combining them,with,both MRI and cardiovascular measures
contact sports,such as,boxing
head impacts,attained during,boxing fight
greater baseline tau,in,Braak 4 region
higher tau burden,in,Braak III/IV regions
Retinal Oligo-tau,associated with,Braak stage
they,were associated with,Braak stage
locus coeruleus tau burden,was serially associated with,Braak stages
cerebrospinal fluid p-tau205,was significantly associated with,Braak V-VI Positron emission tomography of tau protein regions
performances of plasma biomarkers,evaluated,Braak V(+) positivity in Aβ+ individuals
higher tau burden,in,Braak V/VI regions
abnormal accumulation of amyloid-beta (Aβ) plaques and tau tangles,occurs in,brain
angular gyrus,is location in,brain
left supramarginal gyrus,is location in,brain
cognitive function,is a measure of,brain activity
brain features,contribute to,brain aging
cerebral amyloid angiopathy,is related to,brain Alzheimer disease
impaired brain glucose uptake,results in,brain Alzheimer's disease
amyloid probability scores,are associated with,brain amyloid
C(2)N Diagnostics' mass spectrometry (MS)-based plasma biomarkers,are associated with,brain amyloid
phosphorylated tau217,is associated with,brain amyloid beta
phosphorylated tau231,is associated with,brain amyloid beta accumulation
Amyloid beta (Aβ)42/Aβ40,predicted,brain amyloid positivity
biomarkers,predicted,brain amyloid positivity
blood-based biomarkers,predicted,brain amyloid positivity
p-tau 217,predicted,brain amyloid positivity
phosphorylated tau (p-tau)181,predicted,brain amyloid positivity
confounding factors,influence,brain amyloidosis biomarker concentrations
confounding factors,influence of,brain amyloidosis biomarker concentrations
confounding factors,evaluated to assess,brain amyloidosis biomarker concentrations
predictive value of the classification,against,brain and cognitive outcomes
axonal degeneration,could impact,brain and cognitive resilience
vascular pathology,could impact,brain and cognitive resilience
vascular pathology and axonal degeneration,could impact,brain and cognitive resilience
biomarker,is associated with,brain Aβ
APOE ε4 allele,is associated with,brain Aβ burden
biomarker,is associated with,brain Aβ pathology
Alzheimer's disease,is associated with,brain atrophy
Aβ deposition,was associated with,brain atrophy
baseline NfL levels,associated with,brain atrophy
cerebrospinal fluid neurofilament light levels,correlate with,brain atrophy
elevated baseline cerebrospinal fluid YKL-40 levels,were associated with,brain atrophy
neural spreading,influence,brain atrophy
protein accumulation,influence,brain atrophy
rate of change,associated with,brain atrophy
traumatic brain injury GFAP,associated with,brain atrophy rates
traumatic brain injury NfL,associated with,brain atrophy rates
traumatic brain injury of GFAP,was predictive of,brain atrophy rates
traumatic brain injury of NfL,was predictive of,brain atrophy rates
traumatic brain injury of NfL and t-tau,was predictive of,brain atrophy rates
traumatic brain injury of UCH-L1,was predictive of,brain atrophy rates
traumatic brain injury t-tau,associated with,brain atrophy rates
traumatic brain injury UCH-L1,associated with,brain atrophy rates
P-tau181,was not predictive of,brain atrophy rates in Alzheimer's disease
Traumatic brain injury,was not predictive of,brain atrophy rates in Alzheimer's disease
Baseline NfL levels,were associated with,brain connectome
brain atrophy,was associated with,brain connectome
rate of change,were associated with,brain connectome
two waves of detrimental neuroinflammation effects,associated with,brain density
Causal IDPs,for,brain disorders
Causal IDPs,were identified for,brain disorders
reliability of biomarker discovery,for,brain disorders
ageing-related changes,are associated with,brain function
Aβ,impact,brain function
APOE ε4,impact,brain function
genetic variation,is associated with,brain function
tau,impact,brain function
tau protein accumulation,has effects on,brain function
BMI,related to,brain health
higher weighted ADHD polygenic risk scores,was associated with,brain hypometabolism
blood BMTs,causal relationship between,brain image-derived phenotypes (IDPs)
clinical and genomic measures,were combined with,brain imaging biomarkers of flortaucipir-positron emission tomography (PET)
clinical and genomic measures,combined with,brain imaging biomarkers of flortaucipir-positron emission tomography (PET)
clinical and genomic measures,in combination with,brain imaging biomarkers of flortaucipir-positron emission tomography (PET)
multi-modal lifestyle intervention,improves,brain imaging markers of neurodegeneration
brain injury,is a common cause of,brain injury
cognitive decline,can lead to,brain injury
cognitive decline,is caused by,brain injury
contributions to blood levels,due to,brain injury
Alzheimer's disease amyloid β impairment,are completely interlinked with,brain insulin resistance
Alzheimer's disease amyloid β impairment,is interlinked with,brain insulin resistance
Alzheimer's disease amyloid β impairment,is completely interlinked with,brain insulin resistance
factors identified by along-tract statistical analyses,associated with,brain microstructure
factors identified by BUAN,are associated with,brain microstructure
Abeta positive amyloid levels,were associated with,brain network alterations
researchers' findings,are associated with,brain networks in microtubule-associated protein tau propagation
accumulation of factors associated to hyperphosphorylated tau (ptau) aggregates,contributes to,brain pathology
accumulation of other factors associated to hyperphosphorylated tau (ptau) aggregates,contributes to,brain pathology
AD patients,are associated with,brain pathology
factors,contribute to,brain pathology
factors associated to hyperphosphorylated tau (ptau) aggregates,contribute to,brain pathology
hyperphosphorylated tau (ptau) aggregates accumulation,contribute to,brain pathology
MCI patients,are associated with,brain pathology
other factors,contribute to,brain pathology
other factors associated to hyperphosphorylated tau (ptau) aggregates accumulation,whether contribute to,brain pathology
patients,associated with,brain pathology
peripheral tissues ptau aggregates,whether contribute to,brain pathology
peripheral tissues ptau aggregates,contribute to,brain pathology
Tau blood biomarkers,are influenced by,brain pathology co-pathologies
Baseline NfL levels,were associated with,brain perfusion
glucose metabolism,was associated with,brain perfusion
rate of change,were associated with,brain perfusion
association,in both,brain regions
haplotype-dependent difference in KANSL1 expression,observed,brain regions
amyloid and tau pathology,in,brain regions associated with motor control
decline of white matter integrity,particularly in,brain regions typically affected by Alzheimer's disease
axonal degeneration,could impact,brain resilience
vascular pathology,could impact,brain resilience
researchers or authors,tested whether are associated with,brain structural changes
researchers or authors,tested whether,brain structural changes
researchers or authors,tested whether,brain structural changes associated with Alzheimer's disease biomarkers amyloid-β (Aβ42)
researchers or authors,tested,brain structural changes associated with Alzheimer's disease biomarkers phosphory
researchers or authors,tested,brain structural changes associated with Alzheimer's disease biomarkers phosphorylated tau and amyloid-β
researchers or authors,tested whether,brain structural changes over time
ageing-related changes,are associated with,brain structure
BMTs,is causal with,brain structure
BMTs,have a causal relationship with,brain structure
BMTs,have potentially causal relationships with,brain structure
BMTs,have shared genetic architecture with,brain structure
BMTs,have a shared genetic architecture with,brain structure
extensive perivascular spaces burden,has been reported to be associated with,brain structure
extensive perivascular spaces burden,is associated with,brain structure
genetic variation,is associated with,brain structure
perivascular spaces burden,has been reported to be associated with,brain structure
hearing difficulty predisposition,may be caused by,brain structure and function
extensive PVS burden phenotypes,are associated with,brain structures
neurodegenerative diseases,associated with,brain structures
PVS burden phenotypes,are associated with,brain structures
amyloid probability scores,are associated with,brain tau
higher AD biomarkers,include,brain tau
alterations,were associated with,brain tissue
cis gene expression quantitative trait loci (cis-eQTLs) data,across,brain tissues and blood
Alzheimer's disease,is associated with,brain-derived neurotrophic factor
biomarkers,included,brain-derived neurotrophic factor
cerebrospinal fluid,measured,"brain-derived tau phospho-tau217 p-tau181, total tau, neurofilament light, and 14-3-3"
plasma,measured,"brain-derived tau phospho-tau217 p-tau181, total tau, neurofilament light, and 14-3-3"
aging,is associated with,brain-specific changes
Alzheimer's disease,with,brain-specific changes in p-tau
amyloid,impact on,brain's neural pathways
APOE genetic variants,impact on,brain's neural pathways
tau,impact on,brain's neural pathways
ApoeCh APOE3-R136S (Christchurch),impacted,brain's response to plaques and tau
Phospho-tau proteins and alpha-synuclein aggregates,have been recognized in,brains of both human and animal models
phospho-tau proteins and amyloid beta aggregates combined pathological impacts,have been recognized in,brains of both human and animal models
"Phospho-tau proteins, amyloid beta, or alpha-synuclein aggregates",have been recognized in,brains of both human and animal models
amyloid,was associated with,brainstem atrophy
breakthroughs,may lead to,breakthroughs in neurodegenerative tauopathies
breakthroughs in Alzheimer's disease,may lead to,breakthroughs in neurodegenerative tauopathies
Alzheimer's disease,on,breast cancer
neurological disorders,causal relationships between,breast cancer
elevated NfL,was associated with,broad range of domains
greater baseline tau,in,broader default mode network
along-tract statistical analyses,are supported by,BUAN
along-tract statistical analyses,supported by,BUAN
factors identified by along-tract statistical analyses,supported by,BUAN
changes,be earlier than,burden
lower levels of NfL,associated with,burden
lower levels of p-Tau-181,associated with,burden
lower levels of t-Tau,associated with,burden
Aβ,do not contribute to,burden of Alzheimer's disease
cerebrovascular pathologies,do not contribute to,burden of Alzheimer's disease
cerebral amyloid angiopathy,impacts,burden of neurofibrillary tangles
interaction between cerebral amyloid angiopathy and neuritic plaques,impacts,burden of neurofibrillary tangles
neurofibrillary degeneration,contributes to,burden of neurofibrillary tangles
statistical interaction between cerebral amyloid angiopathy and neuritic plaques,impacts,burden of neurofibrillary tangles
causal effect estimates,obtained via,BWMR method
Apolipoprotein E signal,is associated with,C-reactive protein
Apolipoprotein E signal,may therefore be associated with,C-reactive protein
Apolipoprotein E signal,may be associated with,C-reactive protein
Apolipoprotein E signal,be associated with,C-reactive protein
gene,associated with,C-reactive protein
IL6R gene,is associated with,C-reactive protein
IL6R gene,shows significant genome-wide associations with,C-reactive protein
loci,were associated with,C-reactive protein statin response
missense variants,within,C2H2-ZnF DNA-contacting α helices
CAA patients without a CSF biomarker profile associated with AD,were placed in,CAA-AD- group
Sleep apnea,increased the risk of,CAD
chronic inhibition,of,Calcineurin
Their impact,on,Calcineurin
chronic FK506 treatment in 3xTgAD mice,explored its influence on,"Calcineurin Aβ, and Tau levels"
age-related inflammatory signaling,contributes to,calcium dysregulation
hyperphosphorylated tau,binding,calcium ions
characterization for each biomarker,included,calculation of correlations and predictive power
membrane damage,is due to,calpain activity
clinical decline,can be,can be predicted
ADRD,is associated with,cancer
Alzheimer's disease,inverse association between,cancer
Alzheimer's disease and related dementias,are associated with,cancer
cognitive outcome measures,how sensitive are to,capture decline
patients who survived to intensive care,after,cardiac arrest
biomarker p-tau231,was studied in,cardiac arrest patients who survived to intensive care
health issues,due to,cardiometabolic risk factors
biomarkers,may be causal of,cardiovascular conditions
biomarkers,for,cardiovascular conditions
biomarkers for cardiovascular conditions,are associated with,cardiovascular conditions
Alzheimer's disease,is associated with,cardiovascular disease
Greater protein-based risk,was associated with,cardiovascular disease
APOE-ε4 effects,influenced by,cardiovascular disease and its components
APOE-ε4 effects,were influenced by,cardiovascular disease and its components
dementia,correlated with,cardiovascular diseases
resting heart rate,correlated with,cardiovascular diseases
combining them,with,cardiovascular measures
these symptoms,contribute to,caregiver burden
MR analysis,further supported,carotene was associated with Alzheimer's disease
APOE ε4,is not,carrier
proteins,were associated with,carrier of APOE-4
proteins,were associated with,carriers of APOE-4
heterogeneity in AAO and biomarker trajectories,in,carriers of PSEN1 pathogenic variants
predictive ability,was in,cases with amyloid PET-positive
intracellular tau dephosphorylation,led to,caspase 3-mediated cleavage of tau (TauC3)
therapeutic strategies,against,caspase cleaved-tau pathology
higher risk,is associated with,cathepsin L (CT
lower risk,is associated with,cathepsin L (CTSL)
PILRA and PILRB abundance,is associated with,caudate nucleus volume
PILRA and PILRB abundance in plasma,was associated with,caudate nucleus volume
PILRA and PILRB abundance in plasma,is associated with,caudate nucleus volume
association between higher resting heart rate and dementia,may be,causal
connection,may not be,causal
link between chronic musculoskeletal pain and increased risk of cognitive decline and dementia,is not,causal
potential,is a type of,causal
this connection,is uncertain whether,causal
cognitive performance,was on,causal association
educational achievement,was on,causal association
systematic study,lack of,causal association between cathepsins and AD
analysis,to determine,causal association between dyslexia and the risk of AD
ERBB4 signaling,may mediate,causal association between LBD and colon cancer
lipid metabolism,may mediate,causal association between LBD and colon cancer
validation through independent datasets,confirmed,causal association between six specific immune cells and AD
SNPs,had a significant effect on,causal associations
SNPs,had no significant effect on,causal associations
TSMR,assessed,causal associations between CMP and Alzheimer's disease
TSMR,assessed,causal associations between CMP and dementia
TSMR,assessed,causal associations between CMP and dementia subtypes
TSMR,assessed,causal associations between CMP and frontotemporal dementia
TSMR,assessed,causal associations between CMP and Lewy body dementia
TSMR,assessed,causal associations between CMP and the risk of dementia
TSMR,assessed,causal associations between CMP and the risk of dementia's subtypes
TSMR,assessed,causal associations between CMP and vascular dementia
MR,revealed,causal associations of CM CD8br % T cell
objective,was to determine,causal contributions of peripheral T cell subsets to Alzheimer's disease risk
objective,is to determine,causal contributions of peripheral T cell subsets to Alzheimer's disease risk
objectives,were to determine,causal contributions of peripheral T cell subsets to Alzheimer's disease risk
analysis,to scrutinize,causal correlation between 338 Cerebrospinal fluid biomarkers and the danger of 4 dementia categories
analysis,is to scrutinize,causal correlation between 338 Cerebrospinal fluid biomarkers and the danger of 4 dementia categories
this analysis,is to scrutinize,causal correlation between 338 Cerebrospinal fluid biomarkers and the danger of 4 dementia categories
drug target Mendelian randomization,were further employed to determine,causal direction between protein concentration and dementia
Two-sample bi-directional Mendelian randomization,were further employed to determine,causal direction between protein concentration and dementia
associated molecular and cellular processes,change in the context of,causal disease variants of tau
change in the associated molecular and cellular processes,is caused by,causal disease variants of tau
plasma proteins,used to infer,causal effect
accuracy of variable selection,ensuring,causal effect estimation
accuracy of variable selection,ensuring the,causal effect estimation
method,maintains,causal effect estimation
variable selection,and,causal effect estimation
two-sample Mendelian randomization (MR) approach,investigate,causal effect of AD on CRC
two-sample Mendelian randomization (MR) approach,investigate,causal effect of Alzheimer's disease on colorectal cancer
analysis,investigated,causal effect of higher genetically predicted resting heart rate
genetic evidence,support,causal effect of increased dyslexia on increased risk of Alzheimer's disease
Mendelian randomization analyses,were used to test,causal effect of plasma protein levels on Tau pathology
extensive perivascular spaces burden,have not been determined,causal effects
inverse variance weighted random effects method,to estimate,causal effects
three MR statistical methods,were employed to assess,causal effects
Mendelian randomization,is widely used to study,causal effects among complex traits and diseases
Mendelian randomization (MR) approach,utilized to investigate,causal effects of blood OCN levels on Alzheimer's disease
research,is needed to investigate,causal effects of Met
additional research,is needed to understand,causal effects of Metabolic-dysfunction associated steatotic liver disease-related diseases on VD
Further research,is needed to understand,causal effects of Metabolic-dysfunction associated steatotic liver disease-related diseases on VD
in-depth research,is needed on,causal effects of Metabolic-dysfunction associated steatotic liver disease-related diseases on VD
research,is needed to determine,causal effects of Metabolic-dysfunction associated steatotic liver disease-related diseases on VD
sensitivity analyses,were performed to test,causal estimates
IVW method,revealed,causal evidence of genetically predicted Alzheimer's disease being a risk factor for erectile dysfunction
double-penalized minimization,applies,causal exposures
migraine,was identified as,causal factor for alcohol consumption
migraine,was identified as,causal factor for Alzheimer's disease
migraine,was identified as,causal factor for angina
migraine,was identified as,causal factor for cervical artery dissection
migraine,was identified as,causal factor for coronary artery disease
migraine,was identified as,causal factor for delayed age at first sexual intercourse
migraine,was identified as,causal factor for elevated interleukin-2
migraine,was identified as,causal factor for higher serum vitamin D levels
migraine,identified as,causal factor for increased Body Mass Index
migraine,was identified as,causal factor for large artery stroke
migraine,was identified as,causal factor for maternal smoking
migraine,was identified as,causal factor for reduced physical activity
migraine,identified as,causal factor for venous thromboembolism
IDPs,were found to be,causal factors for brain disorders
instrumental variable (IV) approach,was used to identify,causal IDPs
instrumental variable (IV) approach,to identify,causal IDPs for brain disorders
recent methods in imaging genetics,identified,causal IDPs for brain disorders
genetic information,evaluate,causal impact of ferroptosis-related genes on the risk of Alzheimer's disease
MR analyses,to gauge,causal impact of PM
two-sample MR analyses,conducted,causal impact of PM on the risk of developing these diseases
two-sample MR analyses,to gauge,causal impact of PM on the risk of developing these diseases
inverse variance weighted (IVW) method,was primarily used for,causal inference
method,was used for,causal inference
variable selection,for,causal inference
analysis,investigated,causal link
evidence,of,causal link
Mendelian randomization (MR) analysis,to explore,causal link between GD and aging
genetic variants,were used to identify,causal link between Inflammatory bowel disease and dementia
two-sample Mendelian randomization analysis,was conducted to investigate,causal link between mental diseases
analysis,investigated,causal link between mental diseases and gastrointestinal diseases
evidence,supported,causal link from LBP to PD
avoiding misdiagnosis Parkinson's disease,is necessary to establish,causal links
analysis,was conducted to examine,causal links between Alzheimer's disease and hippocampal volumetric traits
Alzheimer's Disease progression,can be personalized using,causal model
longitudinal biomarker data,for personalizing,causal model of Alzheimer's Disease progression
cis-pQTLs,are related to,causal proteins
Cis-protein quantitative trait loci (pQTLs),are related to,causal proteins
cis-protein quantitative trait loci (pQTLs),are related to,causal proteins
method,was used to identify,causal proteins
pQTLs,are related to,causal proteins
trans-pQTLs,are related to,causal proteins
ADPN levels,no evidence to substantiate,causal relationship
evidence,supported,causal relationship
forward Mendelian randomization,were employed to examine,causal relationship
Mendelian randomization,to explore,causal relationship
Mendelian randomization approaches,to explore,causal relationship
researchers,are exploring,causal relationship
reverse Mendelian randomization,were employed to examine,causal relationship
researchers,tested,causal relationship at the stratum of genetic susceptibility
bidirectional two-sample Mendelian randomization,to explore,causal relationship between 179 lipid species and the risk of dementia
bidirectional two-sample Mendelian randomization,using,causal relationship between 179 lipid species and the risk of dementia
bidirectional two-sample Mendelian randomization,explore,causal relationship between 179 lipid species and the risk of dementia
two-sample MR analysis,assess,causal relationship between 731 immune cell features and four neurodegenerative diseases
Mendelian randomization,investigate,"causal relationship between Alzheimer disease (AD), circulating levels of total-tau, and coronary artery disease (CAD)"
Mendelian randomization,investigated,causal relationship between Alzheimer disease or circulating levels of total-tau
evidence,did not support,causal relationship between Alzheimer's disease and epigenetic aging
evidence,did not support,causal relationship between Alzheimer's disease and epigenetic aging in the reverse direction
two-sample Mendelian randomization approach,to assess,causal relationship between different types of immune cells and AD
analysis,aims to explore,causal relationship between epigenetic age acceleration (EAA) and Alzheimer's disease
bidirectional Mendelian randomization (MR) analysis,to explore,causal relationship between epigenetic age acceleration (EAA) and Alzheimer's disease
inverse variance-weighted method,to evaluate,causal relationship between exposure and outcome
blood metabolites,may play a mediating role in,causal relationship between gut microbiota and Alzheimer's disease
researchers,confirmed,causal relationship between gut microflora and dementia
researchers,confirmed,causal relationship between gut microflora and dementia subtypes
Mendelian randomization approaches,to explore,causal relationship between immune cells and AD
researchers,are exploring,causal relationship between immune cells and AD
objective,was to elucidate,causal relationship between immune cells and neurodegenerative diseases
bidirectional two-sample Mendelian randomization,explore,causal relationship between lipid species and risk of dementia
researchers or authors,aimed to investigate,causal relationship between metabolic syndrome and changes in cerebral cortex structure
adjustment of fasting glucose and total cholesterol,after,causal relationship between osteocalcin levels and Alzheimer's disease
analysis,was to examine,causal relationship between schizophrenia and five types of dementia
Mendelian randomization,explore,causal relationship between sex hormones and the risk of developing neurodegenerative diseases
task,to elucidate,causal relationship between specific dietary factors and Alzheimer's disease risk
bidirectional two-sample Mendelian randomization,using,causal relationship between the lipid species and the risk of dementia
studies,were to assess,causal relationship between the targets and progression
evidence,supported,causal relationship in the forward direction
evidence,did not support,causal relationship in the reverse direction
researchers,analyzed,causal relationship of ALS with the risk of developing neurodegenerative diseases
researchers,analyzed,causal relationship of each with the risk of developing neurodegenerative diseases
researchers,analyzed,causal relationship of PD with the risk of developing neurodegenerative diseases
IL-6 inhibitors,positively influenced,causal relationship with Type 2 diabetes
a method,used to explore,causal relationships
approach,assesses,causal relationships
genetic variants,to assess,causal relationships
Mendelian randomization,used to examine,causal relationships
MR analysis,determine,causal relationships
these associations,reflect,causal relationships
these associations,may reflect,causal relationships
Mendelian randomization (MR),to explore,causal relationships between CeD and several neurological disorders
genetic variants,to assess,causal relationships between exposures and outcomes
Mendelian randomization (MR) analysis,was used to assess,causal relationships between five major neurodegenerative diseases and CRC
Bidirectional MR,was employed to investigate,causal relationships between myopia and each of the four NDDs
two-sample Mendelian randomization (MR),evaluated,causal relationships between T cell traits and AD risk
variation,predicted,causal relationships with Aβ PET levels
variation,including,causal relationships with Aβ PET levels
OCD,is not a,causal risk factor for AD
"specific, genetically supported evidence",for,causal role of mitochondrial pathways in neurological diseases
They,play,causal roles
Mendelian randomization,supported,causal roles for 84 proteins
LBD and colon cancer,possibly shared,causal variants
LBD and colon cancer,possibly shared,causal variants (nearby gene APOE)
CSF and PET amyloid endophenotypes GWAS,can elucidate,causative molecular mechanisms behind the amyloid mobilization in AD
CSF and PET amyloid endophenotypes GWAS,might elucidate,causative molecular mechanisms behind the amyloid mobilization in AD
CSF proteome analyses,might elucidate,causative molecular mechanisms behind the amyloid mobilization in AD
conditions,have a common,cause
PD motor progression,is shaped by,cause
studies,were unable to determine,cause
cause of colorectal cancer,is the same as,cause of Alzheimer's disease
cause of colorectal cancer,is the same as,cause of both conditions
cause of Alzheimer's disease,is the same as,cause of colorectal cancer
correlations,could be due to,cause-effect relationships
correlations,are due to,cause-effect relationships
genetic correlations,are caused by,cause-effect relationships
genetic correlations,are the result of,cause-effect relationships
Alzheimer's disease,are unclear,causes
Alzheimer's disease pathogenesis,are unclear,causes
Alzheimer's disease,causes,causes and mechanisms
heterogeneity,in the,causes of cognitive decline in aging
CD45,on,CD33-HLA DR+
Retinal Oligo-tau,associated with,CDR cognitive scores
confirmatory trials,use,CDR-SB
presenilin 1,associated with,CDR-SB
multiple sclerosis,associated with,CeD
potential mechanism,through which,CeD increases the risk of MS
Neurofibrillary tangles (NFTs),cause,cell death
neurofibrillary tangles (NFTs),cause,cell death
Proteinopathy/tauopathy,may cause,cell death
hyperphosphorylated microtubule-binding protein tau,causes,cellular dysfunction or death
behavioral and psychological symptoms of dementia severity in AD,are associated with,central inflammatory markers
peripheral interleukin-6,is associated with,central inflammatory markers
Resveratrol,has impact on,central insulin resistance
Resveratrol,impact on,central insulin resistance
Alzheimer's disease,influenced,ceramide levels
amyloid,was associated with,cerebellar atrophy
HD,was associated with,cerebellum grey matter volume
hearing difficulty,was associated with,cerebellum grey matter volume
burden of neurofibrillary tangles,is caused by,cerebral amyloid angiopathy
neurofibrillary tangles,is caused by,cerebral amyloid angiopathy
neuropathologies,include,cerebral amyloid angiopathy
Alzheimer disease plasma biomarkers,are associated with,cerebral amyloid angiopathy imaging markers
cognitive declines,are related to,cerebral amyloid angiopathy imaging markers
tau downregulation,impact on,Cerebral amyloid angiopathy pathogenesis
cerebral amyloid angiopathy tau pathology,was significantly associated with,cerebral amyloid angiopathy-related vascular markers
these symptoms,are associated with,cerebral amyloid-β (Aβ) and tau pathologies
Plasma p-tau(181) concentrations,are a robust indicator of,cerebral amyloidosis
low Aβ42 levels,caused by,cerebral Aβ deposition
brain volume,was associated with,cerebral blood flow
phosphorylated tau (ptau181),was used to determine,cerebral burden of abnormal tau
total tau,was used to determine,cerebral burden of abnormal tau
metabolic syndrome,may influence,cerebral cortex
amyloid-related imaging abnormalities,can lead to,cerebral edema
amyloid-related imaging abnormalities,are concerning due to,cerebral edema and hemorrhage
amyloid-related imaging abnormalities,are a concern due to,cerebral edema and hemorrhage
CSF Aβ42,positively influenced,cerebral glucose metabolism
CSF Aβ42,influence on,cerebral glucose metabolism
amyloid-related imaging abnormalities-H,can cause,cerebral hemorrhage
genetic liability for Alzheimer's disease,had causal effect on,cerebral microbleeds
cognitive decline and AD phenotypes,of,cerebral organoids
blood biomarker concentrations,are influenced by,cerebral pathologies
plasma tau phosphorylated at threonine 231,is associated with,Cerebral Performance Category
plasma tau phosphorylated at threonine 231,is associated with,cerebral performance category
Alzheimer's disease,has causal associations with,cerebral small vessel disease
Alzheimer's disease,is associated with,cerebral small vessel disease
Alzheimer's disease,have bidirectional causal relationship with,cerebral small vessel disease
Alzheimer's disease pathology,aggravate the same symptoms synergistically with,cerebral small vessel disease
Alzheimer's disease pathology,and,cerebral small vessel disease
reduced PP2A B,resulted in,cerebral Tau hyperphosphorylated at multiple AD-associated sites
reduced PP2A C,resulted in,cerebral Tau hyperphosphorylated at multiple AD-associated sites
abnormal protein aggregation,in,cerebral tissues
propagation of cis P-tau-mediated abnormal protein aggregation,to,cerebral tissues
it,influences,cerebral vascular health
path-physiological modifications,in,cerebral vasculature
Aβ deposition,accelerates,cerebral white matter hyperintensities
biomarker profile,is in,cerebrospinal fluid
"its biomarkers, A$eta $42 and pTau",in,cerebrospinal fluid
Alzheimer's disease-related biomarkers,in,cerebrospinal fluid (CSF)
phosphorylated tau (ptau181),was measured in,cerebrospinal fluid (CSF)
total tau,was measured in,cerebrospinal fluid (CSF)
Alzheimer's disease pathology,is associated with,cerebrospinal fluid (CSF) biomarkers
Alzheimer's disease pathology,are associated with,cerebrospinal fluid (CSF) biomarkers
neuroinflammation,is associated with,cerebrospinal fluid (CSF) biomarkers
the clinical setting,does not use,cerebrospinal fluid (CSF) biomarkers
clinical setting,does not use,cerebrospinal fluid (CSF) biomarkers and positron emission tomography (PET) imaging
restricted accessibility,because of,cerebrospinal fluid (CSF) biomarkers and positron emission tomography (PET) imaging
invasiveness,because of,cerebrospinal fluid (CSF) biomarkers and positron emission tomography (PET) imaging are not used in clinical setting
APOE ε4 allele,potentially influences,Cerebrospinal fluid (CSF) levels
pathological hallmarks of Alzheimer's disease progression,are associated with,cerebrospinal fluid (CSF) lipidome
cerebrospinal fluid neuronal (nNOS),was negatively associated with,cerebrospinal fluid age
SNAP25,measured in,Cerebrospinal fluid and plasma
cognitive impairment,associated with,cerebrospinal fluid biomarker profile
cognitive impairment,are associated with,cerebrospinal fluid biomarker profile
neuropsychiatric symptoms,associated with,cerebrospinal fluid biomarker profile
neuropsychiatric symptoms,are associated with,cerebrospinal fluid biomarker profile
levels of 49 proteins,in,cerebrospinal fluid from the Swedish GEDOC memory clinic cohort at the Karolinska University Hospital
metabolites,are associated with,Cerebrospinal fluid levels of ATN biomarkers
Established lipids,were associated with,cerebrospinal fluid metabolites
established lipids,were associated with,cerebrospinal fluid metabolites
genetic variants,associated with,cerebrospinal fluid metabolites
lipids,were associated with,cerebrospinal fluid metabolites
disease progression rate,was associated with,cerebrospinal fluid NfH levels
disease progression rate,was associated with,cerebrospinal fluid NfL levels
amyotrophic lateral sclerosis,measured in,cerebrospinal fluid or blood
NfL,measured in,cerebrospinal fluid or blood
cerebrospinal fluid neuronal (nNOS),was negatively associated with,cerebrospinal fluid p-tau
phosphorylated tau,was associated with,cerebrospinal fluid p-tau
cerebrospinal fluid amyotrophic lateral sclerosis,is associated with,cerebrospinal fluid survival
body mass index,influences,cerebrospinal fluid tau pathology
obscuring significant age-related increases,in,cerebrospinal fluid total-tau
mediation,was mediated by,cerebrospinal fluid VILIP-1
Aβ burden,was associated with,cerebrovascular burden
tau burden,was more strongly associated with,cerebrovascular burden
APOE ε4 allele,associated with,cerebrovascular disease
growing evidence,suggests that,cerebrovascular disease causes cerebral white matter degeneration
amyloid positivity,was associated with,CES-D increase
elucidating the causal relationship between specific dietary factors and Alzheimer's disease risk,is still a,challenge
elucidating the causal relationship between specific dietary factors and Alzheimer's disease risk,continues to be a,challenge
ensuring the accuracy of variable selection and causal effect estimation,might be,challenging
establishing causal relationships in epidemiological data,may be,challenging
overlapping symptoms,is the reason for,challenging clinical characterization of bvFTD and AD
heterogeneity,is not due to,chance
biomarkers,predicted,change in ADAS-Cog11
changes in cognition,are influenced by,change in Aβ
baseline tau,were associated with,change in cognition
BBMs,associated with,change in cognition
BBMs,were associated with,change in cognition
longitudinal SV2A change,were associated with,change in cognition
biomarkers,predicted,change in volumetric MRI
these biomarkers,best predicted,change on the ADAS-Cog11
they,predicted,change on the CDR-SB
big tau,is decoupled from,changes associated with brain-derived small tau in AD
Baseline Aβ(42/40) levels,were not associated with,changes in 3T MRI volume
NfL levels,were not associated with,changes in 3T MRI volume
plasma NfL,association between,changes in ADAS-Cog scores
PSP-specific changes,are associated with,changes in Alzheimer's Disease core biomarkers
peak width of skeletonized mean diffusivity,did not predict,changes in amyloid-beta or tau levels
baseline p-tau217,were associated with,changes in Aβ-PET
GFAP,was associated with,changes in Aβ-PET
GFAP,were associated with,changes in Aβ-PET
brain change patterns,are associated with,changes in brain morphology
link subgroups,are associated with,changes in brain morphology
Alzheimer's disease,is caused by,changes in brain structure
frequency and severity of neuropsychiatric symptoms,are inversely and independently associated with,changes in cerebrospinal fluid (CSF) amyloid-β42 (Aβ42) levels
severity of neuropsychiatric symptoms,is inversely and independently associated with,changes in cerebrospinal fluid (CSF) amyloid-β42 (Aβ42) levels
change in Aβ,influences,changes in cognition
changes in brain morphology,are associated with,changes in cognition
link subgroups,are associated with,changes in cognition
Aβ and tau pathology,together contribute to,changes in cognitive function
Aβ pathology,contributes to,changes in cognitive function
Aβ pathology,contribute to,changes in cognitive function
Tau pathology,contributes to,changes in cognitive function
tau pathology,contribute to,changes in cognitive function
Tau pathology,contribute to,changes in cognitive function
BDNF Val66Met,is associated with,changes in CSF t-tau and p-tau181
baseline p-tau217,remained associated with,changes in DS-MSE
pathologic Tau,directly causes,changes in glucose metabolism
Pathologic Tau,causes,changes in glucose metabolism
AD pathogenesis,are associated with,changes in myelin basic protein (MBP) levels in the cerebrospinal fluid (CSF)
brain ageing,are associated with,changes in myelin basic protein (MBP) levels in the cerebrospinal fluid (CSF)
higher levels of Aβ42,were associated with,changes in subcortical volume
higher levels of p-tau,were associated with,changes in subcortical volume
it,predicted,changes in volumes of hippocampus
cognitive decline,may be associated with,changes within the Alzheimer's disease spectrum
characterization of the modulators of Aβ-related p-tau increases,is critical,characterization of the modulators of Aβ-related p-tau increases
lysosomal stress signs,such as,CHMP2B recruitment
biomarkers,include,cholesterol
coronary heart disease,include,cholesterol
altered pathways,are associated with,cholesterol homeostasis
Hepatocyte Nuclear Factor 1A locus,is associated with,cholesterol levels
altered pathways,are associated with,cholesterol myelination
altered pathways,are associated with,cholesterol transport
long-term line 1 (L1) tau transgenic mice,assessed whether can reverse,cholinergic deficits in L1
Alzheimer's disease,is associated with,chronic conditions
higher CSF NfL,is associated with,chronic epilepsy
disorder,is caused by,chronic inflammation-driven mechanism
elevated hs-CRP,was present when,chronic pain
elevated hs-CRP,was associated with,chronic pain
tauopathies,includes,chronic traumatic encephalopathy
vascular dementia,not significantly associated with,CI of 0.82-2.13
biological processes,reflecting,circulating biomarkers
diseases,are associated with,circulating biomarkers
neuroinflammation,measured by,circulating GFAP
causal proteins,identified through,cis-protein quantitative trait loci (pQTLs)
causal proteins,through,cis-protein quantitative trait loci (pQTLs)
PP,was positively associated with,CL
SBP,at baseline,CL
SBP,was positively associated with,CL
patient,was contributed to by,classification
diminished ability of microglia,leads to,clear amyloid-beta peptides
liver function,may impact,clearance of amyloid-β (Aβ) in the brain
proteins,include,CLEC4A
proteins,include,CLEC4M
imaging markers,are associated with,clinical Alzheimer's disease CSF biomarkers
PC 1,was associated with,clinical Alzheimer's disease CSF biomarkers
PC 1,was associated with,"clinical Alzheimer's disease CSF biomarkers beta-amyloid 42, phosphorylated tau 181, and total tau"
PC 1,not explained by,"clinical Alzheimer's disease CSF biomarkers beta-amyloid 42, phosphorylated tau 181, and total tau"
brain imaging biomarkers of flortaucipir-positron emission tomography (PET),combined with,clinical and genomic measures
Alzheimer's disease in people with Down syndrome,is valuable in,clinical and research contexts
integrating plasma pTau species,can enhance,clinical and research utility
integrating plasma pTau species with other factors,can thus enhance,clinical and research utility
parameters,support,clinical decision making
APOE4 testing,contributes to,clinical decision support
individuals with atypical forms of AD,is being predicted,clinical decline
neocortical tau,is associated with,clinical decline
Neocortical tau,strongly predicts,clinical decline
neocortical tau,strongly predicted,clinical decline
treatments targeting various species of amyloid beta protein,affects,clinical decline
imaging markers,not associated with,clinical diagnosis
imaging markers,associated with,clinical diagnosis
PC 1,was not associated with,clinical diagnosis
symptom severity,was used as,clinical endpoint
Pathophysiological processes of tangle maturation,may influence,clinical features of dementia in mixed Lewy-Alzheimer's pathology
different effects of presenilin 1 variants,causes,clinical heterogeneity in people with autosomal dominant Alzheimer's disease
different effects of presenilin 1 variants on γ-secretase and amyloid β production,cause,clinical heterogeneity in people with autosomal dominant Alzheimer's disease
Alzheimer's disease neuropathologic change and alpha-synucleinopathy,contribute to,clinical heterogeneity of dementia
introduction of disease-modifying therapies,with the,clinical implementation
predictive accuracy of blood-based biomarkers,strongly supports,clinical implementation
predictive accuracy of blood-based biomarkers for Amyloid beta,supports,clinical implementation
predictive accuracy of blood-based biomarkers for Amyloid beta,strongly supports,clinical implementation
predictive accuracy of blood-based biomarkers for Amyloid beta,strongly supports,clinical implementation with disease-modifying therapies
understanding of variability and biological influences,is required for,clinical interpretation
variability and biological influences,understanding of,clinical interpretation
molecular level,is below,clinical level
Apolipoprotein E (APOE) genotypes,have been suggested to influence,clinical onset in autosomal dominant Alzheimer's disease (ADAD)
AD,was associated with,clinical outcomes
baseline ATN(PD) status,was tested to see how it predicted,clinical outcomes
biomarkers,do not strongly predict,clinical outcomes
biomarkers,strongly predict,clinical outcomes
conventional machine learning models,can be used to predict,clinical outcomes
machine learning,predict,clinical outcomes
models,were used to predict,clinical outcomes
models,can be used to predict,clinical outcomes
Parkinson disease status,predicted,clinical outcomes
NfL,is used in,clinical practice
use of NfL,is facilitated in,clinical practice
CSF α-syn Seed amplification assay kinetic parameters,were associated with,clinical profiles
amyloid composite biomarker,can predict,clinical progression to AD dementia
higher CSF IL-6 and IL-8/CXCL8 in LGI1-AE,is associated with,clinical relapse
cerebrospinal fluid (CSF) biomarkers,are not used in,clinical setting
positron emission tomography (PET) imaging,are not used in,clinical setting
baseline atrophy stage,predicted,clinical trajectories before manifest cognitive impairment
baseline atrophy subtype,predicted,clinical trajectories before manifest cognitive impairment
amyloid/tau PET scores,were not associated with,clinical trial dropout
cognitive scores,were not associated with,clinical trial dropout
race and ethnicity,were not associated with,clinical trial dropout
sex,were not associated with,clinical trial dropout
diverse populations,enrolled at,clinical trial sites
Omega-3 polyunsaturated fatty acids,show,clinical trials
integration of plasma pTau species with other factors,can thus enhance,clinical utility
integration of plasma pTau species with other factors,can enhance,clinical utility
reduced brain Aβ,within,clinically normal range
models,were used to predict,clinically useful tau-PET composites
NE3107,was associated with,clinician-rated improvements in cerebral blood flow
measure,would help,clinicians predict natural evolution of the disease
neuropsychiatric symptoms associations,may help,clinicians predict the subtype of future dementias
APOE-ε4 allele,has no impact on,clinicians' assessment of the likelihood of ARIA
Aβ + status,beyond,Cluster 1 membership
amyloid pathology,was not associated with,CMBs
APOE ε4 copy number,was not associated with,CMBs
relationship between sleep and Aβ,in,CN older adults
Alzheimer's disease (AD),is closely associated with,CNS tau pathology
insoluble fraction,contains,co-occurring phospho-epitopes
insoluble fraction,is associated with,co-occurring phospho-epitopes
insoluble fraction in aged mice,is associated with,co-occurring phospho-epitopes and tauopathy
tauopathy in the insoluble fraction,is associated with,co-occurring phospho-epitopes in aged mice
tauopathy in aged mice,is associated with,co-occurring phospho-epitopes in the insoluble fraction
plasma tau biomarkers,are influenced by,co-pathologies and comorbidities
Plasma tau biomarkers,are influenced by,co-pathologies and comorbidities
accuracy of biomarker interpretation,is influenced by,co-pathology
rising sea levels,have impacts on,coastal communities
accumulating AD pathology,has an influence on,cognition
accumulating AD pathology,influences,cognition
accumulating AD pathology,influence of,cognition
accumulating AD pathology,negatively affected,cognition
Accumulating AD pathology,negatively influences,cognition
accumulating AD pathology,has negative influence on,cognition
AD patients,are associated with,cognition
APOE ε4 carriership,has effect on,cognition
APOE4,has impacts on,cognition
attention-deficit/hyperactivity disorder,has impact on,cognition
BBMs,were associated with,cognition
Behaviour,are adversely influenced,cognition
biomarkers,were associated with,cognition
biomarkers,associated with,cognition
blood-based biomarkers,are associated with,cognition
cerebral amyloid angiopathy,impact of,cognition
cerebrospinal fluid GAP-43 and plasma NfL,predicted,cognition
circadian rhythms,impact,cognition
depressive symptom trajectories,influenced,cognition
depressive symptom trajectories,had effects on,cognition
disease course,is associated with,cognition
hypometabolism of the middle temporal region,was associated with,cognition
it,adversely influences,cognition
machines,trained to predict,cognition
MCI patients,are associated with,cognition
measure of global tau burden,is associated with,cognition
Metabolic-dysfunction associated steatotic liver disease-related diseases,causal relationships between,cognition
Modified Dementia Risk Scores,had impact on,cognition
neurodegeneration,impact on,cognition
neurofibrillary degeneration,mediated by,cognition
neurofibrillary degeneration,impacts,cognition
pathology,impacted,cognition
patients,associated with,cognition
phosphorylated Tau protein,is closely associated with,cognition
plasma p-tau181,is to assess whether,cognition
regional brain atrophy,is associated with,cognition
regional brain atrophy,has possible impact on,cognition
regional brain atrophy,has an impact on,cognition
support vector machines,trained to predict,cognition
Tau,impact on,cognition
vector machines,trained to predict,cognition
plasma p-tau181,mediate the relationship between,cognition across the AD continuum
glial cells,influenced,cognition and behaviour
neural cells,influenced,cognition and behaviour
BP,influence,cognition and brain structure in older adults
APOE ε4 carriership,has effect on,cognition and dementia
APOE ε4 carriership,effect of,cognition and dementia
smaller decline than the placebo,on measures of,cognition and function
Australian National University Alzheimer Disease Risk Index scores,were associated with,cognition and tau pathology
models,were trained to predict,cognition directly from imaging regions of interest
SVMs,were trained to predict,cognition directly from imaging regions of interest
Aβ-related pathogenesis,is associated with,cognition in AD
level of p-tau181,was more strongly associated with,cognition in people with mild cognitive impairment (MCI) and apolipoprotein E (APOE) ε4
motor dysfunction,may be caused by,cognition-dependent mechanisms
motor dysfunction,may be caused by,cognition-independent mechanisms
daily life elements,influence,cognitive abilities
daily life elements,might also,cognitive abilities
Aβ,associated with,cognitive abnormalities
Equol,can impact,cognitive aging
Behavioral and psychological symptoms,were associated with,cognitive categories
behavioral and psychological symptoms,were associated with,cognitive categories
behavioral and psychological symptoms,associated with,cognitive categories
symptoms,associated with,cognitive category
brain structural changes over time,predict,cognitive change in older age
Alzheimer disease biomarkers,is associated with,cognitive changes
Alzheimer's Disease Neuroimaging Initiative cohort,in,cognitive changes
Amyloid-β uptake,is associated with,cognitive changes
Aβ level,was independently associated with,cognitive changes
cerebrospinal fluid neurofilament light levels,predict,cognitive changes
imaging markers,is associated with,cognitive changes
interactions,influence,cognitive changes
it,contributes to,cognitive changes
their association,with,cognitive changes
this contribution,is to,cognitive changes
unimodal Aβ-to-Aβ progressions,were not associated with,cognitive changes
V337M mutation in MAPT tau,could contribute to,cognitive changes
Aβ level,was associated with,cognitive changes at baseline
V337M mutation,could contribute to,cognitive changes in preclinical microtubule-associated protein tau gene variant carriers
V337M mutation,contribute to,cognitive changes in preclinical microtubule-associated protein tau gene variant carriers
V337M mutation in MAPT tau,could contribute to,cognitive changes in preclinical microtubule-associated protein tau gene variant carriers
they,associated with,cognitive changes in the Alzheimer's Disease Neuroimaging Initiative (ADNI) cohort
neuropsychiatric symptoms,may contribute to,cognitive complaints
baseline BBM levels,increasing,cognitive composite z score
increasing baseline BBM levels,were not associated with,cognitive composite z score
regional tau,is associated with,cognitive concerns
ability of the participants,examined,cognitive decline
ability of the rate of change in the PiB-PET measures,to predict,cognitive decline
ability to distinguish cognitive status of the participants,to predict,cognitive decline
accumulated tau,associated with,cognitive decline
accumulation of core Alzheimer's disease (AD) pathology,contributes to,cognitive decline
ADNI,associated with,cognitive decline
aging,contributes to,cognitive decline
Alzheimer disease,is associated with,cognitive decline
Alzheimer disease (AD),is associated with,cognitive decline
Alzheimer's disease,is associated with,cognitive decline
Alzheimer's disease,causes,cognitive decline
Alzheimer's disease (AD),is characterized by,cognitive decline
Alzheimer's disease pathology,does not necessarily lead to,cognitive decline
amyloid accumulation,has causal relationship with,cognitive decline
amyloid beta (Aβ) load,is associated with,cognitive decline
amyloid burden,impacts,cognitive decline
anesthesia,contribute to,cognitive decline
anesthesia,may contribute to,cognitive decline
Aβ + status,predicted,cognitive decline
Aβ pathology,may contribute to,cognitive decline
Aβ plaques,are less closely associated with,cognitive decline
"Aβ, tau, and neuroinflammation",are associated with,cognitive decline
APOE ɛ4 status,was associated with,cognitive decline
APOE ε4 allele,influences,cognitive decline
APOE ε4 allele,influence,cognitive decline
APOE ε4 allele,is associated with,cognitive decline
APOE ε4 allele carriers,do not cause,cognitive decline
astrocyte activation PRS,assessed predictive value for,cognitive decline
baseline plasma NfL,predicted,cognitive decline
baseline rate of change in (11)C-Pittsburgh compound B (PiB) Aβ-PET,predicts,cognitive decline
biomarker accumulation,is associated with,cognitive decline
biomarker accumulation,is related to,cognitive decline
biomarker accumulation,was related to,cognitive decline
biomarker accumulation,associated with,cognitive decline
biomarkers,can be used to predict,cognitive decline
biomarkers,associated with,cognitive decline
Blood-based neurodegenerative biomarkers,are associated with,cognitive decline
brain biomarkers of AD,predict,cognitive decline
brain injury,can be caused by,cognitive decline
brain injury,can lead to,cognitive decline
brain injury,is a cause of,cognitive decline
brain injury,is a common cause of,cognitive decline
chronic stress,is associated with,cognitive decline
Cluster 1 membership,predicted,cognitive decline
cognitive decline,is a common cause of,cognitive decline
cognitive status,were examined,cognitive decline
core Alzheimer's disease pathology,impact on,cognitive decline
core Alzheimer's disease pathology,has impact on,cognitive decline
CRF,impact on,cognitive decline
CRF,impact of,cognitive decline
CRF,has impact on,cognitive decline
CRF,may influence,cognitive decline
CRF-related differences,may influence,cognitive decline
cross-sectional biomarkers,can predict,cognitive decline
CSF α-syn Seed amplification assay kinetic parameters,were associated with,cognitive decline
degree of Tau pathology,is associated with,cognitive decline
dietary carotenoids,impact of,cognitive decline
disease,causes,cognitive decline
disruption,contributes to,cognitive decline
disruption,causes,cognitive decline
disruption,results in,cognitive decline
early tau deposition,is associated with,cognitive decline
eCRF,is associated with,cognitive decline
eCRF,associated with,cognitive decline
elevated baseline cerebrospinal fluid YKL-40 levels,were associated with,cognitive decline
four significantly predictive plasma markers,for,cognitive decline
FTP-PET,association between,cognitive decline
FTP-PET,associated with,cognitive decline
Functional impairment,is associated with,cognitive decline
genetic factors,influence,cognitive decline
GFAP,could predict,cognitive decline
GFAP,predict,cognitive decline
"GFAP, NEFL, AREG, and PPY",were significantly predictive plasma markers for,cognitive decline
identification and validation of biomarkers,associated with,cognitive decline
impact of CRF and core Alzheimer's disease pathology,is not well understood,cognitive decline
increasing plasma Aβ42/40 levels over time,were not associated with,cognitive decline
increasing pTau-181 levels over time,were not associated with,cognitive decline
lack of vitamin D,is associated with,cognitive decline
longitudinal Aβ,is linked to,cognitive decline
longitudinal rate of change in (11)C-Pittsburgh compound B (PiB) Aβ-PET,predicts,cognitive decline
medial temporal lobe tau-PET signal,are associated with,cognitive decline
metabolic stress,leads to,cognitive decline
neocortex,is associated with,cognitive decline
neuroaxonal aging,are associated with,cognitive decline
NFTs,are more closely associated with,cognitive decline
non-APOE polygenic risk score,influence,cognitive decline
NPS combined with plasma biomarkers,can predict,cognitive decline
NPTX2,is significantly associated with,cognitive decline
optimal threshold of tau accumulation,predictive of,cognitive decline
participants ability,to predict,cognitive decline
person who is amyloid positive,can predict,cognitive decline
PiB-PET measures,to predict,cognitive decline
PiB-PET measures,used to predict,cognitive decline
PiB-PET scan,can predict,cognitive decline
plasma amyloid beta,predicted,cognitive decline
plasma Amyloid β-peptides levels,predict,cognitive decline
plasma Amyloid β-peptides levels,used to predict,cognitive decline
plasma biomarkers,can predict,cognitive decline
Plasma NfL,predict,cognitive decline
plasma p-tau217,are associated with,cognitive decline
plasma phosphorylated tau181,could predict,cognitive decline
presence of amyloid beta,was associated with,cognitive decline
presence of tau,associated with,cognitive decline
propagation of tau deposition,is associated with,cognitive decline
proteins,had impact on,cognitive decline
rate of change in the PiB-PET measures,predict,cognitive decline
reduced neurotrophic support,is associated with,cognitive decline
region,is associated with,cognitive decline
several diseases,contribute to,cognitive decline
single PiB-PET scan,is sufficient to predict,cognitive decline
single PiB-PET scan,can predict,cognitive decline
single PiB-PET scan,can make the prediction of,cognitive decline
Sleep disorders disorder,was associated with,cognitive decline
statin initiation,is associated with,cognitive decline
surgery,contribute to,cognitive decline
surgery,may contribute to,cognitive decline
Tau burden,could predict,cognitive decline
Tau deposition,is associated with,cognitive decline
Tau pathology,is associated with,cognitive decline
Tau pathology,impacts,cognitive decline
Tau pathology,has been significantly associated with,cognitive decline
Tau pathology in higher motor regions,has been significantly associated with,cognitive decline
tau positron emission tomography (PET) scan,predicted,cognitive decline
Tau proteinopathy,is associated with,cognitive decline
tau secretion,linked to,cognitive decline
Tau-SUVR,predicted,cognitive decline
those with no apparent cause,differ in,cognitive decline
those with somatic comorbidities and Psy,differ in,cognitive decline
vascular aging,are associated with,cognitive decline
volume loss in the basal forebrain (BF),is associated with,cognitive decline
VRFs,have no impact on,cognitive decline
VRFs in AD,do not seem to impact,cognitive decline
VRFs in AD,do not seem to have any impact on,cognitive decline
VRFs in AD,do not impact,cognitive decline
VRFs in AD,do not have any direct impact on,cognitive decline
VRFs in AD,have no impact on,cognitive decline
Vulnerability to Aβ-related tau hyperphosphorylation,is associated with,cognitive decline
higher p181 levels,predicted,cognitive decline (PACC5)
long-term use of cocaine,is also associated with,cognitive decline affecting functions such as memory and executive processes
long-term use of opioids,is associated with,cognitive decline affecting functions such as memory and executive processes
older age at amyloid or tau PET positivity,was associated with,cognitive decline after symptom onset
amyloid beta ε4-modified amyloid beta,leads to,cognitive decline Alzheimer's disease AD
amyloid beta ε4-modified amyloid beta burden,leads to,cognitive decline Alzheimer's disease AD
periventricular Alzheimer's disease signals,are associated with,cognitive decline Alzheimer's disease AD
OptPRS,predicted,cognitive decline and AD phenotypes
OptPRS,predicted,cognitive decline and AD phenotypes of cerebral organoids
Tau,for the prevention or treatment of,cognitive decline associated with substance use
single PiB-PET scan,is sufficient to predict,cognitive decline in a person who is amyloid positive
AD,predict,cognitive decline in aging
AD,are associated with,cognitive decline in aging
brain biomarkers of AD,are risk factors for,cognitive decline in aging
combination of NPS and brain biomarkers of AD,is linked to,cognitive decline in aging
NPS,are risk factors for,cognitive decline in aging
NPS,predict,cognitive decline in aging
NPS,associated with,cognitive decline in aging
NPS and brain biomarkers of AD,predict,cognitive decline in aging
decrease in myelin,associated with,cognitive decline in Alzheimer's disease
neurofibrillary tangles,are associated with,cognitive decline in Alzheimer's Disease
pulse wave velocity,was not associated with,cognitive decline in any domain
known risk factors late-onset Alzheimer's disease,were associated with,cognitive decline in both early-onset Alzheimer's disease and late-onset Alzheimer's disease cohorts
short-term Aβ changes,are associated with,cognitive decline in clinically normal older adults
early tau deposition in areas related to Alzheimer's disease,is associated with,cognitive decline in cognitively unimpaired individuals
Tau and neurodegeneration,predicting,cognitive decline in memory clinics
APOE ε4 status,can help predict,cognitive decline in non-demented adults
neuropsychological scores,can help predict,cognitive decline in non-demented adults
plasma protein biomarkers,could predict,cognitive decline in non-demented individuals
plasma protein biomarkers,predict,cognitive decline in non-demented individuals
its exact influence,on,cognitive decline in non-demented older adults
anesthesia,may contribute to,cognitive decline in older adults
surgery,may contribute to,cognitive decline in older adults
test,predicted,cognitive decline in Parkinson's disease patients
LATE-NC,may have stronger impact on,cognitive decline in PART
formation of Neurofibrillary tangles,associated with,cognitive decline in patients
spread of Neurofibrillary tangles across the brain,associated with,cognitive decline in patients
accumulation of tau protein,is associated with,cognitive decline in patients with Alzheimer's disease
anesthesia and/or surgery,may contribute to,cognitive decline or acceleration of Alzheimer's disease-related pathology
Aβ,associated with,cognitive decline over time
tau,associated with,cognitive decline over time
degree of Tau pathology,is associated with,cognitive deficits
impaired insulin signaling,is thought to contribute to,cognitive deficits
impaired insulin signaling,contribute to,cognitive deficits
impaired insulin signaling,is thought to be a cause of,cognitive deficits
increased blood levels of homocysteine,are associated with,cognitive deficits
Tau pathology,is associated with,cognitive deficits
apolipoprotein E haplotype,associated with,cognitive deficits in amyotrophic lateral sclerosis
cerebrospinal fluid Aβ biomarkers,associated with,cognitive deficits in amyotrophic lateral sclerosis
impaired insulin signaling,is thought to be a cause of,cognitive deficits in the brain
dynamic changes in plasma NfL levels,are associated with,cognitive deterioration
interaction,could potentially impact,cognitive deterioration
interplay,potentially impacts,cognitive deterioration
SSD,is associated with,cognitive deterioration
Apolipoprotein allele 4 (APOE ε4) ε4,was associated with,"cognitive domains of episodic memory, executive functioning, processing speed, and language"
neurodegeneration,is closely associated with,cognitive dysfunction
tangles,are associated with,cognitive dysfunction
Aβ,related to,cognitive dysfunction associated with early AD
CN older adults,may be related to,cognitive dysfunction associated with early AD
early Aβ accumulation,may be caused by,cognitive dysfunction associated with early AD
sleep,related to,cognitive dysfunction associated with early AD
cerebral amyloid angiopathy,is a major cause of,cognitive dysfunction in the elderly
Apolipoprotein E ε4,have significant impact on,cognitive function
demographic factors,influence,cognitive function
its impact,on,cognitive function
levels,correlation between,cognitive function
range of biomarkers,influence,cognitive function
reading activity,improves,cognitive function
reading activity,to improve,cognitive function
sleep disorders,have significant impact on,cognitive function
vascular risk factors,influence,cognitive function
VRFs in AD,have no direct impact on,cognitive function
VRFs in AD,have no impact on,cognitive function
Amyloid-β 42/40,associated with,cognitive functioning
GFAP,associated with,cognitive functioning
neurodegenerative biomarkers,were associated with,cognitive functioning
NfL,associated with,cognitive functioning
biomarkers,are associated with,cognitive functions
Alzheimer's disease,causes,cognitive impairment
Alzheimer's disease,can lead to,cognitive impairment
Alzheimer's disease,can cause,cognitive impairment
Alzheimer's disease pathology,leads to,cognitive impairment
Amyloid-β depositions,causes,cognitive impairment
Amyloid-β depositions,are the cause of,cognitive impairment
Amyloid-β depositions,lead to,cognitive impairment
Amyloid-β depositions,result in,cognitive impairment
Amyloid-β depositions,are associated with,cognitive impairment
APOE ε4,is associated with,cognitive impairment
Apolipoprotein E (APOE) genotypes,have been suggested to influence,cognitive impairment
Apolipoprotein E ε4,can cause,cognitive impairment
Apolipoprotein E ε4,can jointly cause,cognitive impairment
Apolipoprotein E ε4,have significant impact on,cognitive impairment
Apolipoprotein E ε4 and sleep disorders,can lead to,cognitive impairment
Apolipoprotein E ε4 and sleep disorders,may result in,cognitive impairment
Apolipoprotein E ε4 and sleep disorders,can jointly cause,cognitive impairment
arterial stiffness,has been associated with,cognitive impairment
arterial stiffness,is associated with,cognitive impairment
burden of neurofibrillary tangles,is a cause of,cognitive impairment
cerebral amyloid angiopathy,is a cause of,cognitive impairment
cerebral amyloid angiopathy,is associated with,cognitive impairment
clinical Alzheimer's disease CSF biomarkers,are associated with,cognitive impairment
combination of Apolipoprotein E ε4 and sleep disorders,may cause,cognitive impairment
cSVD,causes,cognitive impairment
disease,can cause,cognitive impairment
disease,can lead to,cognitive impairment
disease,is associated with,cognitive impairment
disorder,is associated with,cognitive impairment
disrupted connectivity,may underlie the cause of,cognitive impairment
Downstream neurodegeneration,leads to,cognitive impairment
elevated pulse pressure,is associated with,cognitive impairment
elevated pulse pressure,has been associated with,cognitive impairment
extracellular tau species,may contribute to,cognitive impairment
fibrillar tau,has effect on,cognitive impairment
HbA1c,predicted,cognitive impairment
HbA1c ≥ 7%,predicted,cognitive impairment
imaging markers,are associated with,cognitive impairment
interaction between Apolipoprotein E ε4 and sleep disorders,may result in,cognitive impairment
interventions,contribute to,cognitive impairment
interventions,may contribute to,cognitive impairment
it,is proposed to contribute to,cognitive impairment
it,contribute to,cognitive impairment
It,is proposed to contribute to,cognitive impairment
it,proposed to contribute to,cognitive impairment
it,causes,cognitive impairment
neurofibrillary degeneration,contributes to,cognitive impairment
neurofibrillary degeneration,causes,cognitive impairment
neurofibrillary tangles,cause,cognitive impairment
neurofibrillary tangles,are a cause of,cognitive impairment
neurofibrillary tangles,is a cause of,cognitive impairment
neuropsychiatric symptoms,are associated with,cognitive impairment
NFL,associated with,cognitive impairment
PC 3,is associated with,cognitive impairment
poorer sleep quality,was associated with,cognitive impairment
sleep disorders,can cause,cognitive impairment
sleep disorders,can jointly cause,cognitive impairment
sleep disorders,have significant impact on,cognitive impairment
sleep quality,is associated with,cognitive impairment
sleep quality,associated with,cognitive impairment
SNPs,were associated with,cognitive impairment
these interventions,may contribute to,cognitive impairment
this relationship,may lead to,cognitive impairment
models,predicted,cognitive impairment across the entire cohort
hippocampal atrophy,increased the risk of,cognitive impairment in A+T+
inferior parietal hypometabolism,increased the risk of,cognitive impairment in A+T+
models,predicted,cognitive impairment in amyloid PET-positive individuals
elevated plasma Aβ(40),was associated with,Cognitive impairment in hypertension
activated microglia activation,caused,cognitive impairment in mice
computational modeling framework,to predict,cognitive impairment progression
framework,predicts,cognitive impairment progression
elevated HbA1c levels,are associated with,cognitive impairments
Temporal lobe epilepsy,is often associated with,cognitive impairments
lowered microglia activation,contributes to,cognitive improvement
cognition,suggests,cognitive limitations may have influenced understanding of the environment
Alzheimer's disease periventricular diffusivity,is associated with,cognitive outcomes
amyloid,has an impact on,cognitive outcomes
amyloid burden,are associated with,cognitive outcomes
amyloid burden,associated with,cognitive outcomes
PVeD,are associated with,cognitive outcomes
PVeD,associated with,cognitive outcomes
sex,has an impact on,cognitive outcomes
ML model,was developed to predict,cognitive outcomes at baseline and decline (slope)
Alzheimer's disease-related neurodegeneration imaging markers,were not associated with,cognitive performance
amyloid beta 42/40 ratio,was less so associated with,cognitive performance
biomarkers tested,were predictive of,cognitive performance
body mass index,has an impact on,cognitive performance
Dyslipidemia,has an impact on,cognitive performance
glial fibrillary acidic protein,were associated with,cognitive performance
glial fibrillary acidic protein,associated with,cognitive performance
Hypertension,has an impact on,cognitive performance
neurofilament light chain,were associated with,cognitive performance
neurofilament light chain,associated with,cognitive performance
phosphorylated tau (p-tau)181,was particularly associated with,cognitive performance
plasma p-tau217,was more associated with,cognitive performance
Tau pathology,is associated with,cognitive performance
microbleeds,are not associated with,cognitive performance in participants with Down syndrome
rate of change of soluble TREM2 sTREM2,is associated with,cognitive performance in the entire cohort
MIND diet,demonstrated a marginally greater impact on,cognitive preservation
AD dementia,is associated with,cognitive resilience
axonal degeneration,could impact,cognitive resilience
NPTX2,may be associated with,cognitive resilience
vascular pathology,could impact,cognitive resilience
plasma amyloid-β,were not associated with,cognitive severity
plasma tau concentrations,were not associated with,cognitive severity
amyloid status,were examined,cognitive status
CSF/Plasma ratio,found a significant difference in,Cognitive Status
CSF/Plasma ratio,associated with,Cognitive Status
eGFR and CSF AD biomarkers association,varies by,cognitive status
participants ability,to distinguish,cognitive status
proteins,associated with,Cognitive Status
it,was less associated with,cognitive status in A+ individuals
music therapy,has been shown to positively influence,cognitive status in older adults with Alzheimer's disease dementia
Plasma p-tau181,was associated with,cognitive status in the Dementia with Lewy bodies group
ability to predict cognitive decline,was examined,cognitive status of the participants
amyloid duration,has impact on,cognitive trajectories
amyloid duration,impacts,cognitive trajectories
estimated number of years an individual has been amyloid-positive,has impact on,cognitive trajectories
model,predict,cognitive trajectory
this high-risk population,for,cognitive trajectory
increased amyloid-beta deposition,is associated with,cognitively impaired older adults
amygdala tau,accumulates in,cognitively normal individuals
plasma biomarker changes,examined in,cognitively normal individuals
Amyloid-β,had impact,cognitively unimpaired
cognitively impaired individuals,compared to,cognitively unimpaired individuals
increased Aβ PET accumulation,in,cognitively unimpaired individuals
plasma p-tau217,compared to,cognitively unimpaired individuals
elevated pulse pressure,is associated with,cognitively unimpaired older adults
heterogeneity,because,cohort sizes were small
our analysis,used,colocalization and Mendelian randomization
effect of LBD,on,colon cancer
LBD,colocalization and pathway enrichment analysis suggested that,colon cancer
LBD,possibly shared causal variants,colon cancer
LBD,may mediate the causal association between,colon cancer
LBD,possibly shared causal variants (nearby gene APOE),colon cancer
LBD,causal association between,colon cancer
LBD,effect on,colon cancer
LBD,had effect on,colon cancer
genetically predicted AD,increased,colon cancer risk
genetically predicted AD,marginally increased,colon cancer risk
Alzheimer's disease,potential causal relationship between,colorectal cancer
Alzheimer's disease,has significant positive causal relationship with,colorectal cancer
Alzheimer's disease,has a significant positive causal relationship with,colorectal cancer
Alzheimer's disease,has common cause with,colorectal cancer
COLEC11,is a significant risk gene for,colorectal cancer
factors that cause Alzheimer's disease,may also cause,colorectal cancer
Genome-wide association study (GWAS) summary statistics,for,colorectal cancer
Alzheimer's disease (AD),has an origin that involves,combination
worsening on the ADAS-Cog11,was best predicted by,"combination of baseline plasma NfL, T-tau, and Aβ42/40 ratio"
researchers,identified,combination of small RNAs
adverse genetic effect,caused by,combined effect of the currently known genetic variants
the intervention,was feasible,combined with medical food
conditions,share,common cause
dementia,is associated with,common cause
AD,share,common genetic and inflammatory pathways
cannabis use,causal relationship between,common neuropsychiatric disorders
cannabis use,has a causal relationship with,common neuropsychiatric disorders
cannabis use,has causal relationship with,common neuropsychiatric disorders
PSP,is associated with,common variation in the tau gene (MAPT)
kidney function,impact of,commonly used AD biomarkers
serum NfL levels,after adjustment for,comorbid
dementia,is often involved in,comorbid Alzheimer's and vascular pathology
dementia,involves,comorbid Alzheimer's and vascular pathology
peripheral inflammation,was strongly associated with,comorbidities
predictive model,accounted for,comorbidities
Tau blood biomarkers,are influenced by,comorbidities
predictive model,accounted for,comorbidities of a history of stroke
predictive model,accounted for,comorbidities of arterial hypertension
predictive model,accounted for,comorbidities of kidney dysfunction
its impact,on,company's operations
model,was validated by,comparing the predicted and observed values of the target variable
p-value,for,comparison
greater positive predictive value,mediated by,complement pathways
greater positive predictive value,could be mediated by,complement pathways
markers,are available to measure,complex pathophysiology associated with Aβ and tau pathology
two cardinal neuropathologies,are associated with,complex pathophysiology of Aβ and tau pathology
subsequent analysis,revealed,complex protein regulation network
AD,leads to,complications
AD,through,complications
AD,causes,complications
death,is caused by,complications
amyloid composite biomarker,is associated with,composite biomarker frontal/parietotemporal cortices
worse behavior,assessed using,composite scores for executive function
worse behavior,assessed using,composite scores for language
distinct behavior,assessed using,composite scores for memory
worse behavior,assessed using,composite scores for memory
review,aims to provide,comprehensive understanding of how the factors that influence Alzheimer's disease progression are related to Alzheimer's disease progression
review,aims to provide,comprehensive understanding of how the factors that influence Alzheimer's disease progression are related to each other
review,aims to provide,comprehensive understanding of the factors that influence Alzheimer's disease progression
shared features,have led to,concept of 3 Type 3 Diabetes
analysis,alleviated,concerns related to pleiotropy
observed association,alleviated,concerns related to pleiotropy
longitudinal changes in plasma p-tau217,were associated with,concurrent changes in Aβ (both CSF and PET) and soluble tau pathology
p-tau217/Aβ42,were associated with,concurrent changes in Aβ (both CSF and PET) and soluble tau pathology
protein,is associated with,condition
substance,is associated with,condition
cognitive deficits,are associated with,conditions
cognitive deficits,are due to,conditions
impaired insulin signaling,is thought to be associated with,conditions
several genes,have been identified,conditions risk
several genes,influence,conditions risk
cognitive deficits,are associated with,conditions such as mild cognitive impairment and Alzheimer's disease
datasets,were used to,confirm causal association between six specific immune cells and AD
fluid biomarkers in CSF and plasma,have been efficient in,confirming AD pathology
link,is due to,confounding factors
multivariable Mendelian randomization analysis,to mitigate,confounding factors
misfolded tau proteins,spreading through,connection
regional brain atrophy,may be a cause of,connection between CSF complement protein levels and cognition
spreading of Misfolded tau proteins,can influence,connectivity
spreading of Misfolded tau proteins,can locally influence,connectivity
Researchers,applied,connectome-based predictive modeling
researchers,applied,connectome-based predictive modeling
tau depletion in human induced pluripotent stem cell-derived neurons,caused,considerable reductions in neuronal activity
multiple linear regression analysis,showed,constipation was associated with neurofilament light chain (NfL)
multiple linear regression analysis,also showed,constipation was associated with plasma p-Tau-181
multiple linear regression analysis,showed,constipation was associated with plasma t-Tau
head impacts,are common in,contact sports
processes,change in,context of causal disease variants of tau
results,demonstrate,context-dependence of the influence of Apolipoprotein E
progression to Alzheimer's disease Stage B+,was associated with,continuous p-tau217 and amyloid-PET burden
researchers or study authors,evaluated,continuous p-tau217 and amyloid-PET burden associated with higher risk of progression to Alzheimer's disease Stage B+
emergence of amyloid-β pathology,makes it difficult to determine,contribution of insoluble tau aggregates to the plasma p-tau signal in blood
increase in T-tau,is due to,contributions to blood levels from peripheral tissues
therapeutic efficacy of Aβ-focused interventions,due to,controversy
amyloid beta 1-38,is associated with,controversy in Alzheimer's disease (AD) progression in humans in vivo
amyloid-β (Aβ),is associated with,conversion
other CSF markers,were not predictive of,conversion
tau,is associated with,conversion
CSF markers,were not predictive of,conversion as an independent variable
elevated p-tau/Aβ(42),was predictive of,conversion as an independent variable
CSF YWHAG:NPTX2,predicted,conversion from A+T(1)+ cognitively normal to mild cognitive impairment
"blood-derived p-tau isoforms (181, 217, 231)",are used to predict,conversion from mild cognitive impairment (MCI) to AD dementia (ADD)
meta-analysis,aims to predict,conversion from mild cognitive impairment (MCI) to AD dementia (ADD)
"use of blood-derived p-tau isoforms (181, 217, 231)",to predict,conversion from mild cognitive impairment (MCI) to AD dementia (ADD)
serum Ile levels,significantly predicted,conversion from mild cognitive impairment to Alzheimer's disease
important factors,cause,conversion of Mild cognitive impairment
factor,causes,conversion of Mild cognitive impairment to Alzheimer's disease
Syn0,evaluated the potential of,conversion to Alzheimer's disease
Syn1,evaluated the potential of,conversion to Alzheimer's disease
plasma protein biomarkers,predict,conversion to Alzheimer's disease in patients with MCI
increasing depressive symptoms in men,contributed to,conversion to dementia in men
neuropsychiatric symptoms (NPS),have been associated with,conversion to dementia of the Alzheimer's Disease (AD) type
elevated p-tau/Aβ(42),was predictive of,conversion to DLB
elevated p-tau/Aβ(42),was predictive of as an independent variable,conversion to DLB
glial fibrillary acidic protein,are markers of,copathologies
neurofilament light,are markers of,copathologies
phosphorylated-tau,are markers of,copathologies
plasma β-amyloid-1-42/1-40,are markers of,copathologies
These markers,are associated with,copathologies
eCRF,was associated with,core AD biomarker accumulation
cognitive decline,may be influenced by,core Alzheimer's disease pathology
brain structural changes over time,are associated with,core cerebrospinal fluid (CSF) Alzheimer's disease (AD) biomarkers
brain structural changes over time,are associated with,core cerebrospinal fluid (CSF) Alzheimer's disease (AD) biomarkers phosphorylated tau (p-tau) and amyloid-β (Aβ42)
biomarkers,were associated with,core features in DLB
biomarkers,associated with,core features in DLB
goal,was to identify,core protein modules associated with age
goal,was to identify,core protein modules associated with sex
Alzheimer disease,no direct causal relationship between,coronary artery disease
Alzheimer disease,from a genetic perspective,coronary artery disease
SA,causal relationships between,Coronary artery disease
Hepatocyte Nuclear Factor 1A locus,is associated with,coronary artery disease CAD
OR(IVW)=1.26 [95% CI=1.15-1.39],for,Coronary artery disease risk
Sleep apnea,has a significant causal effect on,Coronary artery disease risk
Sleep apnea,has causal effect on,Coronary artery disease risk
AD,did not have a causal effect on,coronary atherosclerosis
AD,did not have a causal effect on,coronary heart disease
biomarkers,may be causal of,coronary heart disease
biomarkers,are associated with,coronary heart disease
associations,are likely due to,correlation between resting heart rate and other cardiovascular diseases
trajectory of apathy,was predicted by,cortical amyloid
tangle accumulation,is caused by,cortical Aβ
tangle accumulation,caused by,cortical Aβ
Tau,was strongly associated with,cortical Aβ
Tau phosphorylation,is caused by,cortical Aβ
Tau phosphorylation,caused by,cortical Aβ
amyloid beta,positive interaction between,cortical Aβ deposition
amyloid beta,interaction between,cortical Aβ deposition
CSF p-tau/Aβ42,is associated with,cortical Aβ deposition
baseline cognition,was best predicted by,cortical area change
cognitive change,was best predicted by,cortical area change
Tau burden in the locus coeruleus,was significantly associated with,cortical tau accumulation
biomarkers,associated with,cortical thickness
coupling measure,is associated with,cortical thickness
atrophy,has an impact on,cortical thinning
cerebrospinal fluid GAP-43 and plasma NfL,predicted,cortical thinning
elevated cortical tau deposition,is associated with,cortical thinning
subsequent gray matter atrophy,was associated with,cortical thinning
pathology,is due to,corticobasal degeneration
limited positive predictive value,for identifying,corticobasal degeneration pathology in life
sensitive and specific biomarkers,are needed for,corticobasal syndrome
challenge,is due to,cost
they,are often inaccessible,cost
"treatment of comorbidities (diabetes, visual impairment)",may positively impact,course of symptoms
frequency and severity of neuropsychiatric symptoms at baseline,was inserted as,covariate
age,included as,covariates
clinical diagnosis,included as,covariates
gender,included as,covariates
decline in global cognition,is associated with,CR
AD,remains unclear,CRC
AD,have a relationship with,CRC
AD,relationship between has not been determined,CRC
AD,relationship between has not been determined yet,CRC
AD,relationship is unknown,CRC
AD,causal,CRC
AD,is associated with,CRC
AD,has significant causal relationship with,CRC
AD,is causal positive with,CRC
AD,has causal significant relationship,CRC
AD,has significant positive relationship,CRC
AD,is positively associated with,CRC
AD,positive causal significant,CRC
AD,associated positive,CRC
AD,associated causal,CRC
AD,associated significant,CRC
AD,significant causal positive,CRC
AD,is causal associated with,CRC
AD,is positive associated with,CRC
AD,causal relationship between,CRC
AD,have a common underlying cause with,CRC
AD,is causally related to,CRC
AD,are linked with,CRC
AD,have a common underlying cause,CRC
AD,have a common cause,CRC
genes associated with AD,were validated in,CRC samples
"APOA1, APOC1, and PCSK9 as likely causal proteins for LDL-C, HDL-C, and TG",identified,credible set
increase,is associated with,Creutzfeldt-Jakob disease
increase,associated with,Creutzfeldt-Jakob disease
increase in CSF p-tau217 levels,is associated with,Creutzfeldt-Jakob disease
cognitive decline,may be influenced by,CRF
Aβ accumulation,beyond the effects of,cross-sectional Aβ burden
previous studies,have shown that,cross-sectional biomarkers can predict cognitive decline
effects,impact of,cross-sectional designs
impact of effects,has been studied in,cross-sectional designs
Plasma NfL levels,were negatively associated with,cross-sectional global cognition
longitudinal changes in cognition,are influenced by,cross-sectional β-amyloid (Aβ)
ADNI participants,included,cross-sectional/longitudinal p-tau(181)
Interleukin (IL)-6 signaling,influence on,CRP in amyloid-related pathologies
interleukin (IL)-6 signaling,influence,CRP in amyloid-related pathologies
interleukin (IL)-6 signaling,impact on,CRP in amyloid-related pathologies
genetic data,support,CRP-lowering through variation in the gene encoding IL-6 receptor may be associated with amyloid-related outcomes
biomarkers,are associated with,CSF
increased biomarker concentrations,are found in,CSF
serum C1q,rather than,CSF
eGFR,has significant impact on,CSF AD biomarkers
biomarkers,were associated with,CSF amyloid
biomarkers,associated with,CSF amyloid
it,was associated with,CSF amyloid levels
five modules,were associated with,CSF Amyloid-β42
MCI patients,have the influence of,CSF Aβ and tau
cSVD features,were negatively associated with,CSF Aβ(1-42)
vascular risk factors,was not associated with,CSF Aβ(1-42) or p-tau(181) changes over time
CSF p-tau,associated with,CSF Aβ1-42
Five BAs level,associated with,CSF Aβ1-42
relevant calculated ratios,associated with,CSF Aβ1-42
tau,associated with,CSF Aβ1-42
PRS,was negatively associated with,CSF Aβ1-42 levels
DBP,was negatively associated with,CSF Aβ40
CSF PDGFRβ levels,were not associated with,CSF Aβ42
DBP,was negatively associated with,CSF Aβ42
it,did not impact the progression of,CSF Aβ42
PP,was positively associated with,CSF Aβ42
SAA+ conversion,was associated with,CSF Aβ42 positivity
Aβ(42),were positively associated with,CSF at baseline
CSF sTREM2,were positively associated with,CSF at baseline
GFAP,were positively associated with,CSF at baseline
phosphorylated-tau (P-tau),were positively associated with,CSF at baseline
total tau (T-tau),were positively associated with,CSF at baseline
CAA patients,without,CSF biomarker profile associated with AD
CAA-AD- group,did not have,CSF biomarker profile associated with AD
neuropsychiatric symptoms,is not affected by,CSF biomarker profile associated with AD
two groups,were divided,CSF biomarker profile associated with AD
DBP,are associated with,CSF biomarkers
factors,included,CSF biomarkers
its impact,on,CSF biomarkers
negative associations,are associated with,CSF biomarkers
association,partly mediated by,CSF C1q and sTREM2 levels
regional brain atrophy,is associated with,CSF complement protein levels
it,is not associated with,CSF GFAP
APOE ε4 carrier status,was associated with,CSF levels of phosphorylated tau
MHT use,was associated with,CSF levels of phosphorylated tau
MHT use in interaction with APOE ε4 carrier status,was associated with,CSF levels of phosphorylated tau
CSF amyloid beta (Aβ)(42/40),was associated with,CSF neurofilament light (NfL)
CSF p-tau(181),was directly associated with,CSF neurofilament light (NfL)
atrophy,are triggered independently of,CSF p-tau
decline,are triggered independently of,CSF p-tau
MTL longitudinal atrophy and EM decline,occurs independently of,CSF p-tau
CSF amyloid beta (Aβ)(42/40),was associated with,CSF p-tau(181)
CSF α-synuclein,influenced,CSF p-tau181 levels
it,did not impact the progression of,CSF p-tau181 status
AD-related pathologies,are associated with,CSF p-tau217
elevated CSF p-Tau(181),was associated with,CSF PGRN decrease
CSF soluble triggering receptor expressed on myeloid cells 2,directly influenced,CSF phosphorylated tau-181
metformin,impact on,CSF proteins
C1q,is associated with,CSF sTREM2
CSF,were positively associated with,CSF sTREM2
Serum C1q,was negatively associated with,CSF sTREM2
CSF α-synuclein,influenced,CSF t-tau and p-tau181 levels
CSF α-synuclein,influences,CSF t-tau and p-tau181 levels
CSF α-synuclein,influence,CSF t-tau and p-tau181 levels
CSF α-synuclein,influenced,CSF t-tau levels
BBB integrity,impact on,CSF tau levels
inflammatory pathways,involving,CSF TNFR1 and ICAM-1
Alzheimer's disease,causal relationship between,CSVD-related phenotypes
Alzheimer's disease,significantly impacted by,CT1812
symptoms,especially in,CTE
cognitive decline,in,CU and CI individuals
decline in BF and hippocampal volumes,in,CU Aβ+ group
decline in memory and attention,in,CU Aβ+ group
SAA,had no influences on,CU individuals
neurotoxicity,caused by,Cu-activated microglia brain-resident immune cells
neurotoxicity,was caused by,Cu-activated microglia brain-resident immune cells
WZ4003,results in,culture-phase-dependent loss
WZ4003,results in,culture-phase-dependent loss of total tau and p-tau Ser356
participants,discussed,"current evidence for a causal relationship among amyloid accumulation, tau alteration, and cognitive decline"
plasma levels of glial fibrillary acid protein (GFAP),associated with,current Neuropsychiatric symptoms
plasma levels of neurofilament light chain (NfL),associated with,current Neuropsychiatric symptoms
plasma levels of neurofilament light chain (NfL),are associated with,current neuropsychiatric symptoms
plasma levels of tau phosphorylated at threonine 181 (pTau181),associated with,current Neuropsychiatric symptoms
plasma levels of glial fibrillary acid protein (GFAP),are associated with,current NPS
plasma levels of neurofilament light chain (NfL),are associated with,current NPS
plasma levels of tau phosphorylated at threonine 181 (pTau181),are associated with,current NPS
increased NfL level,associated with,current severity of atrophy
increased NfL level,associated with,current severity of hypometabolism
conversion from mild cognitive impairment to Alzheimer's disease,with,cutoff value of 78.3 μM
AD,co-occur with,CVD
CVD biomarkers,are associated with,CVD
range of biomarkers,associated with,CVD
cortical thickness,included,cytokine CD40 ligand
ApoeCh,was the cause of,DAM signatures
ApoeCh,was the cause of,DAM signatures induced by ApoeCh
causal correlation between 338 Cerebrospinal fluid biomarkers,and,danger of 4 dementia categories
AD,was causally associated with,Danish pastry intake
apolipoprotein E,impacts,data
causal mediation analysis,requires,"data measured on exposure, outcome, mediator and confounding variables"
researcher,gathered,data on the impact of the new policy
Amyloid-beta PET quantitation,is determined by,data type
accurate etiological diagnosis,is becoming increasingly important,dawning era of disease modifying treatments
biomarkers,are associated with,DBP
negative associations,are associated with,DBP
negative associations,are associated with,DBP biomarkers
EPAD,in,DBP was negatively associated with CSF Aβ42
AD,leads to,death
AD,causes,death
Alzheimer disease,does not directly cause,death
Alzheimer disease,was the sixth leading cause of,death
complications,can lead to,death
complications,lead to,death
complications,cause,death
complications caused by AD,lead to,death
abnormal tau deposition in the participants cortex,predicts,decline
amyloid beta,was associated with,decline
cognitive outcome measures,are sensitive to capture,decline
loss,results in,decline
measures,are sensitive to capture,decline
measures,sensitive to capture,decline
Parkinson disease,is predicted to,decline
presence of amyloid beta,was associated with,decline
signal,was associated with,decline
individuals with atypical AD,are being predicted to,decline clinically
combination of plasma phosphorylated tau 217 with baseline digital cognitive assessment combination,predicted,decline in a global cognitive screening test
temporal volumes,predicted,decline in Alzheimer's disease
biomarkers of AD pathology,are useful to predict,decline in an older asymptomatic population
loss,results in,decline in cognitive abilities
loss of neurons,results in,decline in cognitive abilities
loss of neurons and synapses,results in,decline in cognitive abilities
loss of synapses,results in,decline in cognitive abilities
loss of neurons and synapses,results in,decline in cognitive abilities and functional capacity
inferior temporal neocortical tangle burden,was associated with,decline in episodic memory
loss,results in,decline in functional capacity
loss of neurons,results in,decline in functional capacity
loss of neurons and synapses,results in,decline in functional capacity
baseline NfL,did not predict,decline in global cognition
Baseline NfL,did not predict,decline in global cognition
inferior temporal neocortical tangle burden,was associated with,decline in global cognition
Plasma NfL,is associated with,decline in global cognition
hippocampal tangle burden,was associated with,decline in global cognition and episodic memory
Plasma NfL,is associated with,decline in global cognition during CR
plasma NfL,is associated with,decline in global cognition during CR
depression together with prefrontal and hippocampal tau burden,were associated with,decline in memory
gait speed,predicts,decline in processing speed
energy failure state,leads to,decline in synaptic function
gait speed,predicts,decline in visuospatial abilities
Alzheimer's disease,is characterized by,decline of white matter integrity
increased NfL level,is associated with,decline of white matter integrity
increased NfL level,associated with,decline of white matter integrity
presence of amyloid beta,was associated with,decline over 2 years
Parkinson's disease,was predicted to,decrease
short telomere length,causal association of,decrease in appendicular lean mass
short telomere length,associated with,decrease in appendicular lean mass
levels of specific plasma biomarkers,can predict,decrease in CBF
restructuring,resulted in,decrease in employee morale
main objectives,were to test whether,decrease in myelin is associated with enhanced rate of fibrillar tau accumulation and cognitive decline in Alzheimer's disease
short telomere length,is associated with,decreased appendicular lean mass
higher tau-PET,was associated with,decreased domain-specific network connectivity
protection of axons,leads to,decreased dystrophic neurite formation
protection of axons,results in,decreased dystrophic neurite formation
cognitive decline,is associated with,decreased gBOLD-CSF coupling
cortical thinning,is associated with,decreased gBOLD-CSF coupling
Tau deposition in Aβ+ participants,is associated with,decreased gBOLD-CSF coupling
rs34294852 minor allele,was associated with,decreased GPX3
reductions in SV2A,were associated with,decreased levels of other synaptic proteins
hyper-phosphorylated tau protein,leads to,decreased neuronal stability
genetically predicted possibility,of,decreased prostate cancer risk
amyloid-positive/tau-negative individuals,had mainly,decreased proteins associated with neuroplasticity
Attention-deficit/hyperactivity disorder,is associated with,decreased risk for Alzheimer's disease
specific flora,are associated with,decreased risk of dementia
elevated systolic and diastolic blood pressure levels,were associated with,decreased risk of dementia in Alzheimer's disease
elevated eGFR-cys levels,are associated with,decreased risk of LOAD
elevated levels of eGFR-cys,are associated with,decreased risk of LOAD
activation of the PI3K-AKT pathway,led to,decreased VCAM1 expression
PI3K-AKT pathway,was activated,decreased VCAM1 expression
S3,led to,decreased VCAM1 expression
S9,led to,decreased VCAM1 expression
higher risk of Alzheimer's disease,was causally associated with,decreased volumes
higher plasma p-tau181 levels,were associated with,decreased volumes in dentate gyrus bilaterally
higher plasma p-tau181 levels,were associated with,decreased volumes in hippocampal formation CA1
higher plasma p-tau181 levels,were associated with,decreased volumes in right entorhinal cortex
higher plasma p-tau181 levels,were associated with,"decreased volumes in the CA1 and dentate gyrus, bilaterally, and right entorhinal cortex"
higher risk of Alzheimer's disease,was causally associated with,decreased volumes of the left hippocampal body
higher risk of Alzheimer's disease,was causally associated with,decreased volumes of the left whole hippocampus
amyloid protein burden,is associated with,decreasing CBF in cerebral blood flow lobe
increasing amyloid protein burden,with,decreasing CBF in cerebral blood flow lobe
higher baseline NfL,predicted,decreasing mid-temporal cortical volume
markers,were associated with,deep CMBs
findings,provide,deeper insights into the impact of phosphorylation on tau aggregation
hippocampal-specific insulin resistance,causes,deficits
hippocampal-specific insulin resistance,is related to,deficits in glutamatergic synapses
apolipoprotein E IL-7 level,is negatively associated with,degree of hippocampal atrophy
cognitive deficits,are associated with,degree of Tau pathology
goal,was to investigate,degree tau is associated with cortical Aβ deposition
goal,was to investigate,degree to which tau is associated with cortical Aβ deposition
onset of cognitive dysfunction,may be,delayed
LC tau burden,was indirectly associated with,delayed memory
AD,was the cause of,dementia
all-cause dementia,is a type of,dementia
Alzheimer's disease,is a leading cause of,dementia
Alzheimer's disease,can cause,dementia
Alzheimer's disease,is the most common pathology associated with,dementia
Alzheimer's disease,is a common cause of,dementia
Alzheimer's disease,is the most common cause of,dementia
Alzheimer's disease,is the leading cause of,dementia
Alzheimer's disease (AD),a leading cause of,dementia
Alzheimer's disease (AD),is the leading cause of,dementia
Alzheimer's disease (AD),is the most common cause of,Dementia
Alzheimer's disease (AD),is a leading cause of,dementia
Alzheimer's disease (AD),is the most common cause of,dementia
Alzheimer's Disease (ad),is the most common cause of,dementia
Alzheimer's disease AD,causes,dementia
APOE ε4 carriership,has effect on,dementia
Beta-amyloid pathology,is a cause of,dementia
CAA,associated with,dementia
cerebral amyloid angiopathy (caa),is associated with,dementia
common cause,of,dementia
common pathology,associated with,dementia
conversion from MCI,was associated with,dementia
conversion of MCI,to,dementia
deposition of beta-amyloid (Aβ),leads to,dementia
different factors,in individuals with,dementia
disease,can lead to,dementia
disease mechanisms,may cause,dementia
disorder,is a leading cause of,dementia
divorce,associated with,dementia
genetic susceptibility in bacterial pathways,causal relationships between,dementia
genetic susceptibility in the gut microbiota bacterial pathways,were identified with,dementia
genetic susceptibility in the gut microbiota taxa,causal relationships between,dementia
genetic susceptibility in the gut microbiota taxa,were identified with,dementia
gut microflora,causal connection between,dementia
higher resting heart rate,association between,dementia
higher resting heart rate,may not be causal,dementia
it,is the most common cause of,dementia
leading cause,of,dementia
many pathologies,are associated with,dementia
many pathologies,are the cause of,dementia
Metabolic-dysfunction associated steatotic liver disease-related diseases,causal relationships between,dementia
migraine,causal relationship with,dementia
migraine,no clear causal relationship between,dementia
migraine,has causal relationship with,dementia
migraine,causal relationship between,dementia
older adults,at increased risk for,dementia
Osteoarthritis,is associated with,dementia
osteoarthritis,is associated with,dementia
plasma Amyloid β-peptides levels,predict,dementia
repetitive head impacts,may cause,dementia
resting heart rate,associated with,dementia
resting heart rate,associations between,dementia
several proteins,were not the direct causes of,dementia
structural damages caused by variable BP,may increase risk of,dementia
TauPC1,is associated with,dementia
their influence,on,dementia
their influence,is underexplored,dementia
this neurodegenerative disorder,is the leading cause of,dementia
traumatic brain injury,may cause,dementia
vascular dementia (vad),is the second most common cause leading to,dementia
widowhood,associated with,dementia
Females,are disproportionately affected by,dementia due to Alzheimer's disease
Aβ1-42/1-40 ratios,remained low in,dementia groups
peripheral interleukin-6,is associated with,dementia in AD
their influence,on,dementia in Alzheimer's disease
their influence,on,dementia in Parkinson's disease
alterations of all three modules in blood,were associated with,dementia more than 20 years before diagnosis
inverse MR analysis,testing the causal effects of,dementia on lipids
Alzheimer's disease,synergistic impact of,dementia risk
depressive symptom trajectories,influenced,dementia risk
depressive symptom trajectories,had effects on,dementia risk
retinal nerve fiber layer thickness,has effect on,dementia risk
white matter injury,synergistic impact of,dementia risk
neuropsychiatric symptoms,independently predict,dementia severity in AD
benefits in depressive symptoms,influenced by,dementia subtype
benefits in quality of life,influenced by,dementia subtype
single nucleotide polymorphisms (SNPs),associated with,dementia subtype
gut microflora,has causal connection with,dementia subtypes
five types of dementia,included,dementia with Lewy bodies
four proteins,were associated with,dementia with Lewy bodies
lower tau,was associated with,dementia with Lewy bodies
mitochondrial protein gene variants,notably with,dementia with Lewy bodies
neurodegenerative diseases,notably associated with,dementia with Lewy bodies
TauC3 pathology,was associated with,dementia with Lewy bodies
These markers,are associated with,dementia with Lewy bodies
potential causal associations,of,dementia with Lewy bodies (DLB)
cognitive status,was associated with,Dementia with Lewy bodies group
Alzheimer's disease,is the leading cause of,dementia worldwide
plasma Amyloid β-peptides levels,are used to predict,"dementia, Alzheimer's disease and cognitive decline"
plasma lipid species,have negative causal relationships with,dementias
plasma lipid species,have causal relationships,dementias
possible causal connections,among,dementias
impact,was adjusted for,demographic and molecular covariates
ε3 allele ε4 allele platform,used,demographic and molecular covariates
Alzheimer's disease,is influenced by,demographic factors
disease,is influenced by,demographic factors
heterogeneity,is influenced by,demographic factors
factors,included,demographics
six,were associated with,DEP
plasma protease activity,contributes to,depletion
higher amyloid-β burden,was significantly associated with,depletion of protective genera
APOE genotype,influences,deposition of all types of amyloid
APOE genotype,influences,deposition of all types of amyloid pathology
Alzheimer's disease,is associated with,depression
amyloid plaque burden,was associated with,depression
amyloid plaques,may differentially influence,depression
Apolipoprotein E4 (ApoE4),is associated with,depression
longitudinal cognitive changes,are associated with,depression
NPS,is associated with,depression
soluble oligomeric Aβ,may differentially influence,depression
tau burden,depending on,depression
traumatic brain injury,had little causal association with,depression
traumatic brain injury,have little causal association with,depression
traumatic brain injury,was not associated with,depression
emotional state,play a role in,depression and anxiety disorders
Gut-mood relationship,plays a role in,depression and anxiety disorders
gut-mood relationship,play a role in,depression and anxiety disorders
IgA nephropathy,has positive causal relationship with,depressive disorder
amygdala,is associated with,depressive symptoms
amygdala lateral nuclei,are associated with,depressive symptoms
GFAP,were associated with,depressive symptoms
individuals with dementia,may have different underlying causes of,depressive symptoms
individuals with mild cognitive impairment,may have different underlying causes of,depressive symptoms
individuals with normal cognition,may have different underlying causes of,depressive symptoms
NfL,were associated with,depressive symptoms
plasma neurofilament light chain (NfL),is associated with,depressive symptoms
insulin-based therapies,can cause,desensitizing insulin signaling
insulin-based therapies,will cause,desensitizing insulin signaling
this comprehensive review,may contribute to,design and discovery of next-generation dual-targeting drugs for Aβ and tau
plasma p-tau signal in blood,difficult to,determine
AD,associated with,detrimental effect of aggregated amyloid beta on cognition
Apolipoprotein E4,increases the risk of,developing AD
genes,influenced by,developing other dementias
assessing the causal relationship,is important for,developing public health measures
multifactorial process,causes,development
incomplete understanding of the normal functions of tau protein,is in part due to,development and aging
dysregulated pathways,may lead to,development and early detection of late onset Alzheimer's disease
tau and Aβ,combined effect of,development and progression of Alzheimer's disease
sleep and its interaction with APOE ε4,influence,development of AD
αSyn co-pathology,thereby contributes to,development of aggregated tau
advanced AD,contributes to,development of aggregated tau pathology
Advanced AD,contributes to,development of aggregated tau pathology
αSyn co-pathology,contributes to,development of aggregated tau pathology
multifactorial cause,causes,development of Alzheimer's disease
multifactorial process,causes,development of Alzheimer's disease
they,enhance,development of amyloid-beta Alzheimer's disease therapies
prolonged use of antibiotics,can lead to,development of antibiotic resistance
use of antibiotics,has led to,development of antibiotic-resistant bacteria
its accumulation,is associated with,development of cognitive and functional impairments in patients with Alzheimer's disease
tau protein accumulation,contributes to,development of cognitive and functional impairments in patients with Alzheimer's disease
tau protein accumulation,contributes to,development of cognitive impairments in patients
elevated brain temperature,may lead to,development of exacerbated brain injury
tau protein accumulation,contributes to,development of functional impairments in patients
these pathways,may lead to,development of late onset Alzheimer's disease
biological profile at PD onset,may predispose to,development of MC
review,lead to,development of more effective therapeutic strategies for Alzheimer's disease AD
this review,may lead to,development of more effective therapeutic strategies for Alzheimer's disease AD
Alzheimer's disease,is associated with,diabetes
apolipoprotein (APOE) ε4 allele,predicted,diabetes
Hepatocyte Nuclear Factor 1A locus,is associated with,diabetes
incidence of sporadic Alzheimer's disease,was tightly associated with,diabetes
insulin deficiency,is a cause of,diabetes
insulin therapy,is a cause of,diabetes
mortality of sporadic Alzheimer's disease,was associated with,diabetes
plasma p-tau(217)/Aβ(42),was associated with,diabetes
association between plasma NfL and changes in ADAS-Cog scores,is influenced by,diabetes mellitus
association between plasma NfL and changes in ADAS-Cog scores,not influenced by,diabetes mellitus
Alzheimer's disease medications,may be inspired by,diabetic medication
Future Alzheimer's disease medications,may be inspired by,diabetic medication
future Alzheimer's disease medications,may be inspired by,diabetic medication
Alzheimer disease,are diseases associated with,DIAD
longitudinal cognitive decline,is an outcome for,diagnosis and predictive accuracy
highest potential,is for,diagnosis and predictive accuracy of longitudinal cognitive decline
lack of modalities,due to,diagnosis and prognosis
changes in Alzheimer's Disease core biomarkers,contribute to,diagnosis of Progressive Supranuclear Palsy
PSP-specific changes,contribute to,diagnosis of Progressive Supranuclear Palsy
PSP-specific changes,may contribute to,diagnosis of Progressive Supranuclear Palsy
exploring neurodegenerative diseases from epigenetic perspective,may contribute to,"diagnosis, prognosis, and treatment"
ethnicity,no influence on,diagnostic accuracy of plasma p-tau217
ethnicity,influence,diagnostic accuracy of plasma tau phosphorylated at threonine 217 (p-t
ethnicity,influence on,diagnostic accuracy of plasma tau phosphorylated at threonine 217 (p-tau217) in identifying Alzheimer's disease
influence of ethnicity,examined,diagnostic accuracy of plasma tau phosphorylated at threonine 217 (p-tau217) in identifying Alzheimer's disease
Polygenic risk scores (PRS),may therefore improve,diagnostic classification
results,are associated with,diagnostic inaccuracy
confounding factors,influence,diagnostic performance
confounding factors,impact of,diagnostic performance
confounding factors,evaluated to assess,diagnostic performance
researchers,are exploring,diagnostic potential of fluid biomarkers in CSF and plasma
researchers,are exploring,diagnostic potential of fluid biomarkers in plasma
APOE4 testing,contributes to,diagnostic refinement
CSF profiles,were not associated with,differences in brain structures and metabolism
high-amyloid CSF profiles,were not associated with,differences in brain structures and metabolism
CSF profiles,were not associated with,differences in cognition
high-amyloid CSF profiles,were not associated with,differences in cognition
inconsistencies,were likely due to,differences in measurement techniques
inconsistencies,were due to,differences in measurement techniques
methodological heterogeneity,was likely due to,differences in measurement techniques
inconsistencies,were due to,differences in sample handling
inconsistencies,were likely due to,differences in sample handling
methodological heterogeneity,was due to,differences in sample handling
inconsistencies,were due to,differences in study designs
inconsistencies,were likely due to,differences in study designs
methodological heterogeneity,was likely due to,differences in study designs
human astrocytes,energy metabolism is influenced by,different apolipoprotein
energy metabolism of human astrocytes,is impacted by,different apolipoprotein E isoforms
energy metabolism of human astrocytes,is influenced by,different apolipoprotein E isoforms
depressive symptoms,may have,different biological causes
depressive symptoms,may be caused by,different biological factors
clinical heterogeneity in people with autosomal dominant Alzheimer's disease,is caused by,different effects of presenilin 1 variants on γ-secretase and amyloid β production
brain structures,associated with,different extensive PVS burden phenotypes
neurodegenerative diseases,associated with,different extensive PVS burden phenotypes
depressive symptoms,may be caused by,different factors
reactive astrogliosis,is indicated by,different fluid biomarkers
APOE impact,is not the same across,different populations
Alzheimer's disease subtypes,are associated with,different risk factors
Alzheimer's disease subtypes,is associated with,different risk factors
each subtype,being associated with,different risk factors
subtype,is associated with,different risk factors
subtypes,are associated with,different risk factors
it,may nonetheless forecast,different status of dementia progression
AD pathology,contribute to,different sub-syndromes
Alzheimer's disease pathology,contribute to,different sub-syndromes
Alzheimer's disease pathology,may contribute to,different sub-syndromes
cerebral small vessel disease,contribute to,different sub-syndromes
cerebral small vessel disease,may contribute to,different sub-syndromes
diseases,contribute to,different sub-syndromes
diseases,contribute to independently,different sub-syndromes
SVD,contribute to,different sub-syndromes
Alzheimer's disease pathology,contribute to,different sub-syndromes independently
cerebral small vessel disease,contribute to,different sub-syndromes independently
individuals with mild cognitive impairment,may have,different underlying causes of depressive symptoms
subtypes of atrophy,are associated with,different underlying pathologies
Apolipoprotein E,leads to,differential statin benefit in Alzheimer's
Aβ42/Aβ40 ratio,could potentially be used for,differentiation
mice expressing mutant human amyloid precursor protein (APP),caused,differing vulnerability of memory and emotional neural circuits
Alzheimer's disease,makes,difficult to predict
cognitive impairment (CDR scores),was associated with,diffuse and compact amyloid-beta plaques
Apolipoprotein E (ApoE) polyunsaturated fatty acid-containing phospholipids,cause,dimerization and multimerization of apolipoprotein E (ApoE)
neuroinflammation,is caused by,diminished ability of microglia to clear amyloid-beta peptides
elevated tau deposition,is associated with,diminished cognitive function
Multivariable MR (MVMR) analysis,was conducted to assess,direct causal effect of neurodegenerative diseases on CRC
future research,should extend beyond,direct causal inference
hippocampal volume,is the,direct cause
Mendelian randomization,indicated,direct causes of the disease
Mendelian randomization in the reverse direction,indicated,direct causes of the disease
several proteins,were not,direct causes of the disease
pathologic Tau,causes,direct effect on glucose metabolism
APOE ε4 carriership,is partly due to,direct effects
P-tau,not due to,direct effects
effect,is not due to,direct effects of P-tau on the efficiency of the electron transport chain
the causal relationship,was reverse,direction
NE3107,was associated with,directional changes in brain glutathione levels
genetic instruments,can be used to,discern causal links
Genetic instruments,can be used to,discern causal links
Genetic instruments,are used to,discern causal links
CSF sTREM2,was associated with,discordant Cerebrospinal fluid Aβ42 /PET
amyloid-removing therapies,have been associated with,discordant findings
recent amyloid-removing therapies,have been associated with,discordant findings
AD-PRS without APOE,significantly contributed to,discriminating AD from LBD
AD,is the,disease
amyotrophic lateral amyotrophic lateral sclerosis,is associated with,disease
genes,cause,disease
insulin-based therapies,will cause,disease
molecular and cellular processes,associated with,disease
neurodegeneration,is a type of,disease
Presenilin 1 gene V261I,caused,disease
protein,was associated with,disease
protein,associated with,disease
causal/mechanistic modeling of Alzheimer's Disease progression,has modeled,disease at the cellular level
measure of global tau burden,changes throughout,disease course
biological processes,may contribute to,disease etiology
biological processes reflecting circulating biomarkers,contribute to,disease etiology
biomarkers,contribute to,disease etiology
biomarkers,may contribute to,disease etiology
neurodegenerative biomarkers,across,disease groups
imbalance,might be due to,disease heterogeneity
longitudinal heterogeneous changes in Alzheimer's disease,may influence,disease mechanisms
pathways,influence,disease mechanisms
repetitive head impacts,may cause,disease mechanisms
repetitive head impacts,may be caused by,disease mechanisms
traumatic brain injury,may be caused by,disease mechanisms
traumatic brain injury,may cause,disease mechanisms
causal/mechanistic modeling of Alzheimer's Disease progression,has modeled,disease on a short time scale
amyloid,associated with,disease progression
differences in the spatial pattern and magnitude of tau burden,might affect,disease progression
"elevated biomarkers (CSF/plasma p-tau, CSF t-tau, and plasma neurofilament light)",were associated with,disease progression
expansions,associated with,disease progression
expansions,are associated with,disease progression
expansions in magnitude,associated with,disease progression
expansions in magnitude,are associated with,disease progression
expansions in regional scope,associated with,disease progression
expansions in regional scope,are associated with,disease progression
interplay between amyloid and α-syn,is associated with,disease progression
models,should also predict,disease progression
α-syn,associated with,disease progression
PD patients,have affected,disease progression
synapse growth,can exacerbate,disease progression
unawareness,contributes to,disease progression
plasma proteins abundance,co-localization of,disease risk
plasma proteins abundance,co-localization between,disease risk
biomarker operationalizations,impact of,disease severity
impact of biomarker operationalizations,when assessing,disease severity
mediating proteins,were associated with,disease severity
microbleeds,are associated with,disease severity
microbleeds in participants with Down syndrome,are associated with,disease severity
pathways,were associated with,disease severity
researchers,should take into account,disease severity
unawareness,contributes to,disease severity
microbleeds,are associated with,disease severity in participants with Down syndrome
tau species seed modifications,are the cause of,disease trajectory
"association between accumulated tau, neurodegeneration, and cognitive decline",is critical for,disease understanding and clinical trial design
clinical implementation,with the introduction of,disease-modifying therapies
identifying patients,could benefit from,disease-modifying therapies
measurements,included,disease-relevant modules
Alzheimer's disease pathology,aggravate the same symptoms,diseases
Aβ42/Aβ40 ratio,could potentially be used to differentiate,diseases
biomarkers,are associated with,diseases
cerebral small vessel disease,aggravate the same symptoms,diseases
circulating biomarkers,are associated with,diseases
circulating biomarkers,have causal relationships with,diseases
sex hormones,are associated with,diseases
sex hormones,are thought to be strongly associated with,diseases
Alzheimer's disease,is one of,diseases caused by tau's pathogenesis
susceptibility of pathologic tau to templated seeding,occurs in,diseases like Alzheimer's disease (AD) and Progressive Supranuclear Palsy (PSP)
templated seeding,occurs in,diseases like Alzheimer's disease (AD) and Progressive Supranuclear Palsy (PSP)
Alzheimer's disease,included,disorders
anxiety disorders,included,disorders
depressive disorders,included,disorders
inflammatory markers,connections between,disorders
multiple sclerosis,included,disorders
Parkinson's disease,included,disorders
unexplained encephalopathy,included,disorders
fibrillar tau,may be due to,disrupted connectivity
regions,are associated with,disrupted connectivity
impaired glial function,is caused by,disrupted CSF water regulation
misfolded tau proteins spreading through connection,is locally associated with,disrupted functional connectivity
findings,are associated with,disrupted ventral default mode network connectivity in Alzheimer's disease
abnormality,causes,disruption in the brain network
dysregulation of lipid composition,results in,disruption of the microenvironment
brain signatures,were associated with,disruptions
brain signatures,were associated with,disruptions in pathways
thioflavin T assay,assesses,dissociation of tau K18 aggregates
Traditional Oriental Medicines,cause,dissociation of tau K18 aggregates
Traditional Oriental Medicines,caused,dissociation of tau K18 aggregates
Adding NfL+,had no additional impact within,distinct A/T groups
asymmetrical tau burden,is associated with,distinct behavior
variations,are associated with,distinct cognitive and clinical outcomes
variations in tau accumulation patterns,are associated with,distinct cognitive and clinical outcomes
ApoeCh,was the cause of,distinct DAM signatures
ApoeCh,caused,distinct DAM signatures
functional impact,of,distinct haplotype configurations
N markers,are associated with,distinct neurodegenerative processes
application of multiple levels of tau,predicts,distinctive cognitive trajectories
multiple levels of tau,predicts,distinctive cognitive trajectories
new Alzheimer's disease staging framework,clearly predicts,distinctive cognitive trajectories
application of multiple levels of tau,predicts,distinctive cognitive trajectories in the new Alzheimer's disease staging framework
early cognitive decline,is associated with,distinctive spatiotemporal correlations
temporal accumulations of interlinked Aβ and tau pathology,are associated with,distinctive spatiotemporal correlations
temporal accumulations of interlinked Aβ and tau pathology,display,distinctive spatiotemporal correlations
CSF biomarker profile,used to,distinguish between the two groups
ability of the participants,to,distinguish cognitive status
participants,had the ability to,distinguish cognitive status
participants,examined the ability of,distinguish cognitive status and predict cognitive decline
vulnerability,is due to,disturbances in the adult hippocampus insulin-IGF signalling pathway
biomarkers,from,"diverse ethnic, racial, and clinical cohorts"
intricate causal relationships,between,diverse immunophenotypic traits
blood-based biomarkers,are highly associated with,diverse populations
cognitive decline,in,"diverse, biracial population of community-dwelling older adults without dementia"
ALS,does not have a causal relationship with,DLB
causal relationship,was not observed with,DLB
glial fibrillary acidic protein,remain to predict,DLB
neurofilament light chain,remain to predict,DLB
elevated CSF p-tau/t-tau ratio,in,DN PD patients
meta-analysis of all three cohorts,in,DNAm in cg22976567 (LMNA)
FTP-PET signal,was associated with,domain-specific decline
FTP-PET signal,was associated with,domain-specific longitudinal decline
gene,was associated with,Dominantly inherited Alzheimer disease
AD,was causally associated with,doughnut intake
Alzheimer's disease of AD,was causally associated with,doughnut intake
mosaicism,in,Down syndrome
tau positron emission tomography (PET),in,Down syndrome
cognitive declines,are related to,downstream Alzheimer disease biomarkers
lobar CMB counts,were associated with,downstream Alzheimer disease biomarkers
presence of cerebral amyloid angiopathy,was associated with,downstream Alzheimer disease biomarkers
disease progression,was found to be associated with,Downstream diseases progression pathways
disease severity,was found to be associated with,downstream diseases progression pathways
proteins,associated with,Downstream diseases progression pathways
interplay,leads to,downstream effects on neurodegeneration and cognitive outcomes
functional connectivity,is associated with,downstream glucose metabolism
Tau pathology,influences,downstream glucose metabolism
Alzheimer's disease pathology,is associated with,downstream neurodegeneration
interactions,influence,downstream neurodegeneration
processes associated with Alzheimer's disease pathology,include,downstream neurodegeneration
S100 calcium-binding protein beta,contribute to,downstream neurodegenerative changes progression
YKL-40,contribute to,downstream neurodegenerative changes progression
proteins,had a causal association with,downstream proteins
proteins,showed a causal association with,downstream proteins
amyloid deposition,initiates,downstream responses
hypothesis,was that,downstream responses lead to hyperphosphorylation and aggregation of tau due to amyloid deposition
pro-inflammatory impact,was reduced by,DPIN
genetic susceptibility to AD,significantly increases the risk of,DR
cognitive decline,due to,drug abuse
these processes,could contribute to,drug target discovery
APOE-ε4 allele[s],influence,drug treatment
neuropsychiatric adverse events,are associated with,drug treatment
APOE-ε4 allele[s],influence,drug treatment outcomes
tau burden,is greater and more widespread in,DS
tau burden,is greater in,DS compared to neurotypical aging
Aβ,associated with,dual effect of neuroinflammation on neurodegeneration
tau,associated with,dual effect of neuroinflammation on neurodegeneration
Aβ-focused interventions,are questionable,due to controversy
ApoE ε4 homozygotes,should not be treated,due to inefficacy
clinical characterization,is challenging,due to the profiles
S3,offers,durability and availability
assessments,fail to capture,dynamic course of depressive symptoms
APOE ε4,impact of,dynamic local brain activity
Amyloid-beta,predict,dynamic phase
amyloid-beta,predict,dynamic phase of asymptomatic amyloid-beta accumulation
plasma amyloid-beta,predict,dynamic phase of asymptomatic amyloid-beta accumulation
Alzheimer's disease risk,has causal effect on,dyslexia
Alzheimer's disease,is a risk factor for,dyslipidemia
Abnormal Blood-derived mitochondrial DNA copy number,is associated with,dysregulated biological processes
pathological tau,causes,dysregulation of lipid composition
our goal,was to determine the impact of,E(2) on behavior and Alzheimer's disease
GrimAge,indicated that,EAA was associated with an increased risk of Alzheimer's disease
age,within,each ancestry group
APOE-ε4,within,each ancestry group
biomarker levels,within,each ancestry group
sex,within,each ancestry group
pathological tau,is contributed to by,each aspect
behavioral and psychological symptoms,associated with,each cognitive category
behavioral and psychological symptoms,were associated with,each cognitive category
neuropsychiatric symptoms,were associated with,each cognitive category
symptoms,associated with,each cognitive category
core fluid biomarkers,are associated with,each other
factors that influence Alzheimer's disease progression,are related to,each other
genetic variants,strongly associated with,each risk factor
it,was associated with,earlier age at onset
higher serum GFAP levels,predicted,earlier clinical presentation in Alzheimer's disease patients
high CSF bisecting GlcNAc levels,predicted,earlier cognitive decline in amyloid-negative patients
older age at amyloid PET positivity,predicted,earlier symptom onset
older age at tau PET positivity,predicted,earlier symptom onset
shorter amyloid-tau interval,predicted,earlier symptom onset
phosphorylated tau231,is associated with,earliest increases in brain amyloid beta accumulation
Alzheimer's disease,can be predicted,early
synaptic impairments,were impacted by,early accumulation of phosphorylated tau
cognitive dysfunction,associated with,early AD
onset of cognitive dysfunction,associated with,early AD
onset of cognitive dysfunction,related to,early AD
digital assessments,are useful for,early AD detection and monitoring
Blood-brain barrier,is associated with,early Alzheimer's disease
biomarkers,are for,early cerebral Aβ accumulation
biomarkers,are sensitive to,early cerebral Aβ accumulation
combination of small RNAs,predicted,early cognitive decline
correlations,are associated with,early cognitive decline
distinctive spatiotemporal correlations,associated with,early cognitive decline
neurodegeneration,are causes of,early cognitive decline
synaptic dysfunction,are causes of,early cognitive decline
temporal accumulations of interlinked Aβ and tau pathology,are associated with,early cognitive decline
amygdala,is associated with,early cognitive deficits
amygdala lateral nuclei,are associated with,early cognitive deficits
factors associated with tau burden,Understanding,early detection strategies
Understanding factors associated with tau burden,may improve,early detection strategies
Understanding factors associated with tau burden,helps improve,early detection strategies
Understanding factors associated with tau burden,makes it possible to improve,early detection strategies
aging,cause,early disruptions in brain networks
Alzheimer's disease,cause,early disruptions in brain networks
ribosome dysfunction caused by modified Tau,could be,early event in Alzheimer's disease pathology
astrocyte activation PRS,could enable,early intervention
amyloid positron emission tomography analyses,detected,early levels of cortical amyloid aggregation
secondary amyloid positron emission tomography analyses,revealed,early levels of cortical amyloid aggregation
secondary amyloid positron emission tomography analyses,detected,early levels of cortical amyloid aggregation
neurobehavioral syndrome,is associated with,early MCI
hippocampal tau pathology,was associated with,early memory deficits
valuable insights,associated with,early molecular events with AD
dynamic changes in plasma NfL levels,may reflect,early neurobiological alterations associated with SSD
dynamic changes in plasma NfL levels,reflect,early neurobiological alterations associated with SSD
increase of the phosphorylated proteins,is due to,early phosphorylation
Alzheimer's disease tau pathology,is associated with,early stage of Alzheimer's disease
use of antibiotics,in,early stages of a bacterial infection
Alzheimer's disease,causes,early tau deposition in the amygdala
phosphorylated tau217,is associated with,early tau pathology
triplication of the APP gene,leads to,early-onset Alzheimer's disease
CSF profiles,may be associated with,early-stage AD
high-amyloid CSF profiles,may be associated with,early-stage AD
biomarker accumulation,was modified by,eCRF
Resveratrol,exerted,effect
hippocampal atrophy,primarily influenced,effect of Aβ burden on memory decline
Phosphorylated Tau (pTau) pathology,is associated with,effect of APOE(ε4) on Aβ pathology
causal mediation analyses,showed that,effect of Blood-derived mitochondrial DNA copy number on Alzheimer disease risk
disrupted connectivity,is the cause of,effect of fibrillar tau on cognitive impairment
few factors,influenced,effect of LBD on colon cancer
one factor,influenced,effect of LBD on colon cancer
other factors,did not influence,effect of LBD on colon cancer
total cholesterol,influenced,effect of LBD on colon cancer
early intervention,could be,effective
interventions aimed at tau's impact Alzheimer's disease cognition,may be,effective
Alzheimer's disease (AD),lacks,effective long-term treatments
ApoE4,were to be assessed,effects
female sex,were to be assessed,effects
genetically predicted diseases,of,effects
glial cells,are adversely influenced by,effects
neural cells,are adversely influenced by,effects
younger age,were to be assessed,effects
SNPs,were associated with,effects beyond multiple NPS domains
AD pathology,is associated with,effects of AD pathology
apolipoprotein E genotype,influences,effects of anti-amyloid-beta drugs
sex,influenced,effects of depressive symptom trajectories on cognition
sex,influenced,effects of depressive symptom trajectories on dementia risk
brain structural changes,are the cause of,effects of hypoperfusion on cognitive impairment
heterogeneity in AAO and biomarker trajectories,could be predicted,effects of individual PSEN1 variants
heterogeneity in brain structure,due to,effects on brain structure
cellular dysfunction or death,is critical for understanding and designing,efficacious drugs for Alzheimer's disease mechanism
added predictive value,was provided by,eGFR
p-tau(217)/Aβ(42),adjusted for,eGFR
plasma p-tau(217)/Aβ(42),was associated with,eGFR
predictive value,was added by,eGFR
risk of LOAD,is associated with,eGFR-cys levels
vascular score,is used to compute,eight risk factors
them,combining,either MRI or cardiovascular measures
CRC,is associated with,elevated
APOE ε4,associated with,elevated amyloid deposition
APOE ε4,may be associated with,elevated amyloid deposition
MHT,associated with,elevated amyloid deposition
MHT,may be associated with,elevated amyloid deposition
presence of APOE ε4,may be associated with,elevated amyloid deposition
presence of MHT,may be associated with,elevated amyloid deposition
APOE ε4 carriage,associated with,elevated amyloid deposition and AD pathology
MHT use,associated with,elevated amyloid deposition and AD pathology
longitudinal Aβ,is linked to,elevated Aβ
paternal history of early-onset memory impairment,is associated with,elevated Aβ-PET
maternal history,is associated with,elevated Aβ-PET in the early-onset group
maternal history,is associated with,elevated Aβ-PET in the late-onset group
impact,following,elevated brain temperature
reduced risk of developing ALS,is associated with,elevated BT
disease,is associated with,elevated cerebrovascular disease markers
disease progression,is associated with,elevated cerebrovascular disease markers
disease progression in individuals with Down syndrome,is associated with,elevated cerebrovascular disease markers
socioeconomically disadvantaged neighborhood disadvantage,was associated with,elevated CSF YKL-40
chronic pain,was associated with,elevated hs-CRP
Alzheimer's disease,is associated with,elevated levels of CSF Aβ(42) in AD
C allele of rs880315,is associated with,elevated levels of CSF Aβ(42) in AD
higher IV,associated with,elevated levels of GFAP
Chinese Alzheimer's Biomarker and LifestylE study,were significantly associated with,elevated levels of α-synuclein
altered caspase activity,led to,elevated levels of phosphorylated pathological tau
APOE4 carrier status,is associated with,elevated neurodegenerative burden
those with a CDR of 0,among,elevated NfL levels
APOE ε4,is associated with,elevated NO level
higher sTREM2,was associated with,elevated p-tau(181)
apolipoprotein E ε4 allele,is associated with,elevated plasma homocysteine
poor sleep quality scores,were associated with,elevated plasma neurofilament light chain levels
increase in Semantic intrusion errors,occurs when,elevated plasma p-tau(217) is present
elevated levels of cerebrospinal fluid phosphorylated tau,were associated with,elevated PP
elevated levels of cerebrospinal fluid total tau,were associated with,elevated PP
apolipoprotein E ε4 carriers,among,elevated pulse pressure is associated with increased Alzheimer's disease biomarker burden and accelerated cognitive decline
longitudinal analyses,in,elevated pulse pressure predicted greater decline in PACC scores
membrane damage,is due to,elevated resting calcium levels
genetically predicted increased expression of PDK1,was associated with,elevated risk for ALS
genetically predicted increased expression of PDK1,was associated with,elevated risk for Alzheimer's disease
fine particulate matter (PM2.5) concentrations,was associated with,elevated risk of ASD
genetically predicted LBD,an,elevated risk of colon cancer
CRC,is associated with,elevated risk of develop
AD,associated with,elevated risk of developing CRC
Alzheimer's disease,is associated with,elevated risk of developing CRC
genetic predisposition to AD,is associated with,elevated risk of developing CRC
increased genetic predisposition to AD,is associated with,elevated risk of developing CRC
increased genetic predisposition to Alzheimer's disease,is associated with,elevated risk of developing CRC
rate of CD,is accelerated by,elevated serum IL-6
plasma amyloid beta,was associated with,elevated tau accumulation
MTL,in,elevated tau deposition
NEO,in,elevated tau deposition
Alzheimer's disease trial participants,are screened for,eligibility
Alzheimer's disease trial participants,are often screened for,eligibility
brain amyloid positron emission tomography/cerebrospinal fluid,is used for,eligibility screening
amyloid-beta,is involved in,elongation of microtubule-associated protein tau
binding of mTau8 to endogenous intraneuronal mouse microtubule-associated protein tau,results in,elongation of microtubule-associated protein tau seeds
vascular dementia,in,ELSA
definitive causal dynamics,remain to be,elucidated
amyloid-β pathology,is strongly associated with,emergence of amyloid-β pathology
biomarkers,are associated with,emergence of amyloid-β pathology
plasma p-tau signal in blood,is difficult to determine,emergence of amyloid-β pathology
these biomarkers,are strongly associated with,emergence of amyloid-β pathology
gut microbiota,impact on,emotional state
gut microbiota,impacts,emotional state
gut microbiota,has impact on,emotional state
impact,on,employment rates
genes associated with both amyloid and tau pathologies,were enriched in,endocytosis and signal transduction pathways
binding of mTau8,to,endogenous intraneuronal mouse microtubule-associated protein tau
Proteinopathy/tauopathy,may eventually damage,endothelium
APOE genotype,influenced,energy metabolism
it,influences,energy metabolism
different apolipoprotein E isoforms,impact,energy metabolism of human astrocytes
different apolipoprotein E isoforms,influence,energy metabolism of human astrocytes
Lupeol,caused,enhanced expression
reduced Aβ deposition and neuroinflammation,resulted in,enhanced learning and memory
reduction in Aβ deposition,resulted in,enhanced learning and memory
reduction in neuroinflammation,resulted in,enhanced learning and memory
treatment,resulted in,enhanced learning and memory
participants in the DIAN-TU-001 trial,reported,enhanced medical care
decrease in myelin,associated with,enhanced rate of fibrillar tau accumulation
pathogenic influence,through,enhanced tau pathology
this,was associated with,enhanced tau-PET accumulation
markers,were associated with,enlarged perivascular spaces in basal ganglia
genes and proteins,using,enrichment analyses
dysregulation of the IL-7/IL-7R signal pathways,is the cause of,enrichment of T cells
expression of IL-7R signaling,is associated with,enrichment of T cells
accuracy of causal effect estimation,is important for,ensuring
predictive performance of MRI,can be improved using,entire brain images in deep learning models
accumulating AD pathology,has negative influence on,entity
accumulating AD pathology,is attenuated,entity
higher baseline tau,in,entorhinal cortex
extended-release formulation of levetiracetam,slows,entorhinal cortex atrophy
amyloid protein,contribute to,entorhinal cortex tau
cerebral blood flow and amyloid protein,are synergistically associated with,entorhinal cortex tau
hypertension,contribute to,entorhinal cortex tau
higher tau burden,in,entorhinal regions
amyloid beta (Aβ),predict,entorhinal tau levels
model,accurately predicted,entorhinal tau levels
regions,predict,entorhinal tau levels
these patterns,predict,entorhinal tau levels
higher tau burden,in,"entorhinal, Braak III/IV, and Braak V/VI regions"
higher tau burden assessed by PET,in,"entorhinal, Braak III/IV, and Braak V/VI regions"
AD,is also caused by,environmental factors
Alzheimer disease (AD),influenced by,environmental factors
new policy,aims to reduce,environmental impact of the company's operations
APOE ε4 status,in,EOAD cohort
longitudinal cortical atrophy,in the,EOAD cohort
establishing causal relationships,in,epidemiological data
Alzheimer's disease,caused,epigenetic aging
Alzheimer's disease,had a causal relationship,epigenetic aging
Alzheimer's disease,did not have a causal relationship with,epigenetic aging
Alzheimer's disease,had no causal relationship with,epigenetic aging
neurodegenerative diseases,exploring from,epigenetic perspective
Alzheimer's disease,associated with,epilepsy
traumatic brain injury,associated with,epilepsy
APOE-ɛ4,associated with,episodic memory
CSF biomarker,was associated with,episodic memory
CSF biomarker,associated with,episodic memory
CSF p-tau/Aβ42 ratio,is associated with,episodic memory
sex,associated with,episodic memory
tau burden,affects,episodic memory
biomarkers,also predicted,episodic memory (EM) decline
Joint Aβ/tau patterns,were associated with,episodic memory impairment in DS
hallmark biomarkers of AD proteinopathy,are not significantly associated with,episodic memory performance
marital dissolution,was associated with,episodic memory performance
higher MTL-PMC rsFC strength,was differentially associated with,episodic memory trajectories
infectious mononucleosis,is mainly caused by,Epstein-Barr virus
NDs,associated with,Epstein-Barr virus
ACE,is the first large-scale trial to evaluate whether,equol can impact vascular and cognitive aging
negative result,in,ER- breast cancer
Alzheimer's disease,significantly reduced the risk of,ER+ breast cancer
multiple sclerosis,significantly increased the risk of,ER+ breast cancer
Alzheimer's disease,causal association with,erectile dysfunction
causal association,between,erectile dysfunction
brain,receives,essential nutrients
cerebrospinal fluid metabolites,were associated with,established lipids
genetic variants,associated with,established lipids
genetic variants,were associated with,established lipids
summary-data-based Mendelian randomization (SMR),were applied to,estimate the causal effects of ferroptosis-related genes on AD
two-sample MR methods,were applied to,estimate the causal effects of ferroptosis-related genes on AD
amyloid duration,modeled,estimated number of years an individual has been amyloid-positive
brain organoids studies,revealed that,etiologic agent of COVID-19 alters the phosphorylation and distribution of Tau proteins in infected neurons
Alzheimer's disease,is associated with,etiological factor
development of Alzheimer's disease,is associated with,etiological factor
neuroinflammation,is associated with,etiological factor in the development of Alzheimer's disease
myelin alterations,may play a role in,etiology of AD
cis gene expression quantitative trait loci (cis-eQTLs) data,in,European ancestry populations
demographic and molecular covariates,adjusting for,evaluate impact of ε4 allele haplotypes on APOE protein levels in cerebrospinal fluid
ε3 allele ε4 allele platform,used,evaluate impact of ε4 allele haplotypes on APOE protein levels in cerebrospinal fluid
ε3 allele ε4 allele platform,was used to,evaluate the impact of the ε4 allele haplotypes on APOE protein levels
confounding factors,influence of,evaluated
Combining them with both MRI and cardiovascular measures,resulted in,even better performance
combining them with both MRI and cardiovascular measures,resulted in,even better performance
"Aβ-related tau hyperphosphorylation, neuronal dysfunction, and cognitive decline",may occur,even prior to the emergence of dementia
Aβ(ice),has impact on,events associated with the amyloid cascade
Alzheimer's disease and related dementias (ADRD) risk,is not the same for,everyone
results across studies,are hard to interpret as,evidence of robust causal associations
results across studies,are hard to be interpreted as,evidence of robust causal associations
results across studies,are elusive to be interpreted as,evidence of robust causal associations
results across studies,are elusive,evidence of robust causal associations
transient protective impact,on,evolving amyloid pathology-derived synaptic impairments
impacts,were assessed in,ex vivo system
elevated brain temperature,may lead to,exacerbated brain injury development
diabetes,impact of,examined
Tau pathology,contributes to,excitatory tone
tau pathology,contributes to,excitatory tone
Cluster 1 membership,predicted,executive function
distinct behavior,assessed using,executive function
elevated weighted ADHD polygenic risk scores,was associated with,executive function deficits
marital dissolution,was associated with,executive functioning
baseline plasma NfL levels,were negatively associated with,executive functions
Plasma NfL levels,were negatively associated with,executive functions in AD
glycerolipid,but also,exerted an influence
Calcineurin,impact on,exogenous and endogenous TauO
deep predictive neural network,is built to,exploit spatiotemporal dynamics
causal factors,need to be,explored
tertiles of plasma P-tau217,impact of,explored
genetic variants,used as,exposure
multiple pathways,exist between,exposure and outcome
multiple pathways,exist between,exposure and outcome for complex disease outcomes
Copper overload,is caused by,exposure to Aβ
individual-level data,measured on,"exposure, outcome, mediator and confounding variables"
expression of TFAM,upregulated,expression of ATP synthase subunit ATP5B
treatments,may,extend
the treatments,impact of,extend beyond
causal effects,of,extensive perivascular spaces burden
associations with global cognition,compared to,extent alone
Tau-MaX,significantly improved associations with,extent alone
"interaction of baseline connectivity, AD pathology, and genetic risk",can be used to predict,extent and distribution of future tau accumulation
risk,is associated with,eye disease
GD,no causal linkages between,facial aging
GD,has no causal linkages with,facial aging
IVW analysis,had no causal effect on,facial aging
Tau,causes,facilitation
tau,causes,facilitation
analysis,supported,fact that LBP caused PD
evidence,supported,fact that LBP caused PD
brain microstructure,is associated with,factors
brain's microstructure,is associated with,factors
CSF biomarkers,included,factors
demographics,included,factors
methodological factors,included,factors
Tau pathogenesis,is likely caused by,factors
vascular burden,included,factors
along-tract statistical analyses,identify,factors associated with brain microstructure
along-tract statistical analyses,support,factors associated with brain microstructure
along-tract statistical analyses,identify,factors associated with the brain microstructure
along-tract statistical analyses,supported by,factors associated with the brain microstructure
analyses,identify,factors associated with the brain microstructure
BUAN,identify,factors associated with the brain microstructure
brain microstructure,is associated with,factors identified by along-tract statistical analyses
brain microstructure,is associated with,factors identified by BUAN
Tau pathogenesis,is likely caused by,factors in the absence of stress/glucocorticoids
Tau pathogenesis,is likely caused by,factors in the presence of stress/glucocorticoids
heterogeneity,is influenced by,factors of genetic and demographic
heterogeneity of Alzheimer's disease,is influenced by,factors of genetic and demographic
colorectal cancer,may be caused by,factors that cause Alzheimer's disease
liver function,include,factors that influence Alzheimer's disease
it,contributes to,falls
Montreal Cognitive Assessment (MoCA) results,were rank transformed and corrected for,False Discovery Rate
αSyn positivity,was associated with,faster amyloid-related tau accumulation
higher plasma NT1-tau,predicted,faster Aβ increases
greater baseline tau in the broader default mode network,predicted,faster clinical decline
aggregated tau pathology,thereby driving,faster cognitive decline
ChEIs,were associated with,faster cognitive decline
development of aggregated tau pathology,thereby driving,faster cognitive decline
development of aggregated tau pathology,driving,faster cognitive decline
high optPRS,is associated with,faster cognitive decline
low baseline functioning,was associated with,faster cognitive decline
NPS,been associated with,faster cognitive decline
plasma NfL,was associated with,faster cognitive decline
presence of tau,associated with,faster cognitive decline
amyloid beta,were associated with,faster cognitive decline over 2 years
presence of amyloid beta,was associated with,faster cognitive decline over 2 years
presence of neuroinflammation,was associated with,faster cognitive decline over 2 years
presence of tau,was associated with,faster cognitive decline over 2 years
tau,were associated with,faster cognitive decline over 2 years
amyloid beta,was associated with,faster decline
higher education,was associated with,faster decline
more education,was associated with,faster decline
presence of amyloid beta,was associated with,faster decline
amyloid,associated with,"faster decline for memory, language, executive function, and global cognition"
FTP-PET signal in a left-dominant fronto-temporal pattern,was associated with,faster decline in language
FTP-PET signal,was associated with,faster decline in praxis
higher baseline GFAP,was associated with,faster decline in verbal fluency
lower baseline Aβ(42/40),was associated with,faster decline in verbal memory
lower baseline Aβ(42/40),was associated with,faster decline in visuospatial performance
amyloid positron emission tomography (PET) burden,was associated with,faster declines over time
Cerebrospinal fluid NfH levels,were associated with,faster disease progression rate
cerebrospinal fluid NfL levels,were associated with,faster disease progression rate
Higher levels of NfL,were associated with,faster disease progression rate
Higher levels of pNfH,were associated with,faster disease progression rate
ADNI,associated with,faster hippocampal atrophy
obesity status,predicts,faster increase in amyloid positron emission tomography burden
obesity status,predicts,faster increase in p-tau217 ratio
lower GSC values,were associated with,faster increase in PiB-PET signal
higher levels of blood-based neurodegenerative biomarkers,were associated with,faster rate of cognitive decline among APOE4 carriers than noncarriers
decrease in florbetapir-PET,associated with,faster rate of decline in episodic memory
decrease in florbetapir-PET in the WM,was associated with,faster rate of decline in episodic memory
decrease in florbetapir-PET,associated with,faster rate of decline in global cognition
decrease in florbetapir-PET in the WM,was associated with,faster rate of decline in global cognition
individuals with high amyloid-β deposition,in,faster rates of cognitive decline
Tau accumulation,is associated with,faster rates of cognitive decline
elevated CSF p-Tau(181),was associated with,faster rates of CSF sTREM2 increase
higher baseline amyloid PET CL levels,were associated with,faster rates of PACC decline
higher baseline P-tau217 levels,were associated with,faster rates of PACC decline
higher serum GFAP levels,predicted,faster subsequent Mini-Mental State Examination decline in Alzheimer's disease patients
amyloid-PET burden,is associated with,faster tau-PET accumulation
continuous baseline plasma p-tau217,is associated with,faster tau-PET accumulation
lower florbetapir-PET in the whole WM or at a given fiber tract,was predictive of,faster tau-PET accumulation
causal relationship between osteocalcin levels and Alzheimer's disease,disappeared after adjustment of,fasting glucose and total cholesterol
depression,was associated with,favorable changes in blood beta-amyloid concentrations
pre-diabetes,was associated with,favorable changes in blood beta-amyloid concentrations
SAA,had no influences on,FDG-PET
Neurofilament Light,is associated with,features across the Alzheimer's disease spectrum
Plasma Neurofilament Light,is associated with,features across the Alzheimer's disease spectrum
increase of white matter hyperintensities volume over 2 years,in,female
higher risk of Alzheimer's disease,in,female individuals
cerebral white matter hyperintensities,are particularly prevalent in,females
significant cognitive deficits,observed among,females carrying the APOE ε4 allele
genetic instruments,associated with,ferritin
instruments,associated with,ferritin
instruments,were associated with,ferritin
PI3K/AKT pathway,prevents,ferritinophagy
newly identified sets of exposure outcome causal association evidence,also included,FEV(1) with MS
previously underestimated sets of exposure outcome causal association evidence,also included,FEV(1) with MS
A+T+HCV+,showed,few proteomic changes
reduction in clinical trial costs,is due to,fewer Aβ PET scans
amyloid pathology,was associated with,fewer than 2 CMBs
APOE ε4 copy number,was not associated with,fewer than 2 or lobar CMBs
first locus,is associated with,FGGY
detrimental effects of ApoE-ε4,are caused by,fibronectin accumulation
APOE-ε4,causes,fibronectin deposition in Alzheimer's
cohort sizes being small,because,findings being inconsistent
heterogeneity,because,findings were inconsistent
influence on the profile of gut microbiota,was due to,fine particulate matter (PM(2.5))
influence on the profile of gut microbiota,was partially due to,fine particulate matter (PM(2.5))
profile of gut microbiota,was significantly influenced by,fine particulate matter (PM(2.5))
Alzheimer disease AD,is related to,fine-mapping causal proteins
Cis-pQTLs,are used for,fine-mapping causal proteins
critical values of multivariate analysis,are used for,fine-mapping causal proteins
our work,is used for,fine-mapping causal proteins
trans-pQTLs,are used for,fine-mapping causal proteins
algorithm,reveals,finer landscape of Alzheimer's disease subtypes
missing-data Subtype and Stage Inference algorithm,reveals,finer landscape of Alzheimer's disease subtypes
included individuals,underwent,first assessment
IgA nephropathy,causal relationship between,five prevalent neuropsychiatric disorders
random effects,and,fixed effects
functional connectivity,associated with,Florzolotau covariance
hearing difficulty,was associated with,fluctuation amplitudes of node 46 in resting-state functional MRI dimensionality 100 in females
Alzheimer disease,explain a proportion of the variance in,fluid biomarker levels
our results,are influenced by,fluid biomarkers
pathogenic cascade,influenced by,fluid biomarkers
Plasma NfL levels,are a biomarker of,fluid neurodegeneration
first assessment,conducted,follow-up cognitive assessment
newly identified sets of exposure outcome causal association evidence,included,forced expiratory volume in 1 s with ALS
previously underestimated sets of exposure outcome causal association evidence,included,forced expiratory volume in 1 s with ALS
newly identified sets of exposure outcome causal association evidence,also included,forced vital capacity
previously underestimated sets of exposure outcome causal association evidence,also included,forced vital capacity
peroxidation of apolipoprotein E (ApoE) lipoproteins,leads to,formation of an apolipoprotein E (ApoE) receptor-ligand
elongation of microtubule-associated protein tau,results in,formation of tau seeds
impact of oxidative stress,could lead to,formulation of treatment strategies
causal relationship,was in the,forward direction
causal relationship,was not supported in,forward direction
apolipoprotein (APOE) ε4 allele,predicted,four cognitive domains
APOE genotype,did not increase the risk of,four repeat (4R)-tau predominant argyrophilic grain disease AGD-tau pathology
APOE genotype,does not increase the risk of,four repeat (4R)-tau predominant argyrophilic grain disease AGD-tau pathology
cerebrospinal fluid proteome,contained,four significantly predictive plasma markers
measures of glucose metabolism,from,Framingham Heart Study
PET measures of amyloid-β,from,Framingham Heart Study
PET measures of tau,from,Framingham Heart Study
cerebrospinal fluid (CSF) amyloid-β42 (Aβ42) levels,are inversely and independently associated with,frequency of neuropsychiatric symptoms in anti-Aβ trials
p-tau aggregates,accumulation of,frontal cortex
amyloid composite biomarker,is associated with,frontal/parietotemporal cortices
APOE ε4 allele,associated with,frontotemporal dementia
five types of dementia,included,frontotemporal dementia
risk of dementia,is associated with,frontotemporal dementia
amnestic dementia,is presumed to be due to,FTD
causal relationship,was observed with,FTD
Lewy body dementia (LBD),were genetically predicted,FTD
clearing pathological tau protein,may improve,function
neuropsychological function,is a type of,function
clearing pathological tau protein,may improve,function later in the disease process
non-pharmacological interventions,enhancing,functional
Alzheimer's disease group,associated with,functional connectivity
glucose metabolism,is influenced by,functional connectivity
influence of tau accumulation,is partially influenced by,functional connectivity
spreading of Misfolded tau proteins,can influence,functional connectivity
spreading of Misfolded tau proteins aggregates,can influence,functional connectivity
tau accumulation,influenced by,functional connectivity
tau accumulation,is partially modulated by,functional connectivity
Tau pathology,is associated with,functional connectivity
model,based on,functional connectivity strength between Neuropsychiatric symptoms and left supramarginal and angular gyri
NE3107,was associated with,functional connectivity within the brain
distinct cognitive and clinical outcomes,including,functional decline
APOE,related to,functional impact
APOE,should be interpreted based on,functional impact
ε3 allele,related to,functional impact
ε3 allele,should be interpreted based on,functional impact
haplotype-specific effects,should be considered in interpreting,functional impact of APOE and ε3 allele
Alzheimer's disease pathology,is associated with,functional impairment
cognitive decline,is associated with,functional impairment
Alzheimer's disease,lead to,functional impairments
Alzheimer's disease and other tauopathies,lead to,functional impairments
other tauopathies,lead to,functional impairments
pathological changes,eventually lead to,functional impairments
tauopathies,lead to,functional impairments
regional coexistence of amyloid-beta and tau pathologies,is associated with,functional networks
non-pharmacological interventions,enhancing,functional safety
AD,has a negative impact on,functionality of immune cells
parental onset of dementia,does not appear to predict,further advancement along the Alzheimer's disease continuum
amyloid-β amyloid-β pathology,warrants,further examination
amyloid-β amyloid-β pathology on relationships,warrants,further examination
impact of amyloid-β amyloid-β pathology on relationships,warrants,further examination
genetic effects of statin treatment,warrant,further investigation
Piper longum,may contribute to,future
novel use of Piper longum,may result in,future AD recovery
novel use of Piper longum,may lead to,future AD recovery
Piper longum,may contribute to,future AD recovery
protein features,for predicting,future all-cause dementia
amyloid-beta PET load,predict,future amyloid-beta accumulation in asymptomatic elderly
baseline plasma pTau181,predict,future amyloid-beta accumulation in asymptomatic elderly
baseline plasma pTau217,predict,future amyloid-beta accumulation in asymptomatic elderly
blood-based biomarkers,predict,future brain atrophy
Alzheimer's disease composite executive function score,were associated with,future cognitive decline
Alzheimer's disease composite executive function score,was associated with,future cognitive decline
Alzheimer's disease composite memory score,were associated with,future cognitive decline
Baseline Modified Dementia Risk Scores,were associated with,future cognitive decline
Bisecting GlcNAc,was evaluated to predict,future cognitive decline
bisecting GlcNAc,could predict,future cognitive decline
bisecting GlcNAc,evaluate the ability of,future cognitive decline
bisecting GlcNAc,to predict,future cognitive decline
plasma NfL,was associated with,future cognitive decline
plasma amyloid beta,predicted,future cognitive decline across the Alzheimer's disease (AD) spectrum
Plasma Aβ(42)/Aβ(40),predicted,future cognitive decline across the Alzheimer's disease (AD) spectrum
bisecting GlcNAc,could predict,future cognitive decline in patients
"amyloid beta (Aβ) distribution in the medial orbitofrontal, rostral middle frontal, and nucleus accumbens regions",predicts,future hippocampal neurodegeneration and cognitive decline
amyloid beta (Aβ),predict,future hippocampal volume
model,predicted,future hippocampal volume
these patterns,predict,future hippocampal volume
findings,encourage,future implementation in clinical practice
increase in between-network connectivity,predicts,future neurofibrillary tau deposition
plasma levels of neurofilament light chain (NfL),can predict,future Neuropsychiatric symptoms
plasma levels of glial fibrillary acid protein (GFAP),can predict,future neuropsychiatric symptoms in non-demented older people
"plasma levels of neurofilament light chain (NfL), glial fibrillary acid protein (GFAP), and tau phosphorylated at threonine 181 (pTau181)",can predict,future neuropsychiatric symptoms in non-demented older people
NfL,is associated with,future NPS
GFAP,is associated with,future NPS and NPS severity
plasma levels of neurofilament light chain (NfL),can predict,future NPS in non-demented older people
SCD-plus,increase the risk for,future objective cognitive decline
SCD-plus features,increase the risk for,future objective cognitive decline
brain imaging biomarkers of flortaucipir-positron emission tomography (PET),could predict,future pathological tau accumulation
brain imaging biomarkers of flortaucipir-positron emission tomography (PET),to predict,future pathological tau accumulation
clinical and genomic measures,were used to predict,future pathological tau accumulation
clinical and genomic measures,could predict,future pathological tau accumulation
clinical and genomic measures combined with brain imaging biomarkers of flortaucipir-positron emission tomography (PET),could predict,future pathological tau accumulation
"clinical and genomic measures, brain imaging biomarkers of flortaucipir-positron emission tomography (PET)",used to assess whether they could predict,future pathological tau accumulation
"clinical and genomic measures, in combination with brain imaging biomarkers of flortaucipir-positron emission tomography (PET)",could predict,future pathological tau accumulation
machine learning,predicts,future rate of tau protein accumulation in Alzheimer's disease
Neurofilament Light,predicts,future tau deposition
NfL,is associated with,future tau deposition
Plasma Neurofilament Light,has predictive value for,future tau deposition
predictive value,is for,future tau deposition
Aβ- group,was impacted by,FWHM of the reconstruction configuration method
CLs Amyloid-beta,were impacted by,FWHM of the reconstruction configuration method
lysosomal stress signs,such as,galectin-3 puncta
reduction,was due to,gantenerumab
trajectories,fill in,gaps between sparse imaging data
gastrointestinal diseases,causal link between,gastric cancer
traumatic brain injury,there was no causal genetically association between,gastrointestinal disease
traumatic brain injury,no causal genetically association between,gastrointestinal disease
mental diseases,causal link between,gastrointestinal diseases
traumatic brain injury,had little causal association with,gastrointestinal diseases
traumatic brain injury,have little causal association with,gastrointestinal diseases
traumatic brain injury,was not associated with,gastrointestinal diseases
Y157X PRNP mutation,has resulted in,gastrointestinal symptoms
IVW analysis results,according to,GD had no causal effect on facial aging
amyloid positivity,was associated with,GDS increase
lower neuroticism,was associated with,GDS increase
elevated NfL levels,were associated with,GDS-15 scores
elevated NfL levels,were not associated with,GDS-15 scores
plasma NfL,is associated with,GDS-15 scores
H1,have the potential to influence,gene expression
H1,can influence,gene expression
H1 and H2,have the ability to influence,gene expression
H2,have the potential to influence,gene expression
H2,can influence,gene expression
two haplotypes,can influence,gene expression
need,to consider,gene-environment interactions
systemic biological vulnerability,emphasizes the need to consider,gene-environment interactions
increased risk of cancer associated with radiation exposure,has been extensively studied in,general population
deep predictive neural network,is built to,generate subtype assignment probability on an individual basis
conditions,influenced by,genes
developing Alzheimer's disease and other dementias,risk of,genes
developing other dementias,risk of,genes
disease,is caused by,genes
amyloid burden,was associated with,genes and proteins
amyloid burden,was to be associated with,genes and proteins
CRC samples,were used to validate,genes associated with AD
CRC samples,used to validate,genes associated with AD
risk of developing conditions,is influenced by,genes that have been identified
effect,increased after,genetic adjustment
these variables,were used to evaluate,genetic and causal relationships
heterogeneity of Alzheimer's disease,is caused by,genetic and demographic
Alzheimer's disease,has heterogeneity,genetic and demographic factors
clinical and molecular heterogeneity,influenced by,genetic and demographic factors
Alzheimer's disease,is associated with,genetic association
TNIP1/GPX3 locus,through,genetic association
Alzheimer's disease,is associated with,genetic association at the TNIP1/GPX3 locus
Alzheimer's disease,is associated with,genetic association through the TNIP1/GPX3 locus
this research,by exploring,genetic associations
MR analysis,revealed,genetic causal associations of copper with Alzheimer's disease
cause-effect relationships,are the reason for,genetic correlations
cause-effect relationships,are the cause of,genetic correlations
statin treatment,warrants further investigation,genetic effects
This research,provides,genetic evidence
Alzheimer disease (AD),influenced by,genetic factors
Alzheimer's disease,is influenced by,genetic factors
APOE ε4 allele,interacts with,genetic factors
disease,is influenced by,genetic factors
heterogeneity,is influenced by,genetic factors
J-T test,indicated,genetic influence on retinal structure
multiple linear regression,indicated,genetic influence on retinal structure
Ferritin,was associated with,genetic instruments
univariable Mendelian randomization,using,genetic liability to Alzheimer's disease
"causal associations between the specific types of immune cells and AD, PD, ALS and MS",through,genetic means
causal relationship,examined using,genetic methods
levels of these molecules,mediated,genetic predictive effects of class Actinobacteria on Alzheimer's disease risk
Family Lactobacillaceae,mediated,genetic predictive effects on Alzheimer's disease risk
AD,is associated with,genetic predisposition
CRC,is associated with,genetic predisposition
Aβ and tau deposition,appeared primarily influenced by,genetic predisposition and sex
AD biomarkers,are impacted by,genetic risk
baseline connectivity,interaction of,genetic risk
MCI progression,is impacted by,genetic risk
causal relationship between variations index in renal function and the occurrence of dementia,tested at the stratum of,genetic susceptibility
variations index in renal function,at the stratum of,genetic susceptibility
approach,is based on,genetic variants
this approach,leverages,genetic variants
brain function,associated with,genetic variation
brain structure,associated with,genetic variation
hearing difficulty predisposition,is associated with,genetic variation
elevated risk of UA,was linked to,genetically predicted AD
potential causal associations,of,genetically predicted Alzheimer's disease (AD)
Late-Onset Alzheimer's Disease,risk of,genetically predicted cholesterol
individuals of European ancestry,in,genetically predicted levels of five plasma proteins
Alzheimer's Disease,has significant correlation with,genetically predicted migraine
accelerated cognitive decline,in,genetically susceptible APOE4 carriers
higher levels of neurodegeneration biomarkers,in,genetically susceptible APOE4 carriers
statistical datasets,derived from,Genome-Wide Association Studies
astrocyte activation,is associated with,GFAP
CSF β2-microglobulin,was associated with,GFAP
lean body mass,was associated with,GFAP
proteomic indicators of body fat percentage,were associated with,GFAP
resting energy rate,was negatively associated with,GFAP
visceral fat,was associated with,GFAP
elevated plasma p-Tau(181),were directly and interactively associated with,GFAP concentrations
individual timing of plasma p-tau progression,was strongly associated with,GFAP progression
proteins,include,GFRA1
ApoE4,has a negative impact on,glial cells
DLB,is a condition that can be predicted by,glial fibrillary acidic protein
DLB,is a condition that can be predicted by,glial fibrillary acidic protein and neurofilament light chain
AmylPC1,is associated with,global cognition
baseline plasma NfL levels,were negatively associated with,global cognition
CSF biomarker profile,does not impact,global cognition
CSF biomarker profile associated with AD,does not impact,global cognition
dementia,is associated with,global cognition
extent alone,compared to,global cognition
Tau-MaX,significantly improved associations with,global cognition
TauPC1,is associated with,global cognition
mediation effects,did not influence,global cognition at baseline
mediation effects,had no influence on,global cognition at baseline
tau and neurodegeneration,contribute to,global cognitive impairment
amyloid beta load,association between,global cognitive ratings
Alzheimer's disease (AD),presents a formidable,global health challenge
hearing difficulty,was associated with,global mean orientation dispersion index in superior corona radiata in males
Plasma NfL,predicted,global population
human activity,is the main cause of,global warming
functional connectivity,associated with,glucose covariance
increased weighted ADHD polygenic risk scores,was associated with,glucose hypometabolism in the frontal and parietal cortices
baseline NfL levels,associated with,glucose metabolism
data,related to,glucose metabolism
functional connectivity,influences,glucose metabolism
participants,had available measures of,glucose metabolism
rate of change,associated with,glucose metabolism
Tau accumulation,influences,glucose metabolism
tau accumulation,influence,glucose metabolism
tau accumulation,influences,glucose metabolism
tau accumulation,has influence on,glucose metabolism
tau accumulation,was associated with,glucose uptake
intranasal insulin,to impact,glutamatergic synapses
incidence of Meningioma,include,Glycerol 3-phosphate
glycerophospholipid,not only,glycerolipid
VaD,in the case of,glycerophospholipid
VaD,in the case of,glycerophospholipid and glycerolipid exerted an influence
disease-relevant modules,were associated with,glycolysis
authors,introduce,GMAL for covariate selection
identify trustworthy causal biomarkers,is the goal to,goal
T-tau,is not,good biomarker for AD
combination of the three markers,exhibited,good predictive value of incident dementia
Alzheimer's disease (AD),leads to,gradual decline in cognitive function
impairment,leads to,gradual loss of cognitive capacities
systemic amyloidosis,causes,gradually progressive cognitive impairment
memory decline,is associated with,gray matter
co-occurrence of microbleeds and amyloid-β pathology,was associated with,greater accumulation
plasma NT1-tau,was positively associated with,greater amyloid beta (Aβ) and tau PET (positron emission tomography) accumulations
carrying an apolipoprotein E (apoE) ε4 allele,were associated with,greater amyloid burden
greater impairment,were associated with,greater amyloid burden
older age,were associated with,greater amyloid burden
Stronger Tau-FDG correlations,are associated with,greater amyloid burdens
αSyn positivity,was associated with,greater amyloid-associated CSF p-tau(181) increases
Aβ burden,is associated with,greater and more widespread tau burden in DS
APOE ε4,was independently associated with,greater Aβ and tau burden
activity,is associated with,greater Aβ burden
abnormal nighttime behaviors,are associated with,greater baseline tau in the meta-temporal region
interaction,resulted in,greater baseline tau load
it,is associated with,greater brain volume
biomarker indicators of higher levels of Alzheimer's disease pathology at baseline,predicted,greater cognitive and functional decline
higher baseline Neurofilament light chain levels,were associated with,greater cognitive and global clinical decline
high PGF,associated with,greater cognitive decline
higher peak width of skeletonized mean diffusivity,was associated with,greater cognitive decline
individuals with elevated amyloid,in,greater cognitive decline
LMEM,predicted,greater cognitive decline
low VEGFA,associated with,greater cognitive decline
seed amplification assay,was associated with,greater cognitive decline
greater baseline tau,is associated with,greater cognitive impairment
greater baseline tau in the meta-temporal region,is associated with,greater cognitive impairment
higher baseline Neurofilament light chain levels,were associated with,greater decline in cognitive and global clinical status
elevated pulse pressure,predicted,greater decline in PACC scores
basal and lateral amygdala,were associated with,greater depressive symptoms
basal and lateral amygdala,was associated with,greater depressive symptoms
lateral amygdala,was associated with,greater depressive symptoms
Tau amygdala,was associated with,greater depressive symptoms
tau amygdala,was associated with,greater depressive symptoms
higher alpha-synuclein,was associated with,greater early tau
CA1,associated with,greater functional cognitive impairment
Lewy body diseases with impaired cognition,associated with,greater functional cognitive impairment
presubiculum,associated with,greater functional cognitive impairment
subiculum,associated with,greater functional cognitive impairment
MIND diet,demonstrated,greater impact
MIND diet,demonstrated,greater impact on cognitive preservation
lower baseline leptin levels,were associated with,greater increase in Alzheimer disease deposition over 2 years
Met66,associated with,greater increases in CSF levels of total-tau (t-tau) and phosphorylated tau (p-tau181)
it,was associated with,greater informant-reported SCD
"high-fat, high-sugar diet",resulted in,greater learning and memory deficits
Hcy,was associated with,greater neurofilament light chain
EC tau burden,was associated with,greater NPI-A over time
EC tau burden,was significantly associated with,greater NPI-A over time
higher baseline supramarginal gyrus,was significantly associated with,greater NPI-A over time
elevated PP,was significantly associated with,greater presynaptic dysfunction
higher doses of radiation exposure,lead to,greater risk
higher levels,were associated with,greater risk for delirium
greater tau,was associated with,greater self-CFI
donanemab,caused,greater slowing of disease progression
greater tau,was associated with,greater study partner CFI
higher plasma NT1-tau,predicted,greater tau burden
higher total NPI scores,were associated with,greater tau burden
higher total NPI scores up to 2 years prior to tau PET,were associated with,greater tau burden independently of Aβ status
elevated plasma glucose,was associated with,greater tau load 14 years later
higher baseline NT1-tau levels,predicted,greater tau PET
Stronger Tau-FDG correlations,are associated with,greater WMH burdens
T-tau levels,are associated with,grey matter degeneration
CSF p-tau/Aβ42 ratio,impact on,grey matter volume
impact,on,grey matter volume
its impact,on,grey matter volume
CSF p-tau/Aβ42 ratio,modulated by,grey matter volume impact
Aβ-PET changes,were not associated with,grey-matter atrophy
cerebrospinal fluid NfL changes,were associated with,grey-matter atrophy
NfL changes,were associated with,grey-matter atrophy
plasma NfL changes,were associated with,grey-matter atrophy
population-based proteomics,offers,groundbreaking avenue to predict future disease risks
imbalance,might be due to,group heterogeneity
significant age effect,was hidden by,group status
classification,resulted in,groups
kallistatin,causes,GSK-3β
Their impact,on,GSK-3β
kallistatin,causes,GSK-3β activation
DPIN,protected,gut barrier and microbiota
amyloid-β,accumulation of,gut microbiota
possible causal connections,among,gut microbiota
tau,accumulation of,gut microbiota
nervous system,is impacted by,gut-brain axis
prion diseases,involve,gut-CSF transmission
prion diseases,are associated with,gut-CSF transmission
impact of gut microbiota on emotional state,known as,Gut-mood relationship
haplotype-dependent difference in KANSL1 expression,was strongly associated with,H1
KANSL1 expression,associated with,H1
marked haplotype-dependent difference in KANSL1 expression,was strongly associated with,H1
a marked haplotype-dependent difference in KANSL1 expression,was strongly associated with,H1 in both brain regions
KANSL1 expression,was strongly associated with,H1 in both brain regions
marked haplotype-dependent difference in KANSL1 expression,was strongly associated with,H1 in both brain regions
pleiotropic effects,including,halting of conversion of homeostatic microglia
cubic spline models,using,Hamiltonian Markov chain Monte Carlo method
functional impact of APOE,should be interpreted in consideration of,haplotype-specific effects
functional impact of ε3 allele,should be interpreted in consideration of,haplotype-specific effects
functional impact,should be interpreted in consideration of,haplotype-specific effects for APOE and ε3 allele
APOE-ε4,of,harmful impact
societal factors,can reduce,harmful impact of APOE-ε4
Alzheimer's disease,associated with,having an apolipoprotein E ε4 allele
Alzheimer's disease,was associated with,having an apolipoprotein E ε4 allele
higher age,was associated with,having an apolipoprotein E ε4 allele
AD/MCI,in,Hcy
Aβ- individuals,in,Hcy levels
AD/MCI,in,Hcy was associated with phosphorylated tau 217 in APOE ε4 non-carriers
Apolipoprotein E,influences,HD
fluctuation amplitudes of node 46,were associated with,HD in females
APOC1,are likely causal proteins for,HDL-C
older adults,may have,health issues
aging processes,are predicted by,health outcomes
DNA methylation-based epigenetic clock,predicts,health outcomes
living in a socioeconomically disadvantaged neighborhood,has an adverse impact on,health outcomes
risk factors,may lead to,health problems
impact,of,health-related comorbidities
APOE,are not fully understood,healthy human brains
APOE,influences,healthy human brains
brain function,associated with,hearing difficulty predisposition
brain structure,associated with,hearing difficulty predisposition
genetic variation,is associated with,hearing difficulty predisposition
possible cause-effect relationships,may be involved in,hearing difficulty predisposition
sex differences,in,hearing difficulty predisposition
AD,did not have a causal effect on,heart failure
risk,was associated with,heart failure mortality
Alzheimer's Disease,genetically predicted,heightened risk of migraine
amyloid-related imaging abnormalities,can lead to,hemorrhage
CAA,associated with,hemorrhagic stroke
cerebral amyloid angiopathy (caa),is associated with,hemorrhagic stroke
deposition of beta-amyloid (Aβ),leads to,hemorrhagic stroke
Alzheimer's disease,is characterized by,heterogeneity
causes of cognitive decline,include,heterogeneity
cognitive decline in aging,include,heterogeneity
demographic factors,influence,heterogeneity
factors of genetic and demographic,influence,heterogeneity
genetic factors,influence,heterogeneity
imbalance,might be due to,heterogeneity
imbalance,be due to,heterogeneity
cohort sizes being small,because,heterogeneity being symptomatic and histopathologic
work,identified,heterogeneity in individuals
propagation between cells,leads to,hierarchical pathway of neurodegeneration
subgroup analyses,showed that,high baseline Aβ deposition
Southeast Asian population,is associated with,high cerebrovascular disease burden
Alzheimer's disease,was associated with,high colocalization
amyloid/tau stratification,showed that,high CSF bisecting GlcNAc levels predicted earlier cognitive decline in amyloid-negative patients
predictor,was associated with,high CSF NfL concentrations
side effects,were caused by,high dose of the active ingredient
S3,is designed for,high durability and availability
protective effect for AD,is due to,high frailty index
implementation of features,is like to have,high impact on trial satisfaction
combining NEFL and RPS6KB1 with other predictors,yielded,high predictive accuracy (area under the curve = 0.871) for incident all-cause dementia
it,showed,high predictive capability in discriminating A + from A-
high amyloid composite biomarker,was associated with,high risk for developing Alzheimer's disease (AD) dementia
high amyloid composite biomarker at baseline,was significantly associated with,high risk for developing Alzheimer's disease (AD) dementia
Alzheimer's disease pathology,is associated with,high risk of cognitive decline
markers of Alzheimer's disease pathology,are associated with,high risk of cognitive decline
Alzheimer's disease pathology,is associated with,high risk of functional impairment
markers of Alzheimer's disease pathology,are associated with,high risk of functional impairment
Alzheimer's disease pathology,is associated with,high risk of progression to functional impairment
markers of Alzheimer's disease pathology,are associated with,high risk of progression to functional impairment
predictor,was associated with,high t-tau concentrations
AD,is associated with,"high-fat, high-sugar diet"
high-molecular-weight p-tau assays,detect,high-molecular-weight p-tau
increases,were smaller compared with,high-molecular-weight p-tau assays
increases,compared to,high-molecular-weight p-tau assays
increases,were smaller than,high-molecular-weight p-tau assays
low-molecular-weight p-tau assays,compared with,high-molecular-weight p-tau assays
higher glucose metabolism,reflects,higher activation state of investigated brain regions
NPS,associated with,higher AD biomarkers
Alzheimer's disease,associated with,higher age
Alzheimer's disease,was associated with,higher age
individuals with alpha-synucleinopathy,associated with,higher alpha-synuclein
pathways,contribute to,higher Alzheimer's disease risk
Lower Community Screening Interview for Dementia scores,were associated with,higher Alzheimer's Questionnaire scores
highest tertile of rapid eye movement sleep latency,was associated with,higher amyloid beta burden
cognitively unimpaired individuals,was associated with,higher Amyloid positron emission tomography (PET) burden
earlier acrotime,was associated with,higher amyloid-β and tau
higher (more normal) amyloid-β,associated with,higher amyloid-β uptake
greater longitudinal increase in precuneus activity,were associated with,higher Aβ burden in APOE4 carriers
higher baseline activity,were associated with,higher Aβ burden in APOE4 carriers
lower cognition,is associated with,higher arterial stiffness
longitudinal increases in depressive symptoms,were associated with,higher baseline FTP
Alzheimer's disease continuum,across,higher baseline Neurofilament light chain levels
Alzheimer's disease continuum,showed,higher baseline Neurofilament light chain levels
Alzheimer's disease continuum,in the,higher baseline Neurofilament light chain levels
steeper atrophy,is associated with,higher baseline NTA-tau levels
steeper cognitive decline,is associated with,higher baseline NTA-tau levels
lower kidney function,could cause,higher blood Neurofilament light chain levels
lower kidney function,could lead to,higher blood Neurofilament light chain levels
lower kidney function,may cause,higher blood Neurofilament light chain levels
lower kidney function,can cause,higher blood Neurofilament light chain levels
lower kidney function,could result in,higher blood Neurofilament light chain levels
lower kidney function,may result in,higher blood Neurofilament light chain levels
lower kidney function,can result in,higher blood Neurofilament light chain levels
lower kidney function,can lead to,higher blood Neurofilament light chain levels
lower kidney function,can result in,higher blood Neurofilant light chain levels
lower kidney function,may cause,higher blood Neurofilant light chain levels
lower kidney function,can cause,higher blood Neurofilant light chain levels
lower kidney function,may result in,higher blood Neurofilant light chain levels
lower kidney function,can lead to,higher blood Neurofilant light chain levels
frontal cortex,was associated with,higher BRI
exploratory analyses,indicated,higher cardiorespiratory fitness was associated with higher NfL and GFAP levels
amygdala,was associated with,higher CDS
p-tau severity,was associated with,higher CDS
BBB permeability,was associated with,higher cLOAD
Alzheimer's disease PRS,was associated with,higher concentrations of p-tau217
Alzheimer's disease PRS,was associated with,higher concentrations of t-tau
Alzheimer's disease PRS,was associated with,higher concentrations of tau PET
KLOTHO-VS heterozygosity,association between,higher CSF Aβ(42/40) ratio
DNAm in cg22976567 (LMNA),was significantly associated with,higher CSF t-tau levels
risk,was associated with,higher disease
lower regional gray matter cerebral blood flow,was associated with,higher entorhinal cortex tau
amygdala,was associated with,higher FAQ
it,was associated with,higher FAQ
risk,was associated with,higher GFAP levels
apolipoprotein E,associated with,higher global cognitive scores
plasma total carotenoids,associated with,higher global cognitive scores
higher education,was associated with,higher initial cognitive status
more education,was associated with,higher initial cognitive status
regional amyloid,resulted in,higher levels of apathy
regional tau,resulted in,higher levels of apathy
elevated CSF p-Tau(181),was associated with,higher levels of CSF microglial biomarkers
APOE genotype,was associated with,higher levels of insoluble Aβ40
APOE genotype,was associated with,higher levels of insoluble Aβ42
APOE genotype,was associated with,higher levels of insoluble apoE
APOE genotype,was associated with,higher levels of insoluble pTau181
accelerated cognitive decline,was associated with,higher levels of neurodegeneration biomarkers
faster disease progression rate,was associated with,higher levels of NfL
neuroaxonal damage,was associated with,higher levels of NfL
apolipoprotein E ε4 allele,was associated with,higher levels of plasma phosphorylated tau 217
older age,was associated with,higher levels of plasma phosphorylated tau 217
disease progression rate,was associated with,higher levels of pNfH
glial activation,was associated with,higher levels of YKL-40
elevated CSF p-tau/t-tau ratio in DN PD patients,predicts,higher MC risk
frontal cortex,associated with,higher MI
inferior parietal cortex,associated with,higher MI
Tau pathology,in,higher motor regions
AD genetic liability,is causally associated with,higher mtDNAcn
Aβ1-42 negatives,associated with,higher neurogranin
Alzheimer's disease T- and P-tau levels,are not associated with,higher neuroinflammatory cytokines
low CSF Alzheimer's disease levels,are associated with,higher neuroinflammatory cytokines
risk,was associated with,higher NfL levels
rACC tau,was associated with,higher NPI-A
higher p-tau181/Aβ1-42 ratio,predicted,higher NPI-Q
individuals with both Osteoarthritis and depression,associated with,higher odds of low total word recall cognitive performance
individuals with both Osteoarthritis and depression,was associated with,higher odds of low total word recall cognitive performance
population of individuals with both Osteoarthritis and depression,was associated with,higher odds of low total word recall cognitive performance
predisposition,was suggestively associated with,higher odds of MI
higher neuropsychiatric symptoms,were associated with,higher odds of progression to dementia
older age,was associated with,higher odds of progression to dementia
better baseline executive functioning,is associated with,higher β-amyloid scores
increased t-tau,is associated with,higher β-amyloid scores
slower global cognitive decline,is associated with,higher β-amyloid scores
uncorrected CSF p-tau,is associated with,higher β-amyloid scores
Aβ1-42 negatives,associated with,higher p-tau
Aβ1-42 positives,associated with,higher p-tau
lower estimated glomerular filtration rate (eGFR),was associated with,higher p-tau
these levels,were associated with,higher p-tau levels
APOE-ε4 dosage,is associated with,higher p-tau values
chronic pain,was associated with,higher plasma Aβ
elevated hs-CRP,was especially associated with,higher plasma Aβ
elevated hs-CRP,was associated with,higher plasma Aβ
higher plasma p-Tau(181),interacted with,higher plasma GFAP levels
lower plasma Aβ(42)/Aβ(40),interacted with,higher plasma GFAP levels
"apathy, depression, or anxiety",was associated with,higher plasma levels of neurofilament light chain
plasma p-tau217,demonstrates,higher predictive accuracy in detecting AD pathology among cognitively impaired individuals
plasma p-tau217,demonstrates,higher predictive accuracy in detecting AD pathology among cognitively unimpaired individuals
age,associated with,higher prevalence of tau PET positivity
Aβ status,associated with,higher prevalence of tau PET positivity
APOE ε4 carriership,associated with,higher prevalence of tau PET positivity
female sex,associated with,higher prevalence of tau PET positivity
pathological tau,was associated with,higher production of lipids
risk,was associated with,higher pTau-181
risk,was associated with,higher pTau-181 levels
arterial stiffness,reflected by,higher pulse wave velocity
lower cognition,is associated with,higher pulse wave velocity
older age at amyloid or tau PET positivity,was associated with,higher rate of amyloid or tau PET positivity
older age at amyloid or tau PET positivity,was associated with,higher rate of cognitive decline
older age at amyloid or tau PET positivity,was associated with,higher rate of cognitive decline after symptom onset
baseline obesity status,predicted,higher rate of increase in amyloid positron emission tomography burden
baseline obesity status,predicted,higher rate of increase in p-tau217
baseline obesity status,predicted,higher rate of increase in p-tau217 ratio
baseline obesity status,predicted,higher rate of increase in Roche NfL
Rivastigmine,was associated with,higher rate of side effects
contact sports,are associated with,higher rates of neurodegenerative dementia
progression to MCI,was found to be associated with,higher rates of volume change in the white matter and ventricles
progression to MCI,was identified as being associated with,higher rates of volume change in the white matter and ventricles
progression to MCI,associated with,higher rates of volume change in the white matter and ventricles
risk,was associated with,higher risk
blood-derived mitochondrial DNA copy number,was significantly associated with,higher risk Alzheimer disease
decreased Blood-derived mitochondrial DNA copy number,was associated with,higher risk Alzheimer disease
decreased Blood-derived mitochondrial DNA copy number,was associated with,higher risk Alzheimer disease conversion from mild cognitive impairment to Alzheimer disease
reduction in the surface area of the left superior temporal gyrus,was associated with,higher risk of AD
constipation,is associated with,higher risk of Alzheimer's disease
use of antibiotics,is associated with,higher risk of antibiotic resistance
use of antibiotics in the early stages of a bacterial infection,is associated with,higher risk of antibiotic resistance
Alzheimer's Disease Assessment Scale-Cognitive scores,are associated with,higher risk of cognitive decline
APOE ε4 alleles,is associated with,higher risk of cognitive decline
factors included in the final model,are associated with,higher risk of cognitive decline
higher scores of Alzheimer's Disease Assessment Scale-Cognitive,associated with,higher risk of cognitive decline
higher scores of Functional Activities Questionnaire,are associated with,higher risk of cognitive decline
higher scores of Functional Activities Questionnaire,associated with,higher risk of cognitive decline
lower levels of CSF sTREM2,are associated with,higher risk of cognitive decline
lower levels of CSF sTREM2,associated with,higher risk of cognitive decline
lower volume of hippocampus,is associated with,higher risk of cognitive decline
lower volume of hippocampus,associated with,higher risk of cognitive decline
number of APOE ε4,associated with,higher risk of cognitive decline
these factors,are associated with,higher risk of cognitive decline
Alzheimer's disease Stage B+,was associated with,higher risk of progression
lower serum Ile level,is associated with,higher risk of progression to Alzheimer's disease
Alzheimer's disease burden,were independently associated with,higher risk of progression to Biological Stage B+
Alzheimer's disease p-tau217,were independently associated with,higher risk of progression to Biological Stage B+
excluding these cases from treatment with anti-amyloid antibody,is justifiable because of,higher risk of side effects
excluding these cases from treatment with anti-amyloid antibody,is justifiable,higher risk of side effects
increased volumes in the left whole hippocampus,were causally related to,higher risks of Alzheimer's disease
Baseline Modified Dementia Risk Scores,were associated with,higher scores on the Alzheimer's disease Assessment Scale
global p-tau severity,was associated with,higher scores on the cognitive scale
global p-tau severity,was associated with,higher scores on the functional scale
APOE ε4 carriers,in,higher serum IL-6
Aβ1-42 negatives,associated with,higher t-tau
Aβ1-42 positives,associated with,higher t-tau
lower estimated glomerular filtration rate (eGFR),was associated with,higher tau
cortical amyloid's impact on memory,worsens with,higher tau accumulation in the locus coeruleus
cortical amyloid's impact on memory,worsens with,higher tau accumulation locus coeruleus the LC
PET+/plasma+ group,is associated with,higher tau burden
PET+/plasma+ group,is significantly associated with,higher tau burden assessed by PET
increases,were associated with,higher tau-PET levels
over-sampling methods,achieved,highest AUC results
category,with,highest potential
category,achieves,highest potential
category,with,highest potential for diagnosis and predictive accuracy
category,achieves,highest potential for diagnosis and predictive accuracy
category,achieves,highest potential for diagnosis and predictive accuracy of longitudinal cognitive decline
which category,achieves,highest potential for diagnosis and predictive accuracy of longitudinal cognitive decline
genes like SLC25A38,emerged as,highly predictive
Genes like SLC25A38,emerged as,highly predictive specifically for PD
missense variants within C2H2-ZnF DNA-contacting α helices,cause,highly variable clinical presentations
Chitinase-3-like protein 1,is linked to,hippocampal atrophy
chronic pain,leads to,hippocampal atrophy
neurofilament light chain,are associated with,hippocampal atrophy
plasma phospho-tau 181,are associated with,hippocampal atrophy
AD research,focuses on,hippocampal region
proposed theory of the glutamatergic system,as a facilitator of,hippocampal synaptic transmission
theory of the glutamatergic system,as a facilitator of,hippocampal synaptic transmission
controlling demographics and other brain pathologies,after,hippocampal tangle burden was associated with decline in global cognition and episodic memory
Alzheimer's disease,has a reciprocal influence on,hippocampal volumes
Alzheimer's disease,has reciprocal influence on,hippocampal volumes
Alzheimer's disease,reciprocal influence of,hippocampal volumes
Alzheimer's disease,causal links between,hippocampal volumetric traits
synapse disruption,in,hippocampus
volumes of the hippocampus,causal links between,hippocampus subfield structures
HD,was associated with,hippocampus volume
hearing difficulty,was associated with,hippocampus volume
plasma p-tau(217)/Aβ(42),was associated with,history of hearing loss
predictive model,accounted for,history of stroke
HMGA1 rs146052672 variant,is known to reduce,HMGA1 protein levels
HMGA1 rs146052672 variant,known to reduce,HMGA1 protein levels
patients with tauopathy,carrying or not,HMGA1 rs146052672 variant
patients with tauopathy,carried,HMGA1 rs146052672 variant
carriers,with,homocysteine
individuals,are conventionally considered,homogeneous
lower β-amyloid scores,were associated with,homozygous APOE-ε4 carriership
examination,was of,how acetylation influenced the susceptibility of P301L (PL) pathologic tau to seeds
mice that had tauopathy,explored,how Alzheimer's disease pathology impacted whole body and CNS metabolism
P301S PS19 and Tau4RTg2652 mice with tauopathy,were explored,how Alzheimer's disease pathology impacted whole body and CNS metabolism
novel insights,into,how astrocyte reactivity contributes to AD progression
LMEMs,tested,how baseline ATN(PD) status predicted clinical outcomes
the goal,was to investigate,how circadian rhythms impact cognition
it,remains unclear,how different APOE isoforms may impact AD-related pathologies at the BBB
few studies,have comprehensively examined,how health and disease risk influence Alzheimer's disease Alzheimer's disease biomarkers
apolipoprotein E ε4 allele,can affect,how homocysteine contributes to neurodegeneration
presence of the apolipoprotein E ε4 allele,may influence,how homocysteine contributes to neurodegeneration
specific disease processes,can affect,how homocysteine contributes to neurodegeneration
gap in knowledge,is in,how perceived stress may influence the relationship between serum-measured biomarkers for Alzheimer's disease and cognitive decline
researcher,aimed to investigate,how the spreading of Misfolded tau proteins can influence connectivity
gray matter progressing gray matter atrophy,did not influence,HSS dwell-time
APOE,influences,human brains
APOE,influences in two different ways,human brains
APOE,influences in a healthy way,human brains
APOE,influences in a pathological way,human brains
APOE,influences in two ways,human brains
APOE,has two influences on,human brains
influences of the apolipoprotein E gene (APOE),on,human brains
two different influences,on,human brains
tau depletion,in,human induced pluripotent stem cell-derived neurons
pathology,is associated with,human microtubulate-associated protein tau
Alzheimer's disease,is associated with,humans in vivo
this inaugural human clinical trial,evaluates,hydralazine's impact on patients in the mild to moderate AD
P-tau oligomers,has insignificant in vitro effect on,hydrogen peroxide production
metabolic perturbations,caused,hyperglycemia
incidence of sporadic Alzheimer's disease,was tightly associated with,hyperlipidemia
mortality of sporadic Alzheimer's disease,was associated with,hyperlipidemia
NMDA receptor stimulation,synthesized in response to,hyperphosphorylated tau
accumulation of factors,associated to,hyperphosphorylated tau (ptau) aggregates
accumulation of other factors,associated to,hyperphosphorylated tau (ptau) aggregates
other factors,associated to,hyperphosphorylated tau (ptau) aggregates accumulation
GSK-3β,to phosphorylate,hyperphosphorylated tau proteins
Sarkosyl-insoluble phosphorylated tau calcium binding,may cause,hyperphosphorylated tau to adopt an aggregated form
amyloid deposition,causes,hyperphosphorylation and aggregation of tau
downstream responses,lead to,hyperphosphorylation and aggregation of tau
downstream responses,cause,hyperphosphorylation and aggregation of tau
hypothesis,was that,hyperphosphorylation and aggregation of tau is caused by amyloid deposition
Alzheimer's disease,causes,hyperphosphorylation of tau proteins
severity of progressing gray matter atrophy,influenced,hypersynchrony state intensity
severity of progressing gray matter atrophy,influenced,hypersynchrony state occurrence
Alzheimer's disease pathology,may be influenced by,hypertension
apolipoprotein (APOE) ε4 allele,predicted,hypertension
brain atrophy,occurred in,hypertensive individuals
cognitive decline,occurred in,hypertensive individuals
Alzheimer's disease,is characterized by,hypometabolism
α-synuclein seed amplification positivity SAA+,was associated with,hypometabolism in cognitively impaired individuals
cerebrospinal fluid GAP-43 and plasma NfL,predicted,hypometabolism of the middle temporal region
predicted affinity,generated,hypotheses for potential
predicted affinity,generated,hypotheses for potential metabolic modulation
authors,propose,hypothesis
results,support,hypothesis
data,support,idea that apolipoprotein E impacts the response to Alzheimer's disease circulating estradiol supplementation post-menopause
disease diagnosis module,ensures,identification of causal effects for pathogenesis
along-tract statistical analyses,support,identification of factors associated with brain microstructure
BUAN,supports,identification of factors associated with the brain microstructure
understanding factors associated with tau burden,allows,identification of individuals at elevated risk
understanding factors associated with tau burden,facilitates,identification of individuals at elevated risk
comprehension of the impact of oxidative stress,enhancing,identification of new disease markers
enhancing comprehension of the impact of oxidative stress,facilitate,identification of new disease markers
enhancing comprehension of the impact of oxidative stress,could facilitate,identification of new disease markers
approach,can be used to,identify and validate biomarkers associated with cognitive decline
instrumental variable approach,was used to,identify causal IDPs
instrumental variable (IV) approach,was used to,identify causal IDPs for brain disorders
instrumental variable (IV) approach,was adopted to,identify causal IDPs for brain disorders
instrumental variable approach,was used to,identify causal IDPs for brain disorders
recent methods in imaging genetics,were adopted to,identify causal IDPs for brain disorders
eXtreme Gradient Boosting machine learning algorithm,was used to,identify the most important features predictive of future all-cause dementia onset
it,be used to,identify those with no apparent cause risk
findings,contribute to,identifying candidate mechanisms
these findings,may contribute to,identifying candidate mechanisms
findings,contribute to,identifying mechanisms that contribute to increased risk of memory impairment
CSF proteome analyses and CSF and PET amyloid endophenotypes GWAS,might be effective for,identifying signals associated with the AD pathological process
brain disorders,were found to be associated with,IDPs
trial,aims to determine,if targeting rapid eye movement latency can modify related dementias risk
C-reactive protein,is associated with,IL6R gene
pathological domain knowledge,could lead to,ill-posed results
clinical Alzheimer's disease CSF biomarkers,are associated with,imaging markers
clinical diagnosis,is associated with,imaging markers
imaging markers,are associated with,imaging markers
PC 3,is associated with,imaging markers
machines,predict from,imaging regions of interest
support vector machines,trained from,imaging regions of interest
vector machines,trained from,imaging regions of interest
imbalance,might be due to,imbalance
imbalance,might be due to,imbalance between aggregated and soluble species
imbalance,might be due to,imbalance between β-amyloid (Aβ)
imbalance,be due to,imbalance between two groups
dementia subtype Alzheimer's Disease vs VaD,impact of,immediate benefits of Cognitive Stimulation Therapy in general cognitive functioning
single nucleotide polymorphisms (SNPs),associated with,immune cell traits
AD,is caused by,immune inflammation
AD,is known to be caused by,immune inflammation
disease,is caused by,immune inflammation
disease,is known to be caused by,immune inflammation
the disease,is known to be caused by,immune inflammation
rate of amyloid-β progression,is influenced by,immune proteins in peripheral circulation
aetiology of these conditions,is influenced by,immune response-related biomarkers
evidence of a potential causal role,for,immune response-related biomarkers
mice expressing mutant human amyloid precursor protein (APP),caused,immune responses
pathogenesis of its mysterious pathology,involves,immuno-senescence of the immune system
causal effects of AD,on,immunophenotypic traits
health-related comorbidities,was of,impact
intestinal inflammation,needs to be elucidated,impact
ε4 allele platform,to evaluate,impact
They,highlight,impact in African Americans
Pathway analyses,revealed,impact of Alzheimer's disease CT1812 on neuroinflammation
brain network mapping,revealed,impact of Alzheimer's disease CT1812 on synapses
Understanding of Alzheimer's disease,Pathophysiology &,Impact of amyloid beta protein
each individually,mediated,impact of Aβ burden on attention decline
individually,mediated,impact of Aβ burden on attention decline
each individually,mediated,impact of Aβ burden on memory decline
individually,mediated,impact of Aβ burden on memory decline
individually mediated,Each,impact of Aβ burden on memory decline
linear regression models,were estimated to explore,impact of APOE ε4 and ε2 variants and plasma NfL on a composite cognitive test score
PSEN1 E280A mutation carriers,investigated,impact of APOE ε4 and ε2 variants on age-related plasma NfL increases and cognition
clinicians,are aware of,impact of APOE-ε4 allele
bioenergetic pathways,mediate,impact of Apolipoprotein E on aging
bioenergetic pathways,are involved in,impact of Apolipoprotein E on aging
authors,sought to examine,impact of BCHE-K carrier status on age-at-diagnosis of Alzheimer disease
authors,examined,impact of BCHE-K carrier status on age-at-diagnosis of Alzheimer disease in APOE4 carriers
researchers,should take into account,impact of biomarker operationalizations
researchers,should consider,impact of biomarker operationalizations on the assessment of disease severity
acute and chronic inhibition of CaN,through,impact of Calcineurin on exogenous and endogenous TauO
goal,was to investigate,impact of circadian rhythms on cognition
AT stages,modulated,impact of CSF p-tau/Aβ42 ratio on grey matter volume
Gene Ontology,revealed,impact of CT1812 on lipoprotein and amyloid Alzheimer's disease biology
utilized biomarkers,captured,impact of CVD and AD on cognition
Apolipoprotein E,modulates,impact of E(2) on Alzheimer's disease
apolipoprotein E,modulates,impact of E(2) on Alzheimer's disease
apolipoprotein E,modulated,impact of E(2) on Alzheimer's disease
apolipoprotein E,modulates,impact of E(2) on behavior
apolipoprotein E,modulated,impact of E(2) on behavior
Apolipoprotein E,modulates,impact of E(2) on behavior and Alzheimer's disease
apolipoprotein E,modulated,impact of E(2) on behavior and Alzheimer's disease
Apolipoprotein E,modulates,impact of E(2) on behavior in vivo
Gut-mood relationship,is known as,impact of gut microbiota on emotional state
researchers or study authors,evaluated,impact of health-related comorbidities
leave-one-out analysis,was used to assess,impact of individual SNP on the overall MR results
rodent models,to explore,impact of insulin deficiency on Alzheimer's disease pathology
animal models,confirm,impact of insulin resistance on amyloid-β accumulation
epidemiological studies,confirm,impact of insulin resistance on amyloid-β accumulation
review,focuses on,impact of Lead (Pb) toxicity
objective,was to identify,impact of metformin on plasma and CSF proteins
goal,was to investigate,impact of micronutrients on cognitive biomarkers
observational studies,investigated,impact of migraine on Alzheimer's Alzheimer's Disease (AD)
trial,aims to clarify,impact of multidisciplinary lifestyle interventions on the progression of neurological disorder risk or diagnosis in older adults
objectives of this protocol,are to examine,impact of multidisciplinary lifestyle interventions on these biomarkers
neurofibrillary degeneration,is a cause of,impact of neuro
cerebral amyloid angiopathy,modifies,impact of neurofibrillary degeneration on cognition
cerebral amyloid angiopathy,contributes to,impact of neurofibrillary tangles
enhancing our comprehension,of,impact of oxidative stress
enhancing our comprehension,is possible,impact of oxidative stress on various diseases
native mass spectrometry,highlights,impact of phosphorylation on tau's structural flexibility
ApoE4 genotype,influenced,impact of physical activity on β-amyloid
ApoE4 genotype,affected,impact of physical activity on β-amyloid
this article,examines,impact of spatial resolution
physical activity,moderates,impact of tau pathology on executive function
article,examines,impact of the Amyloid-beta PET quantitation on the data type
this article,examines,impact of the Amyloid-beta PET quantitation on the data type
Alzheimer's Disease pathology,is influenced by,impact of the apolipoprotein E type ∊4 allele (ApoE4)
Alzheimer's Disease pathology,is impacted by,impact of the apolipoprotein E type ∊4 allele (ApoE4)
article,examines,impact of the data type on the Amyloid-beta PET quantitation
this article,examines,impact of the data type on the Amyloid-beta PET quantitation
authors,sought to examine,impact of the K-variant of butyrylcholinesterase (BCHE-K) carrier status on age-at-diagnosis of Alzheimer disease
demographic and molecular covariates,adjusting for,impact of the ε4 allele haplotypes on APOE protein levels in cerebrospinal fluid
ε3 allele ε4 allele platform,using,impact of the ε4 allele haplotypes on APOE protein levels in cerebrospinal fluid
ε4 allele haplotypes,were identified to evaluate,impact of the ε4 allele haplotypes on APOE protein levels in cerebrospinal fluid
disease,highlighted,impact of the pathology
analysis,was to explore,impact of the R136S variant on AD pathological development
clinical readouts of monoclonal antibodies,indicate that,impact of these treatments may extend beyond reduction in amyloid plaques
research discussed in the paper,underscores,impact of vascular health on the AD disease spectrum
Aβ deposition,is modulated,impact on
grey matter volume,is modulated,impact on
it,raised questions about,impact on Alzheimer's disease biology
ε3 allele ε4 allele platform,using,impact on APOE protein levels in cerebrospinal fluid
ε4 allele haplotypes,were identified to evaluate,impact on APOE protein levels in cerebrospinal fluid
association between CSF C1q and sTREM2 levels,partly mediated,impact on tau pathology progression
association between CSF C1q levels and sTREM2 levels,partly mediated,impact on tau pathology progression
CSF C1q levels,partly mediated,impact on tau pathology progression
sTREM2 levels,partly mediated,impact on tau pathology progression
cognition,included,impacts
insulin resistance,included,impacts
interaction,synergistically,impacts
metabolism,included,impacts
microglial activation,included,impacts
neuroinflammation,included,impacts
impacts of neuroinflammation,are additive with,impacts of hypertension
impacts of hypertension on astrocytes,are the same as,impacts of hypertension on AD-related pathologies
impacts of neuroinflammation on astrocytes,are the same as,impacts of hypertension on astrocytes
impacts of neuroinflammation on astrocytes,are additive with,impacts of neuroinflammation on AD-related pathologies
impacts of neuroinflammation on astrocytes,are independent of,impacts of neuroinflammation on AD-related pathologies
impacts on astrocytes,are independent of,impacts on AD-related pathologies
cis stereo-isoform of phosphorylated tau (cis P-tau),is associated with,impaired autophagy
overexpression,resulted in,impaired cognitive function
Alzheimer's disease,is associated with,impaired energy metabolism
reduced electrolyte levels,may cause,impaired glial function
demyelination,was associated with,impaired lipophagy in resident cochlear macrophages RCMs
Alzheimer's disease,is associated with,impaired neuronal signaling
PSP,is characterized by,impairments
Alzheimer's disease,is associated with,imperfect associations
Alzheimer's disease,is associated with,imperfect associations between tau pathology and brain atrophy
Alzheimer's disease,is associated with,imperfect associations between tau pathology and cognitive decline
identification of biomarkers of aging,might lead to,implementation of effective intervention
risk for progression to dementia,is associated with,implications for treatment options
APOE and ε3 allele,has functional impact,importance
functional impact,is crucial to,importance
findings,highlight,importance of considering haplotype-specific effects when interpreting the functional impact of APOE and ε3 allele
accuracy of causal effect estimation,Ensuring,important
cerebral amyloid angiopathy,plays,important role in the impact of neurofibrillary tangles
earlier interventions,could lead to,improved disease management
tool,provides,improved individualized prognosis
understanding of possible molecular links between COVID-19-induced neurological disease and AD,would lead to,improved patient follow-up and late-onset disease prevention
including eGFR,did not lead to,improved prediction for any biomarker
inclusion of eGFR in the models,did not lead to,improved prediction for any biomarker
acute head-and-neck cooling,is associated with,improved symptom rating
changes,are associated with,improvement in core clinical symptoms
changes,associated with,improvement in core clinical symptoms
changes in biomarker concentrations,are associated with,improvement in core clinical symptoms
these changes,are associated with,improvement in core clinical symptoms
postoperative increase in Aβ(40),is associated with,improvement in urinary continence
factors associated with tau burden,facilitates,improvement of early detection strategies
Alzheimer's disease (AD) pathological progression,resulting in,improvement or maintenance of cognitive function with age
GFAP,except,in tear fluid
low sample volume,due to,in tear fluid
NfL,except,in tear fluid
A causal relationship,was supported,in the forward direction
p-tau217,"with an AUC of 0.887 (95% CI, 0.779-0.954)",in the M
opposing impacts,are likely,in the peripheral systems
causal relationship,was supported,in the reverse direction
E(2),impacts,in vivo
tau positron emission tomography (PET) imaging,allows,in vivo detection of tau proteinopathy in Alzheimer's disease
Tau positron emission tomography (PET) imaging,allows,in vivo detection of tau proteinopathy in Alzheimer's disease
plasma NTA-tau levels,are closely associated with,in vivo tau tangle deposition in Alzheimer's disease
glycerol 3-phosphate,is one of the metabolites associated with,incidence of meningioma
metabolites,were among those associated with,incidence of Meningioma
metabolites,associated with,incidence of Meningioma
plasma biomarkers,to predict,incident abnormal amyloid positron emission tomography (PET)
NEFL,was associated with,incident all-cause dementia
PA,is related to,incident all-cause dementia
PA,with,incident all-cause dementia
RPS6KB1,was associated with,incident all-cause dementia
increasing plasma Aβ42/40 levels over time,were not associated with,incident cognitive impairment
increasing pTau-181 levels over time,were not associated with,incident cognitive impairment
ten proteins,independently predicted,incident dementia
Alzheimer disease,is associated with,inclusion of additional brain regions
potential confounding,due to,inclusion of individuals carrying APOE ε2
potential confounding,due to,inclusion of individuals carrying APOE ε4
template for a native monomer,due to,incompatible amino acid sequences
plasma Alzheimer's disease (AD) biomarkers,remain,incompletely understood
assessments of depressive symptoms based on single time point,contribute to,inconsistencies
assessments that fail to capture the dynamic course of depressive symptoms,may contribute to,inconsistencies
methodological heterogeneity,likely contributed to,inconsistencies
reliance on single time point assessments of depressive symptoms,may contribute to,inconsistencies
heterogeneity,contributed to,inconsistent findings
small cell lung cancer,were excluded,inconsistent results
it,contributes to,incontinence
Alzheimer's disease,is predicted by,increase
white matter degeneration,does not influence,increase in Alzheimer's disease
PP,led to,increase in amyloid beta deposition
modulation of sRAGE,was a likely cause,increase in amyloid-β(42) levels
treatment,resulted in,increase in beta-amyloid aggregates in the media
Alzheimer's disease,is predicted by,increase in between-network connectivity
Alzheimer's disease progression,is predicted by,increase in between-network connectivity
insulin deficiency in the younger mice,resulted in,increase in cortical amyloid-β (Aβ)
accounting for maximum learning capacity,leads to,increase in Semantic intrusion errors
maximum learning capacity,accounting for,increase in Semantic intrusion errors
acute hypoxic brain injury,causes,increase in T-tau
acute traumatic brain injury,causes,increase in T-tau
disease progression,causes,increase in Tau
disease progression,is associated with,increase in Tau
treatment,resulted in,increase in tau aggregates
interquartile range differences in amyloid beta 42/40,were associated with,increase in the annual rate of amyloid PET change
Interquartile range differences in Amyloid Probability Score 2,were associated with,increase in the annual rate of amyloid PET change
interquartile range differences in percent phosphorylated tau 217 (%p-tau217),were associated with,increase in the annual rate of amyloid PET change
Interquartartile range differences in Amyloid Probability Score 2,were associated with,increase in the hazard of progression from amyloid PET negative to amyloid PET positive
interquartile range differences in amyloid beta 42/40,were associated with,increase in the hazard of progression from amyloid PET negative to amyloid PET positive
interquartile range differences in percent phosphorylated tau 217 (%p-tau217),were associated with,increase in the hazard of progression from amyloid PET negative to amyloid PET positive
higher GFAP,were associated with,increase in the Neuropsychiatric symptoms severity score over time
higher GFAP,was associated with,increase in the Neuropsychiatric symptoms severity score over time
higher NfL,were associated with,increase in the Neuropsychiatric symptoms severity score over time
Higher NfL,was associated with,increase in the Neuropsychiatric symptoms severity score over time
AD,associated with,increase in the small tau isoform
AD,is associated with,increase in the small tau isoform
Aβ,are associated with,increase in the small tau isoform
cognitive abnormalities,associated with,increase in the small tau isoform
cognitive abnormalities,are associated with,increase in the small tau isoform
patients with AD,associated with,increase in the small tau isoform
high baseline Aβ deposition,was associated with,increase of white matter hyperintensities volume over 2 years
HMGA1 rs146052672 variant,known to,increase the risk of insulin resistance and T2D
CRC,associated with,increased
decrease in appendicular lean mass,associated with,increased
higher FAS,was associated with,increased AD risk
elevated pulse pressure,is associated with,increased Alzheimer's disease biomarker burden
average weekly champagne plus white wine intake,were causally associated with,increased Alzheimer's disease of AD
average weekly champagne plus white wine intake,was causally associated with,increased Alzheimer's disease of AD
Danish pastry intake,were causally associated with,increased Alzheimer's disease of AD
doughnut intake,were causally associated with,increased Alzheimer's disease of AD
doughnut intake,was causally associated with,increased Alzheimer's disease of AD
elevated plasma ceramide levels,were also causally associated with,increased Alzheimer's disease risk
LPCAT2 variants,were associated with,increased Alzheimer's disease risk
higher baseline pulse pressure,was significantly associated with,increased Aβ
accelerated decline in episodic memory among Apolipoprotein E4 carriers,is due to,increased Aβ deposition
decline in episodic memory,is due to,increased Aβ deposition
elevated blood pressure,was associated with,increased Aβ PET accumulation
decline in cerebral perfusion,results in,increased biomarker concentrations in CSF
reduced risk of Alzheimer's disease AD,is associated with,increased CD28(+) CD45RA(-) CD8br AC levels
intervention,caused,increased cerebral blood flow
growing demand for sustainable products,has led to,increased competition among companies
elevated CREB phosphorylation,was associated with,increased expression of postsynaptic proteins
MR analysis,revealed,increased genetic predisposition to AD
MR analysis,showed that,increased genetic predisposition to Alzheimer's disease
CRC,is associated with,increased genetic predisposition to develop
APOE4,is associated with,increased levels of β-amyloid
elevated levels of α-synuclein,were significantly associated with,increased levels of p-tau(181)
elevated levels of α-synuclein,were significantly associated with,increased levels of sTREM2
elevated levels of α-synuclein,were significantly associated with,increased levels of T-tau
higher tau in the medial temporal lobe,was associated with,increased memory-related concerns
Alzheimer disease stage,was associated with,increased microbleeds
diurnal rhythms in hippocampal interstitial fluid glucose and lactate,are preserved,increased neuronal activity during the active phase
ApoE4-carrier genotype,is associated with,increased β-amyloid burden
ApoE4-carrier genotype,associated with,increased β-amyloid burden
low physical activity,is associated with,increased β-amyloid burden
low physical activity,associated with,increased β-amyloid burden
low physical activity in combination with the ApoE4-carrier genotype,is associated with,increased β-amyloid burden
shared causal factor,underlies,increased pain susceptibility
shared causal factor,underlines,increased pain susceptibility
suppression of GPC1 expression,resulted in,increased phosphorylation at Thr 181 and Thr 217
younger age of first exposure,was associated with,increased plasma NfL and GFAP
Alzheimer's disease,is associated with,increased risk
Osteoarthritis,is associated with,increased risk
subjective cognitive decline reflecting SCD-plus features,was associated with,increased risk
genetically predicted high levels of LDL-C,are associated with,increased risk Alzheimer's disease
decrease in appendicular lean mass,with,increased risk for AD
decrease in appendicular lean mass,is associated with,increased risk for AD
decrease in appendicular lean mass,was associated with,increased risk for AD
short telomere length,is associated with,increased risk for AD
short telomere length,was associated with,increased risk for AD
short telomere length and decrease in appendicular lean mass,implied a causal association of,increased risk for AD
bipolar disorder,is associated with,increased risk for Alzheimer's disease
four disorders,are associated with,increased risk for Alzheimer's disease
migraine,is associated with,increased risk for Alzheimer's disease
Parkinson's disease,is associated with,increased risk for Alzheimer's disease
schizophrenia,is associated with,increased risk for Alzheimer's disease
Short telomere length,is associated with,increased risk for Alzheimer's disease
accelerated BioAge,appeared to be associated with,increased risk for ischemic stroke
dysregulating metabolic pathways,causes,increased risk of AD
dysregulating peripheral inflammatory responses,possibly causes,increased risk of AD
dysregulating peripheral inflammatory responses,causes,increased risk of AD
dysregulation of metabolic pathways,is possibly the cause of,increased risk of AD
dysregulation of peripheral inflammatory responses,is possibly the cause of,increased risk of AD
elevated levels of aPTT,are causally associated with,increased risk of AD
elevated levels of FX,are causally associated with,increased risk of AD
elevated levels of PC,are causally associated with,increased risk of AD
ergothioneine,was identified as contributing to,increased risk of AD
Ergothioneine,contributing to,increased risk of AD
genetic liability to OCD,associated with,increased risk of AD
high plasma levels of PLAUR,were associated with,increased risk of AD
piperine,was identified as contributing to,increased risk of AD
piperine,contributing to,increased risk of AD
poor sleep,is associated with,increased risk of AD
reduced levels of FXI,are causally associated with,increased risk of AD
T allele of rs1487504,contributed to,increased risk of AD
it,is associated with,increased risk of ADHD in female participants
decreased blood-derived mitochondrial DNA copy number,has causal relationship with,increased risk of Alzheimer disease
low levels of plasma leptin,are associated with,increased risk of Alzheimer disease
panic disorder,was associated with,increased risk of Alzheimer disease
Apolipoprotein E (APOE) ε4 allele status,is associated with,increased risk of Alzheimer's disease
depressive symptoms,are associated with,increased risk of Alzheimer's disease
dyslexia,is associated with,increased risk of Alzheimer's disease
genetically predicted high levels of LDL-C,are associated with,increased risk of Alzheimer's disease
genetically predicted levels of three proteins,were found to be associated with,increased risk of Alzheimer's disease
increased dyslexia,has significant causal association with,increased risk of Alzheimer's disease
LDL-C,was associated with,increased risk of Alzheimer's disease
levels,were associated with,increased risk of Alzheimer's disease
proteins,associated with,increased risk of Alzheimer's disease
T allele of rs1487504,contributed to,increased risk of Alzheimer's disease
Apolipoprotein E4 (ApoE4),is associated with,increased risk of Alzheimer's disease (AD)
altered thyroid hormone levels,have been associated with,increased risk of Alzheimer's disease Alzheimer's disease dementia and related cognitive decline
CP,is involved in,increased risk of Alzheimer's disease associated with increased dyslexia
higher CSF levels of ceramide Cer(d38:4),were associated with,increased risk of Alzheimer's disease beta 42 (Aβ42) positivity in CSF
higher CSF levels of hexacosanoic acid,were associated with,increased risk of Alzheimer's disease beta 42 (Aβ42) positivity in CSF
T allele of rs1487504,contributed to,increased risk of Alzheimer's disease in AD
it,is associated with,increased risk of amyloid-related imaging abnormalities (ARIA)
it,is associated with,increased risk of amyloid-related imaging abnormalities (ARIA) during anti-amyloid therapy
Alzheimer's disease (AD),associated with,increased risk of Apolipoprotein E4 (ApoE4)
anxiety,associated with,increased risk of Apolipoprotein E4 (ApoE4)
depression,associated with,increased risk of Apolipoprotein E4 (ApoE4)
genetic liability to Alzheimer's disease,was associated with,increased risk of cerebral microbleeds
higher CSF α-synuclein levels,were associated with,increased risk of cognitive decline
use of 18F-flortaucipir,was associated with,increased risk of cognitive decline
chronic musculoskeletal pain,is linked to,increased risk of cognitive decline and dementia
subsyndromal symptomatic depression (SSD),is associated with,increased risk of cognitive impairment
osteoarthritis,is associated with,increased risk of dementia
specific flora,are associated with,increased risk of dementia
elevated fasting insulin levels,associated with,increased risk of dementia in Alzheimer's disease
elevated total cholesterol levels,associated with,increased risk of dementia in Alzheimer's disease
baseline plasma NfL,was associated with,increased risk of dementia/death in the entire cohort
elevated plasma homocysteine,is associated with,increased risk of developing neurodegenerative diseases
lifetime cannabis use,is associated with,increased risk of developing PD
subjective cognitive decline reflecting SCD-plus features,is associated with,"increased risk of future MCI, AD, and all-cause dementia"
candidate mechanisms,contribute to,increased risk of memory impairment
mechanisms,contribute to,increased risk of memory impairment
elevated HbA1c,was associated with,increased risk of Parkinson's disease
plasma ferritin,has causal relationship with,increased risk of Parkinson's disease
elevated HbA1c,was associated with,increased risk of Parkinson's disease dementia
risk,was associated with,increased risk of Parkinson's disease dementia
elevated HbA1c,was associated with,increased risk of Parkinson's disease dementia (PDD)
Higher CAIDE score,was associated with,increased risk of progression to all-cause dementia
higher CAIDE score,was associated with,increased risk of progression to all-cause dementia
elevated HbA1c,was consistently associated with,increased risk Parkinson's disease
elevated HbA1c levels,are associated with,increased risks
APOE4,was associated with,increased risks of cognitive impairment
elevated HbA1c levels,are associated with,increased risks of cognitive impairments in patients with T2DM
elevated HbA1c levels,are associated with,increased risks of olfactory impairments in patients with T2DM
ε4 allele,is associated with,increased susceptibility
ε4 allele of the APOE gene,is associated with,increased susceptibility
higher β-amyloid scores,were associated with,increased t-tau
GFAP,was associated with,increased tau PET ligand uptake
sleep impairment,linked to,increased tau secretion from neuronal hyperactivity
sleep impairment,was associated with,increased tau secretion from neuronal hyperactivity
"cerebrospinal fluid 8,12-iso-iPF2α VI",was associated with,increased total tau levels in CSF
higher β-amyloid scores,were associated with,increased uncorrected CSF p-tau
insulin resistance,causes,increased VCAM1 expression
insulin resistance,leads to,increased VCAM1 expression
insulin resistance,results in,increased VCAM1 expression
baseline plasma %p-tau217 and Aβ42/40 levels,were significantly associated with,increases in Aβ-PET over time
differences,were associated with,increases in pathological presentation
Alzheimer's disease,associated with,increases in peripheral p-tau levels
this condition,is associated with,increases in peripheral p-tau levels
baseline in vivo tau burden,is associated with,increasing apathy over time
baseline in vivo tau burden in parietal brain regions,is associated with,increasing apathy over time
baseline in vivo tau burden in temporal brain regions,is associated with,increasing apathy over time
Tau,was associated with,increasing apathy over time
longitudinal increases in depressive symptoms,were associated with,increasing FTP in the amygdala
challenge,leads to,increasing mortality
cognitive decline,were not associated with,increasing plasma Aβ42/40 or pTau-181 levels over time
incident cognitive impairment,were not associated with,increasing plasma Aβ42/40 or pTau-181 levels over time
cognitive decline,were associated with,increasing plasma NfL and GFAP levels over time
incident cognitive impairment,were associated with,increasing plasma NfL and GFAP levels over time
genetically predicted Lewy body dementia (LBD),had a significant causal effect on,increasing risk of colon cancer
higher baseline NfL,predicted,increasing ventricular volume
those with no apparent cause,should be tested on,independent subject
reliability of biomarker discovery,is threatened by,indirect associations and spurious causal relationships
biomarker discovery for brain disorders,is threatened by,indirect associations or spurious causal relationships
APOE ε4 carriership,partly due to,indirect effect
APOE ε4 carriership,is partly due to,indirect effects
dysfunction,is due to,indirect effects of P-tau
P-tau-induced mitochondrial dysfunction in AD,is due to,indirect effects of P-tau
amyloid duration,modeled,individual
estimated number of years an individual has been amyloid-positive,modeled,individual
prevention strategies,can be predicted,individual response
therapeutic intervention strategies,can be predicted,individual response
model,accurately predicts,individual stage progression
postmortem brain tissue,from,individual with FTLD due to the V337M MAPT mutation
causal mediation analysis,requires,individual-level data
robust tools,to predict,individualized trajectories of tau accumulation
individuals who benefit from antiamyloid therapies,would be identified,individuals
motor dysfunction,in,individuals affected by Alzheimer's disease
factors associated with tau burden,understanding,individuals at elevated risk
understanding factors associated with tau burden,may help identify,individuals at elevated risk
understanding of factors associated with tau burden,helps identify,individuals at elevated risk
protective role of HDL-C,in,individuals at increased genetic risk due to APOE4
computational modeling framework,to stratify,individuals into risk zones
platform,identifying,individuals likely to benefit from anti-Aβ treatments
platform,in identifying,individuals likely to benefit from anti-Aβ treatments
strong predictive power,in identifying,individuals likely to benefit the most from anti-Aβ treatments
causal effect,was inferred in,individuals of European ancestry
advanced tau pathology,with,individuals with advanced tau pathology
brain hypometabolism,in,individuals with Alzheimer's disease dementia
Alzheimer's disease biomarkers,impact of,individuals with cognitive impairment
attention-deficit/hyperactivity disorder,on,individuals with cognitive impairment
impact of eGFR on AD biomarker levels,was more robust in,individuals with cognitive impairment
causes of depressive symptoms,may differ between,individuals with dementia
depressive symptoms,different causes than those in,individuals with dementia
different biological factors,in,individuals with dementia
disease progression,in,individuals with dementia
underlying causes of depressive symptoms,may differ between,individuals with dementia
disease progression,in,individuals with Down syndrome
negative impact of Apolipoprotein allele 4,was stronger in,individuals with low pIQ for processing speed
causes of depressive symptoms,may differ between,individuals with mild cognitive impairment
depressive symptoms,in,individuals with mild cognitive impairment
different biological factors,in,individuals with mild cognitive impairment
obstructive sleep apnea PRS,was significantly associated with,individuals with mild cognitive impairment
underlying causes of depressive symptoms,may differ between,individuals with mild cognitive impairment
executive function deficits,in,individuals with mild cognitive impairment (MCI) or Alzheimer's disease (AD) dementia
obstructive sleep apnea PRS,was significantly associated with,individuals with mild cognitive impairment MCI
causes of depressive symptoms,may differ between,individuals with normal cognition
depressive symptoms,different causes than those in,individuals with normal cognition
different biological factors,in,individuals with normal cognition
underlying causes of depressive symptoms,may differ between,individuals with normal cognition
Alzheimer's disease-related cognitive decline,is predicted among,individuals with subjective cognitive decline
Alzheimer's disease-related cognitive decline,among,individuals with subjective cognitive decline or mild cognitive impairment
future AD,risk of,individuals with Subjective cognitive decline reflecting SCD-plus features
future all-cause dementia,risk of,individuals with Subjective cognitive decline reflecting SCD-plus features
future MCI,risk of,individuals with Subjective cognitive decline reflecting SCD-plus features
APOE4-related cognitive and olfactory impairment,in,individuals with T2DM
more tau accumulation,in,individuals with the APOE-ε4 gene
biological causes of depressive symptoms,understanding,individuals with varying cognitive statuses
different biological causes,in,individuals with varying cognitive statuses
Treatments,due to,inefficacy
causal effect,between,infectious mononucleosis
Twenty-two single nucleotide polymorphisms,were significantly and strongly associated with,infectious mononucleosis
higher baseline tau,in the,inferior temporal region
higher baseline pulse pressure,was significantly associated with,inferior temporal tau
AD,causes,inflammation
influence of sRANKL and OPG levels on Alzheimer's disease,was independent of,inflammation
pathological tau,was associated with,inflammation
subnetwork,is associated with,inflammation
condition,is associated with,inflammation at the maternal-fetal interface
Alzheimer's disease pathology biomarkers,are associated with,inflammatory biomarkers
biomarkers of Alzheimer's disease pathology,are associated with,inflammatory biomarkers
Inflammatory bowel disease,was not genetically associated with,Inflammatory bowel disease subtypes
inflammatory bowel disease subentities,were not genetically associated with,inflammatory bowel disease subtypes
CSF α-synuclein,influenced via,inflammatory pathways
CSF α-synuclein influence,is via,inflammatory pathways
CSF p-tau181 levels,were influenced via,inflammatory pathways
CSF t-tau levels,were influenced via,inflammatory pathways
influence of CSF α-synuclein on CSF t-tau and p-tau181 levels,is via,inflammatory pathways
cognitive reserve,attenuates,influence of accumulating AD pathology on cognition
hypometabolism,mediated,influence of alpha-synuclein on disease severity
blood low-density lipoprotein cholesterol,synergistically enhances,influence of cerebral beta-amyloid deposition on tau deposition pathology
goal,was to investigate,influence of circadian rhythms on cognition
ALZAN cohort,was used to evaluate,influence of confounding factors
linear regression,was used to assess,influence of CSF determined Aβ-plaque (Aβ-/+) or neurofibrillary tau tangles (Tau-/+) on 4MT and CERAD recall performance
mechanisms by which lead affects neurodevelopment,are attributed to,influence of lead on the movement of calcium ions
AD,was developed by,influence of sleep
functional connectivity,influences,influence of tau accumulation
functional connectivity,partially modulates,influence of tau accumulation on downstream glucose metabolism
functional connectivity,partially modulated,influence of tau accumulation on glucose metabolism
functional connectivity,influences,influence of tau accumulation on glucose metabolism
functional connectivity,partially influenced,influence of tau accumulation on glucose metabolism
factors,were evaluated to assess,influence on brain amyloidosis biomarker concentrations
exposure to fine particulate matter (PM(2.5)),was the main cause of,influence on the profile of gut microbiota
acetylation,was examined for,influence on the susceptibility of P301L (PL) pathologic tau to seeds
cerebrospinal fluid VILIP-1,mediated,influences of body mass index on cerebrospinal fluid tau pathology
confirmation of a causal connection,is impeded by,inherent limitations of such studies
Traditional Oriental Medicines,had the effects of,inhibition of tau K18 aggregation
thioflavin T assay,was used to assess,inhibition of tau K18 aggregation by Traditional Oriental Medicines
thioflavin T assay,assesses,inhibition of tau K18 aggregation caused by Traditional Oriental Medicines
downstream markers of disease,are related to,initial stage of Alzheimer's disease
tau protein phosphorylation,to,injurious
tau protein phosphorylation transition,to,injurious
transition of tau protein phosphorylation,to,injurious
dementia,caused by,injury
genetic pathways that influence longitudinal heterogeneous changes in Alzheimer's disease,may provide,insight into disease mechanisms and potential therapeutic targets
our findings,provide,insight into dysregulated pathways
our findings,provide,insight into understanding how biological processes reflecting circulating biomarkers and their associated effects may contribute to disease etiology
co-occurring phospho-epitopes,in,insoluble fraction
co-occurring phospho-epitopes,are associated with,insoluble fraction
tauopathy,in,insoluble fraction
it,contributes to,institutionalisation
Causal IDPs for brain disorders,were identified using,instrumental variable (IV) approach
causal IDPs for brain disorders,using,instrumental variable (IV) approach
methods in imaging genetics,adopted,instrumental variable (IV) approach
genetic variants,selected as,instrumental variables
single-nucleotide polymorphisms (SNPs),recognized as,instrumental variables (IVs)
Twenty-two single nucleotide polymorphisms,were used as,instrumental variables in the MR analysis
Ferritin,was associated with,instruments
essential nutrients,like,insulin
diabetes,is a cause of,insulin deficiency
insulin dysfunction,is associated with,insulin deficiency
Streptozotocin administration,led to,insulin deficiency in the younger mice
rodent models,to explore the impact of,insulin deficiency on Alzheimer's disease pathology
AD,associated with,insulin impairment
Alzheimer's disease,associated with,insulin impairment
Alzheimer's disease,is associated with,insulin resistance
Alzheimer's disease,associated with,insulin resistance
defects in the HMGA1 gene,are associated with,insulin resistance
HMGA1 deficiency,through,insulin resistance
HMGA1 deficiency,may contribute to,insulin resistance
HMGA1 gene defects,are associated with,insulin resistance
HMGA1 rs146052672 variant,is known to increase the risk of,insulin resistance
HMGA1 rs146052672 variant,increase the risk of,insulin resistance
increased VCAM1 expression,is associated with,insulin resistance
increased VCAM1 expression,is due to,insulin resistance
Type 2 diabetes (T2D),is associated with,insulin resistance
Type 2 diabetes mellitus (T2DM),characterized by,insulin resistance
VCAM1 expression,is caused by,insulin resistance
VCAM1 expression increase,occurs due to,insulin resistance
Apolipoprotein E with ε2 allele,influence,insulin resistance-like pathways
Apolipoprotein E with ε2 allele,strengthens,insulin resistance-like pathways
influence of Apolipoprotein E with ε2 allele,strengthens,insulin resistance-like pathways
Diabetes,is associated with,insulin therapy
insulin deficiency,is a cause of,insulin therapy
insulin dysfunction,is associated with,insulin therapy
IGF1R signaling,impact on,insulin trafficking
worsening the disease,is a risk that,insulin-based therapies
desensitizing insulin signaling,is a risk that,insulin-based therapies can cause
novel association,with,integrity of BBB function
cardiac arrest patients,in,intensive care
patients who had survived a cardiac arrest,were in,intensive care
integrity of BBB function,causes,inter-individual variability
integrity of BBB function,is the cause of,inter-individual variability
YKL-40,tends to show relatively strong,inter-tissue associations
impact,was potentially due to,interaction between Apolipoprotein E ε4 and sleep disturbances
extent and distribution of future tau accumulation,can be predicted by,"interaction of baseline connectivity, AD pathology, and genetic risk"
AD,was developed by,interaction with APOE ε4
development of AD,was influenced by,interaction with APOE ε4
phosphorylation state of Tau,are presumably influenced by,interactions between Tau and Tau partners
phosphorylation-dependent changes,in,interactions between Tau and Tau partners
pathways,were associated with,intercept
their accessibility,is due to,interest
tau aggregation,occurs through,intermediate condensation phase
activity of ASAP1,influences,internalization of tau seeds into microtubules
comorbidities,complicate,interpretation of NfL's prognostic value
sleep-wake cycle,influence,interstitial and cerebrospinal fluid (CSF) tau levels
it,did not predict,intervention effects
it,did not detect,intervention effects
changes,were not due to,intracellular tau aggregates
extracellular Tau aggregates,were found to cause,intracellular Tau aggregation
extracellular Tau aggregates,cause,intracellular Tau aggregation
upregulation of the unconventional protein secretion pathway,led to,intracellular tau dephosphorylation
Alzheimer's disease (AD),is pathologically defined by,intracellular tau neurofibrillary tangles
disruption,was caused by,intracerebral injection of synaptotoxic tau
data,were used to investigate,intrinsic causal relationship between blood BMTs and brain image-derived phenotypes (IDPs)
clinical implementation,particularly with,introduction of disease-modifying therapies
Alzheimer's disease and cancer,is reported to be,inverse
primary causal conclusions,were obtained using,inverse variance weighted approach (IVW)
researchers or investigators,utilized,inverse variance-weighted method
TAP-TAU study,aim of,investigate the impact of tau-PET in clinical practice
blood OCN levels,causal effects of,investigated
results,support,involvement of bioenergetic pathways in mediating the impact of Apolipoprotein E on aging
researchers or authors,investigated,involvement of different cell types
"binding to phosphatidylinositol 4,5-bisphosphate (PIP2)",led to,involvement of syndecan 3
proteins associated with incident LOAD group,includes,IRF6
proteins associated with incident LOAD group,include,IRF6
autophagic degradation of ferritin,causes,iron-dependent lipid peroxidation
ferritinophagy,causes,iron-dependent lipid peroxidation
Body mass index indicators,causal relationship was found between,IS
male vulnerability,was associated with,IS
peripheral confounders,influence of,is accounted for
this syndrome,is associated with,ischemia/hypoxia
AD,did not have a causal effect on,ischemic heart disease
Accelerated BioAge,is a good biomarker for,ischemic stroke
OR(IVW)=1.08 [95% CI=0.96-1.22],for,Ischemic stroke risk
Sleep apnea,has significant causal effect on,Ischemic stroke risk
Alzheimer's disease peptides,is associated with,it
biomarkers causal relationships,are challenging to elucidate,it
changes in volumes,predicted,it
changes in volumes of Alzheimer's disease ROI,predicted,it
combination of genetic and environmental factors,is a result of,it
improved hippocampal synaptic plasticity,was associated with,it
medial and lateral temporal tau load,is not directly via,it
medial and lateral temporal tau load,is not,it
modulators of Aβ-related p-tau increases,characterize,it
predictive performance of MRI,can be improved,it
those with no apparent cause,identify,it
Causality-aware Genotype intermediate Phenotype Correlation Approach,is better because,it has built-in interpretability
integrin proteins,include,ITGAM
integrin proteins,include,ITGAV
decrease,is due to,its anti-Aβ oligomer action
expressions of CR1,were potentially causal for,"its biomarkers, A$eta $42 and pTau"
biomarker,is due to,its close association with tau pathology
APOE ε4 carriership,is partly due to,its direct effect
LPCAT2 variants,influenced,its expression
risk of FTD,was associated with,its four subtypes
APOE,is crucial to,its functional impact
ε3 allele,is crucial to,its functional impact
Aβ deposition,are affected by,its impact
grey matter volume,are affected by,its impact
risk factors,modulate,its impact on both Aβ deposition and grey matter volume
functional impact of APOE and ε3 allele,is crucial to,its importance
Alzheimer's disease reversibility,is due to,its lack of pathological effects
its high debt,was caused by,its low cash flow
Ng,due to,its low incongruency with tau pathophysiology
Ng,is not optimal due to,its low incongruency with tau pathophysiology
Aβ modifications,contribute to,its pathogenic profile
post-translational Aβ modifications,contribute to,its pathogenic profile
Aβ modifications,contribute to,its pathogenic profile in other types of dementia
rACC tau,did not predict,its trajectory over time
this,led to,its withdrawal
Amyloid,has an impact on,itself
Neurodegeneration,has an impact on,itself
sex,has an impact on,itself
male vulnerability,was associated with,IV
strict IV selecting thresholds,on the basis of,IVW identified significant causal associations
shift,has led to,job creation
phosphorylation of hyperphosphorylated tau proteins,is caused by,Kallistatin
marked haplotype-dependent difference,in,KANSL1 expression
predicted microbial functional potential,was based on,KEGG Orthologs
bioavailable testosterone,may be,key factor in reducing the risk of developing ALS
anti-Aβ antibody treatments,associated with,key risk
risk,was associated with,kidney disease
predictive model,accounted for,kidney dysfunction
Baseline Aβ42/40,was associated with,Knight ADRC
baseline plasma p-tau217,was associated with,Knight ADRC
optPRS,in,Korean individuals
optPRS,predict,Korean individuals
excluding these cases from treatment with anti-amyloid antibody,is justifiable,lack of clinical efficacy
therapies,were limited due to,lack of direct correlation with clinical outcomes
use of the therapies,was limited,lack of direct correlation with clinical outcomes
model,due to,lack of pathological effects
distinct behavior,assessed using,language and cognitive profiles
Typicality,was associated with,language scores
"Q351, H362, and K369",involved in,lansoprazole and C-shaped tau filaments
inter-individual variability,is caused by,large degree
inter-individual variability,is due to,large degree and susceptibility
instrumental single-nucleotide polymorphisms,were filtered and selected from,large genome-wide association study
single-nucleotide polymorphisms,were filtered and selected from,large genome-wide association study of plasma proteome
cholesterol esters,in,large LDL
studies,have shown that,large number of genetic and environmental factors
these associations,remains,largely uncertain
these associations,are causal,largely uncertain
pathways associated with cognition,showed,larger number of pathways
higher neurogranin,associated with,larger TBF volume
higher p-tau,associated with,larger TBF volume
higher t-tau,associated with,larger TBF volume
lower β-amyloid scores,were associated with,larger ventricular volume
non-APOE ε4 carriers,are not affected by,largest genetic risk factor
eliminating diabetes,yielded,largest predicted improvements
eliminating diabetes and hypertension,yielded,largest predicted improvements
eliminating hypertension,yielded,largest predicted improvements
over 40% of proteins,were associated with,late onset Alzheimer's disease
obesity,depends on whether it is assessed in,late-life
"mid- to late-life (20-year) trajectory of one protein, CAT",was associated with,late-life Aβ-positive status
Apolipoprotein ε4,influence on,late-life cognition
low IQ,influence on,late-life cognition
APOE genotype,causes,late-onset Alzheimer's disease
genetically predicted cholesterol,reduced by,Late-Onset Alzheimer's Disease
phosphatidylcholine (pc) (18:1_0:0),increases the risk of,late-onset alzheimer's disease
Phosphatidylcholine (PC) (18:1_0:0),increase the risk of,Late-Onset Alzheimer's Disease
longitudinal cortical atrophy,in,late-onset Alzheimer's disease cohort
improved patient follow-up,would lead to,late-onset disease prevention
human apolipoprotein E genotypes,are associated with,late-onset sporadic Alzheimer's disease
Human apolipoprotein E genotypes,are linked to,late-onset sporadic Alzheimer's disease
other phosphorylated tau,are associated with,later stages of brain tau pathology
tau fragment species,are associated with,later stages of brain tau pathology
CSF profiles,be associated with,later-onset AD
CSF profiles,may be associated with,later-onset AD
high-amyloid CSF profiles,may be associated with,later-onset AD
High-amyloid CSF profiles,may be associated with,later-onset AD
genetic variants,used as,latest
genetic variants,associated with,latest AD summary statistics
Aβ deposition,in,LBD
ERBB4 signaling and lipid metabolism,may mediate the causal association between,LBD and colon cancer
nearby gene APOE,possibly shared causal variants,LBD and colon cancer
colocalization and pathway enrichment analysis,suggested,LBD and colon cancer possibly shared causal variants
colocalization and pathway enrichment analysis,suggested that,LBD and colon cancer possibly shared causal variants (nearby gene APOE)
colocalization and pathway enrichment analysis,suggested that,LBD and colon cancer possibly shared causal variants (nearby gene APOE) and ERBB4 signaling and lipid metabolism may mediate the causal association between LBD and colon cancer
analysis,showed that,LBP caused PD
biomarkers,include,LDL
APOA1,are likely causal proteins for,LDL-C
Apolipoprotein E signal,may be associated with,LDL-cholesterol
Apolipoprotein E signal,may be associated with,LDL-cholesterol statin response
Apolipoprotein E signal,is associated with,LDL-cholesterol statin response
Apolipoprotein E signal,may therefore be associated with,LDL-cholesterol statin response
Apolipoprotein E signal,be associated with,LDL-cholesterol statin response
mechanisms,by which,lead affects neurodevelopment
pro-inflammatory impact,was due to,leaky gut
Clarity AD phase III trial,showed that,lecanemab resulted in a smaller decline on measures of cognition and function
FTP-PET signal,in,left-dominant fronto-temporal pattern
how tau pathology independently contributes,is known,less
AGB101,is associated with,less Clinical Dementia Rating Sum of Boxes decline
slowing entorhinal cortex atrophy,is associated with,less Clinical Dementia Rating Sum of Boxes decline
lecanemab,resulted in,less decline on measures of cognition and function
statins,were associated with,less demented d-scores in non-ε4 carriers
ApoE4-noncarriers,accumulated,less β-amyloid
biomarker definitions,offer,less predictive value
some biomarker definitions,potentially offer,less predictive value
some biomarker definitions,offer,less predictive value
some biomarker definitions,potentially offer,less predictive value than others
those with somatic comorbidities and Psy,have a trend towards,less steep cognitive decline
Other MARKs,cause,less tau toxicity
high estimated cardiorespiratory fitness,is associated with,lesser likelihood of becoming Alzheimer's disease biomarker positive
proteins,were associated with,level of cerebrospinal fluid Aβ-42
causes of depressive symptoms,may vary depending on,level of cognitive impairment
underlying causes of depressive symptoms,may vary depending on,level of cognitive impairment
proteins,were associated with,level of p-Tau
cognitive decline,were not associated with,levels
incident cognitive impairment,were not associated with,levels
proteins,were associated with,levels
multiplex antibody-based suspension bead array,to measure,levels of 49 proteins
onset of MCI,was associated with,levels of blood biomarkers
time to onset of MCI,was associated with,levels of blood biomarkers
cognitive decline,were associated with,levels of plasma NfL and GFAP
incident cognitive impairment,were associated with,levels of plasma NfL and GFAP
decrease in CBF and GM volume,can be predicted by,levels of specific plasma biomarkers
decreased CBF and GM volume in regions vulnerable to AD,could be predicted by,levels of specific plasma biomarkers
effects of AD pathology,are associated with,levels of tau pathology
AD,associated with,levels of the plasma proteins
Alzheimer's disease,is associated with,levodopa/carbidopa medication
neuropathologies,include,Lewy bodies
Alzheimer's disease,is associated with,Lewy body co-pathology
mature tau,is negatively associated with,Lewy body dementia
α-synuclein patterns,were associated with,Lewy body dementia
risk of dementia,is associated with,Lewy body dementia
higher CSF IL-6 and IL-8/CXCL8,is associated with,LGI1-AE
APOE ε4 allele status,impacts,likelihood of side effects from anti-amyloid beta antibody treatment
impact on employment rates,will be,limited
"tertiles (low, intermediate, and high)",analyzed using,linear mixed model (LMM)
ancestral background,significantly impacts,link between APOE and AD
ancestral background,may significantly impact,link between APOE and AD
regression analysis,explore,"link between participants' clinical trial experiences, their satisfaction, and their willingness to participate in upcoming trials"
deep predictive neural network,is built to,link neurological examinations with clinical profiles
data,related to,lipid metabolism
ERBB4 signaling,may mediate the causal association between,lipid metabolism
it,influences,lipid metabolism
Alzheimer's disease,is caused by,lipid metabolites
e2 allele of the Apolipoprotein E Apolipoprotein E e2 allele gene,is associated with,lipid metabolites
serum,contained,"lipid species, amino acids, biogenic amines"
complex protein regulation network,influenced,lipid traits
Probucol,can lower,lipids
administration,included,Lipocalin-2 mechanism
biomarkers,include,lipoprotein A
Mendelian randomization,uncovered,"little causal association between traumatic brain injury and PD, AD, depression, pneumonia, and gastrointestinal diseases"
Mendelian randomization results,uncovered,"little causal association between traumatic brain injury and PD, AD, depression, pneumonia, and gastrointestinal diseases"
traumatic brain injury,was found to have,"little causal association with PD, AD, depression, pneumonia, and gastrointestinal diseases"
Application of WZ4003,to,live human brain slice cultures
AD diagnosis,is associated with,liver enzymes
Alzheimer's disease,is influenced by,liver function
CX3CL1,is associated with,LOAD
genetic relationship with LOAD,offer protection against,LOAD
hepatocyte growth factor (hgf),is associated with,load
new biomarkers,offer protection against,LOAD
TIE2,is associated with,LOAD
plasma HGF,has a negative causal relationship with,LOAD liability
genetic relationship with LOAD,contribute to,LOAD pathology
new biomarkers,contribute to,LOAD pathology
amyloid pathology,was associated with,lobar CMBs
APOE ε4 copy number,was associated with,lobar CMBs
genetic variants proxying IL-6 inhibition,are associated with,lobar ICH risk
cerebral amyloid angiopathy,is a major cause of,lobar intracerebral hemorrhage
higher C-reactive protein (CRP),is associated with,lobar intracerebral hemorrhage (ICH)
tau-positive vessels,are associated with,local areas of increased tau neurofibrillary tangles
neocortical tau accumulation,is associated with,locations
neocortical tau accumulation,in,locations
proposed PSSN,predicts,long-term biomarker trajectories
Alzheimer's disease,has synergistic impact on,long-term cognitive decline
neurodegenerative pathology,synergistic impact on,long-term cognitive decline
white matter injury,has synergistic impact on,long-term cognitive decline
white matter injury,synergistic impact on,long-term cognitive decline
biological model,predicts,long-term evolution trajectories
limited research,has examined,long-term impact of variable BP on cognition and brain structure
etiologic agent of SARS-CoV-2 infection,is also the cause of,long-term neurological effects
Alzheimer biomarker p-tau231,to predict,long-term neurological outcomes
biomarker,studied,long-term neurological outcomes
biomarker,was studied to predict,long-term neurological outcomes
biomarker p-tau231,to predict,long-term neurological outcomes
patients,were studied to predict,long-term neurological outcomes
patients who had survived a cardiac arrest,to predict,long-term neurological outcomes
patients who survived to intensive care,predict,long-term neurological outcomes
patients who survived to intensive care,were studied to predict,long-term neurological outcomes
promising Alzheimer biomarker plasma tau phosphorylated at threonine 231 (p-tau231),to predict,long-term neurological outcomes
purpose,was to predict,long-term neurological outcomes
the patients,predict,long-term neurological outcomes
brain-derived tau in CSF,are associated with,long-term outcome and disease severity in Guillain-Barré syndrome
brain-derived tau in serum,are associated with,long-term outcome and disease severity in Guillain-Barré syndrome
influence of Apolipoprotein E with ε2 allele,imparts,longevity benefits
ε2 allele of Apolipoprotein E,potentially imparts,longevity benefits
white matter degeneration,does not influence,longitudinal Alzheimer's disease increase
plasma proteins,associated with,longitudinal Aβ accumulation
Baseline Aβ42/40,was associated with,longitudinal Aβ-PET
baseline plasma p-tau217,was associated with,longitudinal Aβ-PET
baseline plasma p-tau181,did not predict,longitudinal atrophy of hippocampal formation structures
baseline plasma p-tau181,did not predict,longitudinal atrophy of hippocampal subfields across diagnostic groups
causal model of Alzheimer's Disease progression,can be personalized,longitudinal biomarker data
personalize a causal model of Alzheimer's Disease progression,using,longitudinal biomarker data
plasma leptin levels,were not significantly associated with,longitudinal change of Aβ deposition
longitudinal change of synaptic density,was negatively associated with,longitudinal change of tau burden
regions in the MRI image,where,longitudinal changes are contributing to temporal inference
plasma NfL,was associated with,longitudinal changes in ADAS-Cog scores
Aβ,influences,longitudinal changes in cognition
cross-sectional β-amyloid (Aβ),has influence on,longitudinal changes in cognition
cross-sectional β-amyloid (Aβ),influence of,longitudinal changes in cognition
baseline p-tau217,associated with,longitudinal changes in DS-MSE
GFAP,associated with,longitudinal changes in DS-MSE
NfL,associated with,longitudinal changes in DS-MSE
t-tau,associated with,longitudinal changes in DS-MSE
baseline flortaucipir F 18 PET regional patterns,associated with,longitudinal changes in each cognitive domain
APOE4 allele,is minimally associated with,longitudinal changes in soluble or insoluble p-tau levels
Baseline Neurofilament light chain levels,are associated with,longitudinal clinical decline
Neurofilament light chain levels,are associated with,longitudinal clinical decline
AD clinical stage transition,is associated with,longitudinal cognition
hippocampal atrophy,is associated with,longitudinal cognition
neurodegenerative biomarkers,were associated with,longitudinal cognitive change
linear mixed model (LMM),to predict,longitudinal cognitive changes
baseline tau,were associated with,longitudinal cognitive decline
category,is for,longitudinal cognitive decline
longitudinal change in SV2A,were associated with,longitudinal cognitive decline
longitudinal change of synaptic density,was positively associated with,longitudinal cognitive decline
longitudinal synaptic loss,was positively associated with,longitudinal cognitive decline
modifiable risk factors of dementia,are associated with,longitudinal cognitive decline
Plasma NfL,predicted,longitudinal cognitive decline
these biomarkers,can be used to predict,longitudinal cognitive decline
three categories,among,longitudinal cognitive decline
modified framework,was tested to predict,longitudinal cognitive decline in Parkinson disease
APOE ε4 status,was associated with,longitudinal cortical atrophy
longitudinal hippocampal atrophy,was associated with,longitudinal cortical thinning in AD signature regions
baseline Aβ42/40,was positively associated with,longitudinal CSF Aβ42/40
baseline p-tau217,was negatively associated with,longitudinal CSF Aβ42/40
Longitudinal Aβ-PET,was associated with,longitudinal CSF Aβ42/40
disease mechanisms,may be influenced by,longitudinal heterogeneous changes in Alzheimer's disease
genetic pathways,influence,longitudinal heterogeneous changes in Alzheimer's disease
pathways,influence,longitudinal heterogeneous changes in Alzheimer's disease
potential therapeutic targets,may be influenced by,longitudinal heterogeneous changes in Alzheimer's disease
Alzheimer's disease,may be influenced by,longitudinal heterogeneous changes in the pathways
linear mixed-effects models,examined,longitudinal impact of obesity status on blood biomarker and Centiloids
progressive gray matter volume loss,predicted,longitudinal impairment in language fluency
baseline plasma biomarkers,were associated with,longitudinal increases in Aβ deposition
baseline tau deposition,was associated with,longitudinal memory decline
baseline periventricular diffusivity,can predict,longitudinal Mini-Mental State Examination decline Alzheimer's disease
causal links,is essential to,longitudinal studies with systematic follow-ups
baseline tau,was predictive for,longitudinal SV2A loss
baseline tau,was negatively associated with,longitudinal SV2A loss in early Braak regions
Tau pathology and plasma GFAP,could predict,longitudinal synapse loss and cognitive decline
GFAP,could predict,longitudinal synaptic loss
plasma phosphorylated tau181,could predict,longitudinal synaptic loss
Tau burden,could predict,longitudinal synaptic loss
interaction,resulted in,longitudinal tau accumulation
longitudinal synaptic loss,was negatively associated with,longitudinal tau deposition
sex,influences,longitudinal trajectories of plasma Alzheimer's disease
fifty-two pathways,were associated with,longitudinal trajectory and intercept
Alzheimer's disease mice,exhibited,loss of cholinergic markers
age-related increases in cerebrospinal fluid total-tau,lead to,loss of diagnostic accuracy
age-related increases in neurofilament light chain,lead to,loss of diagnostic accuracy
higher risk of Alzheimer's disease in female individuals,is associated with,loss of estradiol
studies,resulted in,loss of information on the extent of discordance
use of binary cutoffs,resulted in,loss of information on the extent of discordance
disruption,leads to,loss of neural connectivity
greater cognitive decline,for,Low Aβ(42)
progression to MCI,associated with,low CSF Aβ42:Aβ40 ratio
those who were not ApoE4-carriers,compared with,low physical activity
high-molecular-weight p-tau assays,detect,low-molecular-weight p-tau
genetically predicted higher mtDNAcn,is causally associated with,lower AD and PD risk
genetically predicted higher mtDNAcn,is causally associated with,lower AD risk
KLOTHO-VS heterozygosity,is associated with,lower Alzheimer's disease biomarker burden
extensive PVS burden in white matter,was associated with,lower Alzheimer's disease risk
lower concentrations of plasma Aβ peptides,may lead to,lower Alzheimer's disease risk
lower concentrations of plasma Aβ peptides,may be associated with,lower Alzheimer's disease risk
lower concentrations of plasma Aβ peptides,associated with,lower Alzheimer's disease risk
mosaicism in Down syndrome,associated with,lower Alzheimer's disease risk
lower estimated glomerular filtration rate (eGFR),was associated with,lower amyloid beta (Aβ)42/tau ratio
APOE ε4,is associated with,lower Aβ(1-42) level
Greater protein-based risk,was associated with,lower Aβ(42/40) levels
greater protein-based risk,was associated with,lower Aβ(42/40) levels
lower estimated glomerular filtration rate (eGFR),was associated with,lower Aβ42
it,is associated with,lower brain beta-amyloid
Hcy,was associated with,lower brain parenchymal fraction
higher C-reactive protein levels,were associated with,lower cerebral glucose metabolism in AD-signature regions
APOE2 allele,is associated with,lower CNS amyloid burden
arterial stiffness reflected by higher pulse wave velocity,is associated with,lower cognition
higher arterial stiffness,is associated with,lower cognition
higher pulse wave velocity,is associated with,lower cognition
lower arterial stiffness,is associated with,lower cognition
greater plasma p-tau181,was associated with,lower cognition across most domains
higher pulse wave velocity,has been associated with,lower cognition cross-sectionally
higher neurofilament light chain,were associated with,lower cognitive performance
higher plasma neurofilament light chain,was associated with,lower cognitive performance
higher plasma total tau,was associated with,lower cognitive performance
higher plasma total tau,were associated with,lower cognitive performance
lower plasma Aβ42/40,was significantly associated with,lower Community Screening Interview for Dementia scores
shorter parental onset of dementia,predicted,lower CSF Aβ1-42 level
minor allele of rs34294852,was associated with,lower CSF GPX3
physical activity,is associated with,lower dementia risk
decrease in connectivity,was associated with,lower domain-specific cognition
basal amygdala,was associated with,lower executive function
basal and lateral amygdala,were associated with,lower executive function
basal and lateral amygdala,was associated with,lower executive function
greater depressive symptoms,were associated with,lower executive function
lateral amygdala,was associated with,lower executive function
Tau amygdala,was associated with,lower executive function
tau amygdala,was associated with,lower executive function
SNP-rs6922617,is associated with,lower FDG-PET load
lower tau,was associated with,lower frequency of categorical clinical diagnosis of dementia with Lewy bodies
TauC3 pathology,was associated with,lower frequency of categorical clinical diagnosis of dementia with Lewy bodies
lower tau,was associated with,lower frequency of dementia with Lewy bodies
TauC3 pathology,was associated with,lower frequency of dementia with Lewy bodies
lower tau,was associated with,lower frequency of the diagnosis of dementia with Lewy bodies
TauC3 pathology,was associated with,lower frequency of the diagnosis of dementia with Lewy bodies
Misfolded tau proteins epicentres,to,lower functional connectivity
high p-tau217,is associated with,lower hippocampal volumes
amyloid,associated with,lower initial levels
co-occurrence of four repeat (4R)-tau predominant argyrophilic grain disease,was associated with,lower insoluble Aβ42 and pTau181 levels
co-occurrence,was associated with,lower insoluble Aβ42 levels
Apolipoprotein allele 4 (APOE ε4),is associated with,lower IQ scores during childhood and adolescence
motor phenotype,regarding,lower levels of Aβ species
Alzheimer's disease LA/CA,is associated with,lower levels of CSF biomarkers for AD
higher baseline GFAP concentrations,were associated with,lower MMSE scores in dementia with Lewy bodies
lower levels of Aβ species,were associated with,lower motor neuron (LMN) signs
Lower Alzheimer's disease biomarker burden,is associated with,lower neurodegeneration
AGB101,is associated with,lower neurofilament light chain
AGB101 treatment,is associated with,lower neurofilament light chain
reduction in incidence,was associated with,lower odds ratio
homozygous APOE-ε4 carriership,is associated with,lower β-amyloid scores
larger ventricular volume,is associated with,lower β-amyloid scores
male sex,is associated with,lower β-amyloid scores
greater apoE4 glycosylation,was associated with,lower p-tau181 levels
genetically predicted higher mtDNAcn,is causally associated with,lower PD risk
lower visuospatial abilities,were associated with,lower plasma amyloid beta 42/40
this competition,has resulted in,lower prices for consumers
co-occurrence,was associated with,lower pTau181 levels
Cathepsin L (CTSL),is associated with,lower risk
Cathepsin L (CTSL),is associated with,lower risk of a disease
high level of cathepsin L (CTSL),was associated with,lower risk of AD
Cathepsin L (CTSL),is associated with,lower risk of Alzheimer's disease
higher C-reactive protein (CRP),is associated with,lower risk of Alzheimer's disease (AD)
increased serum urate,is associated with,lower risk of neurodegenerative diseases
higher serum Ile level,is associated with,lower risk of progression to Alzheimer's disease
Baseline Modified Dementia Risk Scores,were associated with,lower scores on the Alzheimer's disease composite executive function score
Baseline Modified Dementia Risk Scores,were associated with,lower scores on the Alzheimer's Disease Neuroimaging Initiative composite memory score
Baseline Modified Dementia Risk Scores,were associated with,lower scores on the Mini-Mental State Examination
greater apoE4 glycosylation,was associated with,lower t-tau levels
MAPT tau protein,resulted in,lower tau protein phosphorylation
lower plasma amyloid beta 42/40,was associated with,lower visuospatial abilities
lower plasma amyloid beta 42/40,is associated with,lower visuospatial abilities
it,is associated with,LPS-associated inflammation
expressing mutant human amyloid precursor protein (APP) and tau,caused,LTP impairments in the basolateral amygdala
plasma phospho-tau 217,measured by,Lumipulse platform
regulating miR-497-5p,provides,lung cancer targeted treatment
Phospho-tau peptides,are associated with,lysosomal contents
release of phospho-tau peptides,is associated with,lysosomal contents
greater positive predictive value,mediated by,lysosomal pathways
greater positive predictive value,could be mediated by,lysosomal pathways
release of phospho-tau peptides,is associated with,lysosomal proteases
autophagy,was likely due to,lysosomal stress
disease,is associated with,lysosomal stress
impairment,was likely due to,lysosomal stress
Tau expression,caused,lysosomal stress
sIL6RA,are associated with,M
SMOC1,are associated with,M
their ability to predict meaningful clinical outcomes,using,machine learning
biomarker models,to,machines
biomarker models,to,machines trained to predict cognition
ferritin,causal association between,major depressive disorder
ferritin,no causal association found between,major depressive disorder
common environmental factors,causal associations of,major Neurodegenerative diseases
diffusion IDPs,causal relationships between,major neurodegenerative diseases
structural and diffusion IDPs,have causal relationships with,major neurodegenerative diseases
structural and diffusion imaging-derived phenotypes (IDPs),are associated with,major neurodegenerative diseases
structural IDPs,causal relationships between,major neurodegenerative diseases
lower β-amyloid scores,were associated with,male sex
association between RPS6KB1 and all-cause dementia,was stronger,males
APOE ɛ4 allele,impacts,males and females
APOE ɛ4 allele,impacts differently,males and females
dementia,is associated with,many different underlying pathologies
effect of LBD on colon cancer,not influenced by,many factors
screening being inefficient,because,many participants are not amyloid positive
V337M mutation,in,MAPT tau
V337M mutation,in,MAPT tau protein
simulated reductions of tau-PET-slopes,were associated with,marginally altered cognitive trajectories
MIND diet,demonstrated,marginally greater impact
MIND diet,demonstrated,marginally greater impact on cognitive preservation
episodic memory performance,associated with,marital dissolution
executive functioning,associated with,marital dissolution
Other MARKs,cause less than,MARK4
Tau accumulation,is caused by,MARK4
SNAP25,reliably serves as,marker of synaptic injury
blood phosphorylated tau at amino acid 181,is particularly associated with,markers in older individuals
blood phosphorylated tau at amino acid 181,is associated with,markers in older individuals
assays,need to be standardized,maximize their impact on AD clinical research
progression to ADD,is predicted,MCI
Alzheimer's disease clinical progression,can be predicted by,MCI Alzheimer's disease AD
Alzheimer's disease clinical progression,can be predicted using,MCI Alzheimer's disease AD
older adults,with,MCI and AD dementia
higher CSF Aβ42 levels,in,MCI and AD groups
Aβ1-42/1-40 ratios,remained low in,MCI groups
sTREM2,were not associated with,MCI onset
YKL40,were not associated with,MCI onset
CSF Aβ,influence of,MCI patients
CSF Aβ and tau,have influence on,MCI patients
CSF tau,influence of,MCI patients
influence of CSF Aβ,was investigated in,MCI patients
influence of CSF Aβ and tau,was investigated in,MCI patients
influence of CSF Aβ and tau,was investigated on,MCI patients
AD biomarkers,are impacted by,MCI progression
age,impact,MCI progression
age,impacts,MCI progression
Allostatic load (AL),impacts,MCI progression
Allostatic load (AL),impact,MCI progression
genetic risk,impact,MCI progression
Genetic risk,impacts,MCI progression
sIL6RA,associated with,MCI progression
sIL6RA,are associated with,MCI progression
SMOC1,associated with,MCI progression
SMOC1,are associated with,MCI progression
predictive value of plasma p-tau-181,for the progression from,MCI to dementia
fewer than 2 CMBs,in,MCI-ADD group
mood symptoms,due to,meaningful changes in functional connectivity
preclinical tau deposition in the amygdala,may cause,meaningful changes in functional connectivity
machine learning,to predict,meaningful clinical outcomes
impairments in PSP,are characterized by,meaningful impact on the patient's life
use of an assay,to,measure translation
examination,was associated with,measurement of biomarkers
insulin,included,measures
one-time fasting plasma glucose,included,measures
association of PET with measures of cognition,is associated with,measures of cognition
measures of cognition,is associated with,measures of cognition
PET,is associated with,measures of cognition
PET,associated with,measures of cognition
tau,associated with,measures of cognition
usefulness of PET,is associated with,measures of cognition
usefulness of PET,associated with,measures of cognition
participants,had available,measures of glucose metabolism
CeD,through a,mechanism
mediation effect,highlights,mechanism
Alzheimer's disease,causes,mechanisms
Alzheimer's disease,are unclear,mechanisms
integrating all three domains of data,may help reveal,mechanisms and impact of these genomic and phenomic factors on AD
mechanisms by which lead affects neurodevelopment,are most of the,mechanisms that are attributed to the influence of lead on the movement of calcium ions
model,to study,mechanisms underlying Alzheimer's disease
these pathways,may provide,mechanistic insights into drug-induced neurotoxicity
goal,was to investigate,mechanistic pathways through which circadian rhythms may impact cognition
coexistence,may be caused by,mechanistic relationship
amyloid beta (Aβ) distribution,in,"medial orbitofrontal, rostral middle frontal, and nucleus accumbens regions"
higher tau,in,medial temporal lobe
those with somatic comorbidities subjects,had greater,medial temporal lobe atrophy
baseline plasma p-tau217,predicted,medial temporal lobe trajectories
disease severity,was found to be associated with,mediating proteins
pathways,were associated with,mediating proteins
bioenergetic pathways,involved in,mediating the impact of Apolipoprotein E on aging
atrophy of the posterior nucleus basalis of Meynert,was associated with,mediation effect of 13.1%
atrophy of the hippocampus,was associated with,mediation effect of 23.4%
these associations,is influenced by,medical comorbidities
plasma tau phosphorylated at threonine 217 biomarkers,are influenced by,medical conditions
social determinants of health,influence,medical conditions
results of the study,were associated with,medical history of sleep impairment
total cholesterol,in,medium LDL
climate change,has impact on,melting of polar ice caps
tau (TauC3),led to,membrane translocation
baseline plasma NfL levels,were negatively associated with,memory
cortical amyloid,impact on,memory
Locus coeruleus tau,did not directly impact,memory
locus coeruleus tau,did not directly impact,memory
Typicality,was associated with,memory
elevated tau deposition,particularly in,memory and processing speed domains
tau-PET-positivity rate,among,memory clinic patients above the cutoffs
Aβ burden,had impact on,memory decline
ApoE4 carriers,predicts,memory decline
gait speed,also predicts,memory decline
longitudinal temporal lobe tau,is associated with,memory decline
entorhinal tau change,was associated with,memory decline in older adults
subsequent hippocampal atrophy,may lead to,memory deficits in normal older individuals
neuropsychological function,associated with,memory function
specific neurophysiological activities,are associated with,memory function
apolipoprotein E haplotype,associated with,memory impairment
cerebrospinal fluid Aβ biomarkers,associated with,memory impairment
disorder,causes,memory impairment
plasma NfL levels,were negatively associated with,memory in AD
Aggregated Aβ,cause,memory loss
Aggregated tau,cause,memory loss
Alzheimer's disease,causes,memory loss
distinct cognitive and clinical outcomes,including,memory loss
neurodegeneration,causes,memory loss
they,cause,memory loss
SNP-rs6922617,is associated with,memory performance
all-cause dementia,occurred in,men
association between RPS6KB1 and all-cause dementia,was stronger in,men
association between RPS6KB1 and all-cause dementia,more significant in,men
impact,highlight,men
association between RPS6KB1 and all-cause dementia,was different between,men and women
researchers,are using,Mendelian randomization
genome-wide association study (GWAS) datasets,used,Mendelian randomization (MR) analysis
causal correlation between 338 Cerebrospinal fluid biomarkers and the danger of 4 dementia categories,using,Mendelian randomization analysis
causal effects,were confirmed by,Mendelian randomization approach
researchers,using,Mendelian randomization approaches
researchers,are using,Mendelian randomization approaches
observational studies,contrary to,Mendelian randomization results
causal relationship between T2DM and AD,through,Mendelian randomization studies
pathways connecting amyloidosis,are associated with,mental disorders
pathways connecting amyloidosis,associated with,mental disorders
pathways connecting amyloidosis with the anchored component of the plasma membrane,are associated with,mental disorders
several signalling pathways,are associated with,mental disorders
synapse physiology,is associated with,mental disorders
candidate micronutrients,causal effect on,mental health
causal effect of candidate micronutrients,on,mental health
neocortex,is beyond,mesial temporal region
region,is beyond,mesial temporal region
ADAD,in,Met66 associated with greater increases in CSF levels of total-tau (t-tau) and phosphorylated tau (p-tau181)
reduced neurotrophic support,is associated with,Met66 carriage
Vulnerability to Aβ-related tau hyperphosphorylation,is associated with,Met66 carriage
four studies,contributed to,meta-analysis
studies,contributed to,meta-analysis
causal relationship between T2DM and AD,through,meta-analysis and a new two-sample MR analysis
causal relationship between T2DM and AD,through,meta-analysis of Mendelian randomization studies
causal relationship between T2DM and AD,through,meta-analysis of MR studies
greater baseline tau,in,meta-temporal region
higher baseline pulse pressure,was significantly associated with,meta-temporal tau deposition
alpha-synuclein aggregation,influences,metabolic dysfunction
Alpha-synuclein aggregation,influences,metabolic dysfunction
Alzheimer's disease,is associated with,metabolic dysfunction
T cell subsets,influence,metabolic pathways
"high-fat, high-sugar diet",leads to,metabolic stress
risk of decline,is predicted across,metabolic subtypes
Tau PET,is used,metabolic subtypes
anxiety disorder,is a risk associated with,metabolic syndrome
major depression,is a risk associated with,metabolic syndrome
in-depth research,is required on,Metabolic-dysfunction associated steatotic liver disease-related diseases
further research,is required for,Metabolic-dysfunction associated steatotic liver disease-related diseases on VD
CSF Aβ42 levels,were indirectly associated with,metabolism
symptoms,were associated with,metabolism
glycerol 3-phosphate,is one of,metabolites associated with incidence of meningioma
valine,is one of,metabolites associated with incidence of meningioma
individual with Apolipoprotein E4,after treatment with,metformin
more severe cognitive impairment,after treatment with,metformin
factors,included,methodological factors
differences in sample handling,were likely due to,methodological heterogeneity
inconsistencies,were likely due to,methodological heterogeneity
measurement techniques,were likely due to,methodological heterogeneity
core genes,associated with,Methyl-4-hydroxybenzoic acid
genetically predicted DLB,associated with,MI
genetically predicted DLB,has significant associations with,MI
potential causal associations,with,MI
cognitive impairment,in,mice
mutant human amyloid precursor protein (APP),expressing,mice
differing vulnerability of memory and emotional neural circuits,was caused by,mice expressing mutant human amyloid precursor protein (APP) and tau pathologies
Alzheimer's disease pathology,impacted,mice with tauopathy
APOE-related effects,are associated with,microbial taxa
hyperactivity,was associated with,microbleed
participants with Down syndrome,are associated with,microbleeds
Participants with DS,are at risk due to,Microbleeds
dysregulation of lipid composition,causes,microenvironment disruption
neuroinflammation,leads to,microglial activation
Neuroinflammation,leads to,microglial activation
AD,is associated with,microglial response
association between amyloid beta load and global cognitive ratings,was partially mediated by,microglial response at 2-year follow-up
brain's neural pathways,are associated with,microstructure
Mammalian Suppressor of Tauopathy 2,had impact on,microtubulate-associated protein tau pathogenesis
something,impact of,microtubulate-associated protein tau pathogenesis
researchers results,are associated with,microtubule-associated protein tau disease
activated microglia activation,causal relationship between,microtubule-associated protein Tau pathology
brain networks,are associated with,microtubule-associated protein tau propagation
obesity,depends on whether it is assessed in,mid-life
accuracy of causal effect estimation,ensuring,might be challenging
Alzheimer's Disease,genetically predicted,migraine
single nucleotide polymorphisms (SNPs),associated with,migraine
Alzheimer disease negative individuals,was not associated with,Mild Behavioral Impairment
Alzheimer disease positive individuals,was associated with,Mild Behavioral Impairment
mild cognitive impairment,is associated with,mild behavioral impairment
amyloid and tau ability,to predict risk of,mild cognitive impairment
Amyloid-β,had more prominent impact,mild cognitive impairment
blood-based biomarkers of amyloid,predict risk of,mild cognitive impairment
blood-based biomarkers of tau,predict risk of,mild cognitive impairment
different factors,in individuals with,mild cognitive impairment
obstructive sleep apnea PRS,was significantly associated with,mild cognitive impairment
semantic intrusion errors,are associated with,mild cognitive impairment
Allostatic load (AL) progression,from,mild cognitive impairment (MCI)
mild dementia due to Alzheimer's disease (AD),is a progression of,mild cognitive impairment (MCI)
one-point AL index,was associated with,mild cognitive impairment (MCI) conversion odds
AL index,decreased in,mild cognitive impairment (MCI) stable participants
Alzheimer's disease pathophysiology,is associated with,mild cognitive impairment (MCI) subjects
"use of blood-derived p-tau isoforms (181, 217, 231)",to predict conversion from,mild cognitive impairment (MCI) to AD dementia (ADD)
obstructive sleep apnea PRS,was significantly associated with,mild cognitive impairment Alzheimer's disease progression
APOE ε4 non-carriers,with,mild cognitive impairment due to Alzheimer's disease
LPCAT2,played a causal role in,mild cognitive impairment progression
mild cognitive impairment,is a precursor to,mild dementia
mild cognitive impairment (MCI),leads to,mild dementia
mild cognitive impairment (MCI),progresses to,mild dementia
Allostatic load (AL) progression,to,mild dementia due to Alzheimer's disease (AD)
Alzheimer's disease (AD),is also between,mild dementia due to Alzheimer's disease (AD)
Alzheimer's disease (AD),is the cause of,mild dementia due to Alzheimer's disease (AD)
mild cognitive impairment (MCI),progression from,mild dementia due to Alzheimer's disease (AD)
mild cognitive impairment (MCI),is a precursor to,mild dementia due to Alzheimer's disease (AD)
hydralazine's impact,examining,mild to moderate-stage AD in humans
primary age-related tauopathy (PART),has been associated with,milder degrees of cognitive impairment
missense variants not in direct DNA contact,cause,milder phenotype
Alzheimer's disease,impacts,millions of people
Alzheimer's disease,impacts,millions of people around the world
disorder,impacts,millions of people around the world
researchers,used,Mini-Mental State Examination (MMSE)
primary age-related tauopathy (PART),causes,minimal-to-no cognitive decline
plasma tau phosphorylated at threonine 217 biomarkers,may affect,minoritized groups
these conditions,affect,minoritized groups
heme oxygenase-1 (HO-1),leads to the accumulation of,MIOS and other proteins
causal links,are necessary to avoid,misdiagnosis Parkinson's disease
lower functional connectivity,is associated with,Misfolded tau proteins epicentres
Lower functional connectivity,is associated with,Misfolded tau proteins epicentres
lower functional connectivity,is associated with,Misfolded tau proteins spreading through functional connections
lower functional connectivity to Misfolded tau proteins epicentres,is associated with,Misfolded tau proteins spreading through functional connections
indirect associations,can cause,misleading or biased decision-making in biomarker discovery for brain disorders
spurious causal relationships,can cause,misleading or biased decision-making in biomarker discovery for brain disorders
Alzheimer disease,is caused by,missense and deletion mutations
Dominantly inherited Alzheimer disease,is caused by,missense and deletion mutations in the Presenilin 1 gene
exogenous Aβ-induced hyperactivity,impact of,mitigated
the concept,is related to,mitigating neurodegeneration
inflammation,results in,mitigation of Alzheimer's disease-related blood biomarkers
proteins,associated with,mitochondria
the effect,was on,mitochondrial biogenesis
effect,was on,mitochondrial biogenesis and autophagy
Alzheimer's disease,associated with,mitochondrial dysfunction
Parkinson's disease,associated with,mitochondrial dysfunction
AD,is caused by,mitochondrial oxidative stress
Aβ accumulation in AD,caused by,mitochondrial oxidative stress
neuroinflammation,caused by,mitochondrial oxidative stress
neurodegenerative diseases,influence,mitochondrial protein expression levels
neurodegenerative diseases,are associated with,mitochondrial protein gene variants
neurodegenerative diseases,associated with,mitochondrial protein gene variants
balanced effect,improving,mitochondrial quality control
effect,was to improve,mitochondrial quality control
Resveratrol,improved,mitochondrial quality control
Resveratrol,improving,mitochondrial quality control
P-tau oligomers,has insignificant in vitro effect on,mitochondrial respiration
presenilin 1,associated with,MMSE
Plasma NfL,predicted,MMSE decline
decline in Alzheimer's disease,according to,MMSE scores
RPDPM,with,"MMSE, clock test, and Lawton's Index"
digital cognitive assessment decline,were associated with,mnemonic discrimination deficits
future tau accumulation,were associated with,mnemonic discrimination deficits
association of inferior temporal neocortical tangle burden,persisted when included together in the same,model
therapies,are concerning due to,modest efficacy
assessing the causal relationship,between,modifiable entertainment activity factors
multiple pathways,exist for,modifiable exposure traits
Levodopa/carbidopa medication,is associated with,modified Alzheimer's disease
Levodopa/carbidopa medication,is associated with,modified Alzheimer's disease trajectories
ribosome dysfunction,caused by,modified Tau
extent of tau abnormalities,should be,modulated
specific risk factors,are involved in,modulating its impact
neferine,impacts,modulation of Aβ
effect,was associated with,modulation of gut microbiota
effect mentioned earlier,was associated with,modulation of gut microbiota
Apolipoprotein E variants,are believed to contribute to,modulation of inflammatory responses
increase in plasma amyloid-β(42) levels,was likely due to,modulation of sRAGE
causal disease variants of tau,affect,molecular and cellular processes associated with the disease
causal disease variants of tau,impact,molecular and cellular processes associated with the disease
causal disease variants of tau,influenced by,molecular and cellular processes associated with the disease
disease,caused by,molecular mechanism
tool,provides,monitoring of response to disease-modifying therapy
clinical outcomes,were predicted by,Montreal Cognitive Assessment
clinical outcomes,were predicted by,Montreal Cognitive Assessment (MoCA)
clinical outcomes,were predicted by,Montreal Cognitive Assessment (MoCA) results
meaningful changes in functional connectivity,due to,mood symptoms
patients,may be predisposed to,mood symptoms
patients,experience,mood symptoms
preclinical tau deposition,due to,mood symptoms
preclinical tau deposition in the amygdala,may cause patients to experience,mood symptoms
tau binding,was associated with,mood symptoms
neurobiological changes,including,more advanced Alzheimer's disease pathology
underlying neurobiological changes,including,more advanced Alzheimer's disease pathology
underlying neurobiological changes,include,more advanced Alzheimer's disease pathology
steeper rise in plasma neurofilament light chain,was associated with,more aggressive disease progression
modulation of gut microbiota,towards,more balanced bacterial composition
neuropsychiatric symptoms,were associated with,more caregiver burden
Neuropsychiatric symptoms,were associated with,more caregiver burden
this,can lead to,more effective and targeted treatments for patients
design and discovery of next-generation dual-targeting drugs,may lead to the development of,more effective therapeutic strategies for Alzheimer's disease AD
plasma p-Tau(217) difference,results in,more false positive cases
neuropsychiatric symptoms,were associated with,more family caregiver burden
it,was associated with,more generalized cognitive impairment
causal effects of Metabolic-dysfunction associated steatotic liver disease-related diseases on VD,need,more in-depth research
Alzheimer disease pathophysiology,was associated with,more neuroaxonal damage
elevated baseline plasma NfL,predicted,more rapid clinical decline
lower GSC values,were associated with,more rapid decreases in hippocampal volume
lower GSC values,were associated with,more rapid decreases in MMSE
lower GSC values,were associated with,more rapid decreases in WMS-R Logical Memory Delayed Recall
GFAP,associated with,more rapid disease progression in MCI-LB
NfL,associated with,more rapid disease progression in MCI-LB
pTau181,associated with,more rapid disease progression in MCI-LB
amyloid duration,causes,more rapid episodic memory decline
amyloid duration,results in,more rapid episodic memory decline
amyloid duration,is a cause of,more rapid episodic memory decline
amyloid duration,is a factor that results in,more rapid episodic memory decline
Amyloid duration,causes,more rapid episodic memory decline
Apolipoprotein E4,is associated with,more rapid episodic memory decline
cortical thinning due to AD-signature,did not correlate with,more rapid increases in CSF GAP-43
Apolipoprotein E4,may be associated with,more severe cognitive impairment
individual with Apolipoprotein E4,may be associated with,more severe cognitive impairment
male sex,may be associated with,more severe cognitive impairment
male sex,may be associated with,more severe cognitive impairment after treatment with metformin
cortical thinning,may lead to,more severe memory decline in AD
elevated cortical tau deposition,may lead to,more severe memory decline in AD
Alzheimer's disease CSF profile,is associated with,more severe memory impairment
existence of the Alzheimer's disease CSF profile,is associated with,more severe memory impairment
higher values of t-Tau and p-Tau CSF levels,are associated with,more severe memory impairment
higher APOE-ε4 dosage score,was associated with,more severe pathology in men
higher APOE-ε4 dosage score,was associated with,more severe pathology in women
exposure to the antibody,reflect inadequate,more severe side effects
inadequate exposure to the antibody,could reflect,more severe side effects
subjective severity of sleep disturbance,was linearly associated with,more significant Aβ brain burden
Alzheimer disease pathophysiology,was associated with,more synaptic injury
higher body mass index,was associated with,more tau accumulation
elevated plasma p-Tau(181),were associated with,more tau tangle formation
GFAP concentrations,were associated with,more tau tangle formation
lower plasma Aβ(42)/Aβ(40) and higher plasma p-Tau(181) with higher plasma GFAP levels,together predicted,more temporal-metaROI cortical thinning
These interactions,predicted,more temporal-metaROI cortical thinning
APOE4,influences,morphological transformation of diffuse Aβ deposits into dense-core neuritic plaques
presence of APOE4,influence,morphological transformation of diffuse Aβ deposits into dense-core neuritic plaques
lower concentrations of plasma Aβ peptides,associated with,mosaicism in Down syndrome
Trisomy 21,is the,most common genetic cause of AD
POLR1C,was found to be associated with,most disease traits
increased risk of progression to all-cause dementia,in,most MCI subgroups
result,demonstrated that,most MDs have no evidence of a causal link
result,demonstrated that,most MDs have no evidence of a causal link between gastrointestinal diseases and gastric cancer
influence of lead on the movement of calcium ions,can be attributed to,most of the mechanisms
movement of calcium ions,can be attributed to,most of the mechanisms
higher tau burden,in,most ROIs
treatment,had a positive impact on,motor behavior
treatment,had a positive impact on,motor behavior in aged mice
changes,impact,motor control
PSP,is associated with,motor disturbances
AD,is associated with,motor dysfunction
Tau burden,was intimately associated with,Motor dysfunction
"Tau burden in the prefrontal, sensorimotor, and parietal regions",was associated with,motor dysfunction
synPC1 and synPC4 pattern scores,were associated with,motor impairment
disease,causes,motor impairments
non-pharmacological interventions,enhance,motor symptoms
Alzheimer's disease pathology,in,mouse models of tauopathy
lead,has influence on,movement of calcium ions
lead,influence of,movement of calcium ions
lead,influencing,movement of calcium ions
lead,influence,movement of calcium ions
inverse-variance weighting,supplemented by,MR-Egger
sensitivity analysis,was conducted using,MR-Egger
causal link between mental diseases and gastrointestinal diseases,investigated using,MR-PRESSO
combining them,with,MRI
Combining them,with,MRI and cardiovascular measures
Combining them,with,MRI or cardiovascular measures
them,combining,MRI or cardiovascular measures
elevated baseline plasma NfL,predicted,MRI volume loss
Body mass index indicators,causal relationship was found between,MS
CeD,increases the risk of,MS
CeD,increases the risk of developing,MS
genetic causal association,with,MS
ALS,does not have a causal relationship with,MSA
greater self-CFI,in the,MTL
Soluble Aβ dyshomeostasis,triggers,MTL longitudinal atrophy and EM decline
Tau,in,MTL regions
PSP,is characterized by,multi-faceted impairments
Neurofilament Light,is associated with,multi-modal neuroimaging features
Plasma Neurofilament Light,is associated with,multi-modal neuroimaging features
plasma NfL,is associated with,multi-modal neuroimaging features
Plasma NfL,is associated with,multi-modal neuroimaging features
changes within the Alzheimer's disease spectrum,in,multi-morbidity context
objectives of this protocol,to test the impact of,multidisciplinary lifestyle interventions
Multidisciplinary lifestyle Interventions for Neurological Disorders during the Silent phase protocol and trial,aims to clarify the impact of,multidisciplinary lifestyle interventions on the progression of neurological disorder risk or diagnosis in older adults
objectives of this protocol,to examine the impact of,multidisciplinary lifestyle interventions on these biomarkers
neuropsychological function,is not the type of function that,multidomain intervention impacts
development,is caused by,multifactorial process
aggregation of tau,is closely associated with,multifunctional protein
onset of Alzheimer's Disease and Frontotemporal Dementia,is closely associated with,multifunctional protein
mitochondrial protein levels,affecting,multiple
Neuroinflammation,contributes to,multiple
alternative splicing,generates,multiple big tau isoforms
"alternative splicing of exons 2, 3, and 10",generates,multiple big tau isoforms
CSF p-tau/Aβ42 ratio,is strongly associated with,multiple downstream neuropathological events
Alzheimer's disease,influenced by,multiple factors
clinical trajectories toward Alzheimer's disease,influenced by,multiple factors
gene expression modules,are associated with,multiple factors
mitochondrial protein gene variants,affecting,multiple mitochondrial protein levels
neurodegenerative diseases,affecting,multiple mitochondrial protein levels
SNPs,were associated with,multiple NPS domains
impact,was examined from,multiple perspectives
migraine,is associated with,multiple phenotypes
CeD,is associated with,multiple sclerosis
genetically predicted three structural IDPs,effects were of,multiple sclerosis
it,contributes to,multiple sclerosis
mitochondrial protein gene variants,notably with,multiple sclerosis
neurodegenerative diseases,notably associated with,multiple sclerosis
neuroinflammation,contributes to,multiple sclerosis
Neuroinflammation,contributes to,multiple sclerosis
two proteins,were associated with,multiple sclerosis
CeD,is associated with,multiple sclerosis (MS)
CeD,is a condition associated with,multiple sclerosis (MS)
potential causal associations,of,multiple sclerosis (MS)
researchers or authors,used,multiplex antibody-based suspension bead array
causal effect,was examined in,multivariable MR
two-sample Mendelian randomization (MR) analyses,as well as,multivariable MR analyses
non-pharmacological interventions,enhance,muscle strength
mice,expressing,mutant human amyloid precursor protein (APP)
Tau,expressing,mutant human amyloid precursor protein (APP)
Tau and mice,expressing,mutant human amyloid precursor protein (APP)
subtle increases in specific ubiquitin enzymes,detected in,mutation carriers
disease,is caused by,mutations in the Presenilin 1 gene
researchers,examined,mutations on the five sites influenced the susceptibility of P301L (PL) pathologic tau to seeds from AD (AD-tau) in HEK293T cells
proteins,include,MXRA8
pathways,are associated with,myelination
AD,did not have a causal effect on,myocardial infarction
biomarkers,may be causal of,myocardial infarction
biomarkers,for,myocardial infarction
biomarkers for myocardial infarction,are associated with,myocardial infarction
biomarkers,may be causal of,myocardial infation
CSF pTau181,is an indicator of,N Alzheimer's disease
Alzheimer's disease,associated with,N Alzheimer's disease peptides
N Alzheimer's disease,is associated with,N Alzheimer's disease peptides
single-nucleotide polymorphisms,associated with,NAFLD traits
selective vulnerability of the adult hippocampus,may be due to,nascent Alzheimer's disease pathology
selective vulnerability of the adult hippocampus,is due to,nascent Alzheimer's disease pathology
purpose,is to predict,natural history
Alzheimer's disease,was one of the leading causes of,NDs
Alzheimer's disease (AD),are leading causes of,NDs
Alzheimer's disease (AD),is a leading cause of,NDs
biomarkers of aging,to capture,NDs
causal effect,between,NDs
identification of biomarkers of aging,to capture,NDs
infectious mononucleosis,causal effect between,NDs
infectious mononucleosis,causal effects of,NDs
ischemic stroke,was one of the leading causes of,NDs
ischemic stroke,is also known as,NDs
ischemic stroke,are leading causes of,NDs
ischemic stroke,is a leading cause of,NDs
vascular dementia,was one of the leading causes of,NDs
vascular dementia (VaD),are leading causes of,NDs
vascular dementia (vad),is a leading cause of,nds
vascular dementia (VaD),is a leading cause of,NDs
LBD and colon cancer,possibly shared causal variants,nearby gene APOE
therapeutic strategies,could be,necessary
findings,emphasize,need to consider gene-environment interactions
impact of the novel turbidimetric assay for quantifying plasma ApoE4,of,needs to be investigated
Aβ modulation,is impacted by,neferine
modulation of Aβ,is impacted by,neferine
tau aggregation/dissociation,is influenced by,neferine
Tau aggregation/dissociation,is influenced by,neferine
causal effects of AD on immunophenotypic traits,are predominantly,negative
Mild Behavioral Impairment,with,negative association in Braak III
DBP,is associated with,negative associations
disruption,results in,negative effects
disruption,causes,negative effects
cognitive reserve,attenuates,negative influence of accumulating AD pathology on cognition
rate of tau accumulation,in,neocortex
clinical decline,is strongly predicted by,neocortical tau
interaction,was associated with,neocortical tau accumulation
proximity of tau-PET locations,to,network
topological proximity of tau-PET locations,proximity to,network
topological proximity of tau-PET locations,was closer to,network
interaction,impacts,neural and behavioral expressions of memory in preclinical AD
these factors,differentially disrupt,neural circuits
these factors,disrupt,neural circuits
amyloid beta (Aβ) plaques,cause,neural degeneration
neurofibrillary tau tangles,cause,neural degeneration
genetic risk,impacts,neural expressions of memory in preclinical AD
synapse growth,can impact,neural signal transmission
cerebral amyloid angiopathy,has statistical interaction with,neuritic plaques
cerebral amyloid angiopathy,interacts with,neuritic plaques
brain-derived neurotrophic factor,is associated with,neuro
cognitive decline,is associated with,neuroaxonal aging
APOE4,has been linked to,neurobehavioral deficits
APOE4,have been linked to,neurobehavioral deficits
HbA1c,have been linked to,neurobehavioral deficits
symptoms,may reflect,neurobiological
symptoms,may contribute to,neurobiological
symptoms,may reflect or contribute to,neurobiological changes
symptoms,may reflect,neurobiological changes
symptoms,may contribute to,neurobiological changes
these symptoms,may reflect,neurobiological changes
these symptoms,may contribute to,neurobiological changes
symptoms,may reflect,neurobiological changes including tau burden
symptoms,may contribute to,neurobiological changes including tau burden
Apolipoprotein E genotypes,influence,neurobiology of neuropsychiatric symptoms
Apolipoprotein E genotypes,influence,neurobiology of neuropsychiatric symptoms in neurodegenerative and vascular diseases
accumulated tau,associated with,neurodegeneration
AD continuum,is associated with,neurodegeneration
age-related increases in cerebrospinal fluid total-tau,are associated with,neurodegeneration
age-related increases in neurofilament light chain,are associated with,neurodegeneration
Aggregated Aβ,cause,neurodegeneration
Aggregated tau,cause,neurodegeneration
Alzheimer's disease,causes,neurodegeneration
Alzheimer's disease,is associated with,neurodegeneration
Amyloid,has an impact on,neurodegeneration
APOE ε4 genetic variant,is necessary but not sufficient for,neurodegeneration
ApoE4,causes,neurodegeneration
brain-derived neurotrophic factor,is associated with,neurodegeneration
cognitive dysfunction,is closely associated with,neurodegeneration
cognitive dysfunction,is associated with,neurodegeneration
cSVD,causes,neurodegeneration
deficits in retrograde axonal transport of mitochondria,contributed to,neurodegeneration
duration of amyloid-β (Aβ) pathology,is associated with,neurodegeneration
duration of amyloid-β pathology,is associated with,neurodegeneration
genes,cause,neurodegeneration
Hcy,may contribute to,neurodegeneration
Hcy,has impact on,neurodegeneration
homocysteine,may contribute to,neurodegeneration
neurodegeneration,is the same as,neurodegeneration
"neuronal loss, brain atrophy, and gliosis",culminating in,neurodegeneration
NfL levels,are associated with,neurodegeneration
pathophysiology of the markers,is associated with,neurodegeneration
processes,contribute to,neurodegeneration
restoring insulin sensitivity,can mitigate,neurodegeneration
systemic biological vulnerability,is necessary for,neurodegeneration
T-tau levels,are associated with,neurodegeneration
Tau,is responsible for,neurodegeneration
Tau,spread in,neurodegeneration
tau,synergistically contribute to,neurodegeneration
Tau pathology,impacts,neurodegeneration
tau protein hyperphosphorylation,connections between,neurodegeneration
Tau proteinopathy,is associated with,neurodegeneration
Tau spread,in,neurodegeneration
tau spread,in,neurodegeneration
the disease,is a type of,neurodegeneration
these processes,contribute to,neurodegeneration
they,act synergistically to cause,neurodegeneration
they,cause,neurodegeneration
treatments targeting various species of amyloid beta protein,affects,neurodegeneration
significant age-related increases in cerebrospinal fluid total-tau and neurofilament light chain,associated with,neurodegeneration and Alzheimer's disease
neurodegeneration and cognitive decline,is associated with,neurodegeneration and cognitive decline
tau proteinopathy in Alzheimer's disease,is associated with,neurodegeneration and cognitive decline
Aβ-induced aggregation of tau,drives,neurodegeneration and cognitive decline in AD
S4 -> αSyn co-pathology,may contribute to,neurodegeneration and cognitive decline in AD
amyloid,has an impact on,neurodegeneration and cognitive outcomes
Females,have an impact on,neurodegeneration and cognitive outcomes
Aggregated Aβ,contribute to,neurodegeneration and memory loss
Aggregated Aβ and tau,are the cause of,neurodegeneration and memory loss
Aggregated tau,contribute to,neurodegeneration and memory loss
they,are the cause of,neurodegeneration and memory loss
increased risk of dementia,is associated with,neurodegeneration biomarkers
Lec-PF,is correlated with,neurodegeneration in AD
disease,contributes to,neurodegeneration in adults with Down syndrome
different mechanisms,contribute to,neurodegeneration in Alzheimer's disease
AGB101 treatment,reduces,neurodegeneration in APOE ε4 non-carriers with mild cognitive impairment due to Alzheimer's disease
processes,contribute to,neurodegeneration in tauopathies
these processes,contribute to,neurodegeneration in tauopathies
plasma NfL,is being used as,neurodegeneration-specific predictive biomarker
Plasma NfL,is being used as,neurodegeneration-specific predictive biomarker
Plasma NfL use,suggests,neurodegeneration-specific predictive biomarker
neurobiology of neuropsychiatric symptoms,is found in,neurodegenerative and vascular diseases
neurobiology of neuropsychiatric symptoms,in,neurodegenerative and vascular diseases
Homocysteine,was associated with,neurodegenerative biomarkers
it,contributes to,neurodegenerative changes
Plasma NfL,in,neurodegenerative condition subgroup
abnormal protein aggregation,is associated with,neurodegenerative conditions
abnormal protein aggregation in cerebral tissues,leads to,neurodegenerative conditions
Cis P-tau-mediated abnormal protein aggregation,leads to,neurodegenerative conditions
development of preE,is associated with,neurodegenerative conditions
propagation of cis P-tau-mediated abnormal protein aggregation,causes,neurodegenerative conditions
propagation of cis P-tau-mediated abnormal protein aggregation,leads to,neurodegenerative conditions
plasma NfL,in,neurodegenerative dementia
ApoE4,is associated with,neurodegenerative diseases
apolipoprotein E ε4 allele,are associated with,neurodegenerative diseases
elevated plasma homocysteine,are associated with,neurodegenerative diseases
environmental factors,have causal effects on,Neurodegenerative diseases
extensive perivascular spaces burden,is associated with,neurodegenerative diseases
extensive perivascular spaces burden,has been reported to be associated with,neurodegenerative diseases
extensive PVS burden phenotypes,are associated with,neurodegenerative diseases
perivascular spaces burden,has been reported to be associated with,neurodegenerative diseases
PVS burden phenotypes,are associated with,neurodegenerative diseases
several environmental factors,have causal effects on,Neurodegenerative diseases
sex hormones,are thought to be strongly associated with,neurodegenerative diseases
variations in mitochondrial protein genes,causal links between,neurodegenerative diseases
central insulin resistance,is a key feature of,neurodegenerative disorders
modifiable clinical or environmental aspects of T2DM,may still contribute to,neurodegenerative processes
lead,affects,neurodevelopment
burden of neurofibrillary tangles,is caused by,neurofibrillary degeneration
cerebral amyloid angiopathy,is a cause of,neurofibrillary degeneration
cognitive impairment,is caused by,neurofibrillary degeneration
neurofibrillary tangles,contribute to,neurofibrillary degeneration
neurofibrillary tangles,lead to,neurofibrillary degeneration
neurofibrillary tangles,are a cause of,neurofibrillary degeneration
neurofibrillary tangles,contribute to,neurofibrillary degeneration impact
non-APOE amyloid GRS,was associated with,neurofibrillary tangle burden
gradually progressive cognitive impairment,with,neurofibrillary tangle pathology
aberrant aggregation of tau protein,results in,neurofibrillary tangles
hyper-phosphorylated tau protein,causes,neurofibrillary tangles
Retinal Oligo-tau,associated with,neurofibrillary tangles
retinal pS396-tau,was associated with,neurofibrillary tangles
Alzheimer's disease,is associated with,neurofibrillary tangles (NFTs)
changes,lead to,neurofibrillary tangles (NFTs)
the ptau sites with greatest influence,influenced,Neurofibrillary tangles accumulation
cerebral amyloid angiopathy,impacts,neurofibrillary tangles burden
Alzheimer's disease,is associated with,neurofibrillary tau tangles
CSF S100 calcium-binding protein beta,influences,neurofilament light
neurobiological correlates,of,neurofilament light
AD clinical stage transition,is associated with,neurofilament light chain
condition,can be predicted by,neurofilament light chain
DLB,can be predicted by,neurofilament light chain
DLB,is a condition that can be predicted by,neurofilament light chain
gene expression modules,are associated with,neurofilament light chain
hippocampal atrophy,is associated with,neurofilament light chain
longitudinal cognition,is associated with,neurofilament light chain
obscuring significant age-related increases,in,neurofilament light chain
longitudinal cognitive decline,is best predicted by,neuroimaging biomarkers
longitudinal cognitive decline,best predicted by,neuroimaging biomarkers
three categories,among,neuroimaging biomarkers
accumulation of amyloid-beta,cause,neuroinflammation
accumulation of amyloid-beta and hyperphosphorylated tau proteins,leads to,neuroinflammation
activation of kinases,leads to,neuroinflammation
activation of microglial cells,is a cause of,neuroinflammation
Alzheimer's disease,leads to,neuroinflammation
Alzheimer's disease,is associated with,neuroinflammation
Alzheimer's disease CSF β2M,is associated with,neuroinflammation
Alzheimer's disease dementia,is associated with,neuroinflammation
Alzheimer's disease pathology,and,neuroinflammation
Alzheimer's disease pathology,is associated with,neuroinflammation
Aβ,interact with,neuroinflammation
apolipoprotein E (APOE) ε4 allele,exerts influence on,neuroinflammation
biomarkers,associated with,neuroinflammation
chronic exposure to environmental copper,may lead to,neuroinflammation
chronic exposure to environmental copper,causes,neuroinflammation
diminished ability of microglia to clear amyloid-beta peptides,leads to,neuroinflammation
disruption of brain insulin pathways,contributes to,neuroinflammation
environmental copper exposure,causes,neuroinflammation
hyperphosphorylation of tau proteins,cause,neuroinflammation
it,influences,neuroinflammation
microglial activation,is a cause of,neuroinflammation
treatment,reduced,neuroinflammation
chronic exposure to environmental copper,is caused by,neuroinflammation and Aβ accumulation in AD
accumulation of amyloid-beta,lead to,neuroinflammation and neuronal damage
hyperphosphorylation of tau proteins,lead to,neuroinflammation and neuronal damage
impact of Modified Dementia Risk Scores on cognition,was partially mediated by,neuroinflammation and tau pathology
Lipopolysaccharide Lupeol,for the prevention of,neuroinflammation-induced neurological disorders like AD
TNF-α exposure,led to,neuroinflammatory processes
TNF-α exposure,resulted in,neuroinflammatory processes
metabolic dysregulation in sphingolipid pathways,may influence,neuroinflammatory processes in Alzheimer's disease pathogenesis
TNF-α exposure,led to,neuroinflammatory processes in human microglial cultures
single-nucleotide polymorphisms (SNPs),associated with,neurological diseases
single-nucleotide polymorphisms (SNPs),extensively associated with,neurological diseases
CeD,is associated with,neurological disorder
ability to validate the impact of multidisciplinary lifestyle interventions,on,neurological disorder progression
multidisciplinary lifestyle interventions,on the progression of,neurological disorders
neuroinflammation,contributes to,neurological disorders
cardiac arrest patients in intensive care,to predict,neurological outcomes
patients who survived the cardiac arrest,studied,neurological outcomes
patients who survived the cardiac arrest,predict,neurological outcomes
patients who survived to intensive care,to predict,neurological outcomes
pathology,is associated with,neuron microtubulate-associated protein tau
Tau knockout,impacts,neuronal activity
progressive cognitive decline,due to,neuronal and synaptic degeneration
subnetwork,is associated with,neuronal cells
accumulation of amyloid-beta,cause,neuronal damage
Alzheimer's disease,leads to,neuronal damage
changes,lead to,neuronal damage
hyperphosphorylation of tau proteins,cause,neuronal damage
neuroinflammation,leads to,neuronal damage
Repetitive Head Impacts (RHI) in boxing,may increase the risk for,neuronal damage
development of neurofibrillary tangles,is associated with,neuronal death
spread of tau protein,is associated with,neuronal death
accumulation and aggregation of Tau,cause,neuronal degeneration
accumulation and aggregation of Tau,is the cause of,neuronal degeneration
accumulation of Tau,cause,neuronal degeneration
aggregation of Tau,cause,neuronal degeneration
Tau knockout,impacts,neuronal development
Tau knockout,impacts,neuronal development and activity
tau knockout,impacts,neuronal development and activity
disruption of microtubule stability,contributes to,neuronal dysfunction
hyperphosphorylation of tau protein,contributes to,neuronal dysfunction
mechanisms driving Tau aggregation,lead to,neuronal dysfunction
pathological tau protein,is associated with,neuronal dysfunction
reduced neurotrophic support,is associated with,neuronal dysfunction
Tau protein's hyperphosphorylation,contributes to,neuronal dysfunction
Vulnerability to Aβ-related tau hyperphosphorylation,is associated with,neuronal dysfunction
tau secretion,increased from,neuronal hyperactivity
plasma dilution,led to,neuronal hyperplastic AD subtype CSF
Alzheimer's disease and possibly serum ANGPT-2,is associated with,neuronal injury
Alzheimer's disease pathology,is associated with,neuronal injury
sex,influences,neuronal injury
peripheral inflammation,was strongly associated with,neuronal injury (plasma NfL)
robust associations,exhibited with,neuronal injury (plasma NfL)
pathological processes,lead to,"neuronal loss, brain atrophy, and gliosis"
spreading of misfolded microtubule-associated protein tau,along,neuronal networks
recent studies,have reported that,Neuronal Pentraxin Neuronal Pentraxin 2 (NPTX2) can significantly predict the progression of cognitive decline
multifunctional protein,is essential for,neuronal stability and function
cotton wool plaques (CWPs),are features of,neuropathologic phenotype of dominantly inherited Alzheimer disease
subtype of future dementias,based on,neuropathological diagnoses
APOE e4 allele,associated with,neuropathologies
neuropsychiatric inventory,involved,neuropathologies associated with APOE e4 allele
multidomain intervention,enhances,neurophysiological activities
multidomain intervention,impacts,neurophysiological activities
intervention,enhances,neurophysiological activities associated with memory function
Retinal PHF-tau,was associated with,neuropil threads
retinal pS396-tau,was associated with,neuropil threads
increased protein levels,were associated with,neuroplasticity
increased protein levels,were mainly associated with,neuroplasticity
NfL+,associated with,neuroplasticity
Ng+,associated with,neuroplasticity
impairments,were associated with,neuroplasticity deficits
tau protein phosphorylation,transitions from,neuroprotective
tau protein phosphorylation transition,is from,neuroprotective
transition of tau protein phosphorylation,from,neuroprotective
these risks,are associated with,neuropsychiatric adverse events
amygdala tau accumulation,may contribute to,neuropsychiatric changes
immune response-related biomarkers,on,neuropsychiatric conditions
fine particulate matter,causal relationship between,neuropsychiatric disorders
inflammatory markers,causal connections between,neuropsychiatric disorders
distinct behavior,assessed using,neuropsychiatric inventory
worse behavior,assessed using,neuropsychiatric inventory
predictive accuracy,was higher when,neuropsychiatric measures were included
anti-Aβ drugs,impact,neuropsychiatric symptoms
disruption,contributes to,neuropsychiatric symptoms
disruption,causes,neuropsychiatric symptoms
disruption,results in,neuropsychiatric symptoms
neural correlates,are associated with,Neuropsychiatric symptoms
in vivo-measured LB pathology,is closely associated with,neuropsychiatric symptoms across the AD continuum
clinicians,use,neuropsychiatric symptoms associations
higher GFAP levels,were associated with,neuropsychiatric symptoms at follow-up
higher GFAP levels,were associated with,Neuropsychiatric symptoms at follow-up
CSF biomarker profile associated with AD,does not impact,neuropsychiatric symptoms in sCAA participants
higher GFAP,were associated with,Neuropsychiatric symptoms severity score increase over time
higher NfL,were associated with,Neuropsychiatric symptoms severity score increase over time
regression models,trained to predict,neuropsychological performance
models,were associated with,neuroticism
Alzheimer's disease,is caused by,neutrophil-lymphocyte ratio
cognitive trajectories,are predicted by,new Alzheimer's disease staging framework
distinctive cognitive trajectories,in,new Alzheimer's disease staging framework
discoveries of tau pathology in AD,opened,new and major area of research on the molecular pathology of this major cause of dementia in middle- and old-age individuals
greater understanding of their genetic relationship with LOAD,could identify,new biomarkers
John,bought,new car
W-Tau peptide,originates from,new isoform of the tau protein
need,exists to identify,new pharmacological options for Alzheimer's disease
apolipoprotein E insights from Alzheimer's disease comprehensive update,could indeed lead to,new therapeutic strategies for neurodegenerative diseases
these mechanisms,may lead to,new treatments
causal relationship between T2DM and AD,through,new two-sample MR analysis
causal relationship between T2DM and AD,through,new two-sample MR analysis and Mendelian randomization studies
Alzheimer's disease,was associated with,NfL
Alzheimer's disease,was positively associated with,NfL
cognitive impairment,is associated with,NFL
future tau deposition,is predicted by,NfL
gene expression modules,are associated with,NfL
lean body mass,was associated with,NfL
poorer episodic memory performance,after covarying for,NfL
proteomic indicators of body fat percentage,were associated with,NfL
resting energy rate,was negatively associated with,NfL
type 2 diabetes,was positively associated with,NfL
Type 2 diabetes,was positively associated with,NfL
visceral fat,was associated with,NfL
findings,increase understanding of,NfL and neurobiological mechanisms associated with cognitive decline in vMCI
grey-matter atrophy,is associated with,NfL changes in plasma and cerebrospinal fluid
Type 2 diabetes,was positively associated with,NfL in non-Hispanic Whites
genes,are related to,NfL levels
markers,were associated with,NfL levels
comorbidities,make it difficult to interpret,NfL's prognostic value
Ng+,in opposite directions,NfL+
AD,exists due to,NLR
MVMR analysis,revealed,no causal connections between RA and PD
causal relationship,was identified,No discernible
MR analyses,identified,no evidence of a causal relationship between myopia and refractive error
findings,provide,no evidence to substantiate a causal relationship between ADPN levels and the risk of Alzheimer's disease and Parkinson's disease
choice of a fixed-effect model,was made,no heterogeneity
fixed-effect model,was used,no heterogeneity
fixed-effect model,was selected because there was,no heterogeneity
fixed-effect model,was chosen,no heterogeneity
fixed-effect model,was selected,no heterogeneity
genome-wide association studies,identified,no loci associated with progression at genome-wide significance
amyloid pathology,was associated with,no more than 4 CMBs in the MCI-ADD group
paternal history of early-onset memory impairment,in comparison with,no paternal history
Researchers/Authors findings,indicate that,no significant association or causal relationship between Osteoarthritis and cognitive decline
MR analyses,revealed,no significant causal association between genetically determined ADPN levels and the risk of Alzheimer's disease
MR analyses,revealed,no significant causal association between genetically determined ADPN levels and the risk of Parkinson's disease
meta-MR and MR analysis,revealed,no significant causal association between T2DM and AD
reverse MR analysis,observed,no significant causal effect
GSMR results,showed,no significant causal effect of higher genetically predicted RHR on the risk of AD
Inverse Variance Weighted (IVW) analysis,indicated that,no significant causal relationship between Body mass index (BMI) indicators and PD
lower levels of NfL,associated with,no/mild constipation
lower levels of p-Tau-181,associated with,no/mild constipation
lower levels of t-Tau,associated with,no/mild constipation
Alzheimer's disease cortices,within,nodes of heteromodal association areas
parietal cortices,within,nodes of heteromodal association areas
predictive edges,came from,nodes within cerebellar regions
predictive edges,came from,nodes within limbic regions
predictive edges,predominantly came from,nodes within limbic regions
predictive edges,came from,nodes within temporal regions
elevated serum IL-6,is accelerated in,non-APOE ε4 carriers
elevated serum IL-6,in,non-APOE ε4 carriers
rate of CD,is accelerated in,non-APOE ε4 carriers
the connection,is possibly,non-causal
cognitive decline,can be predicted in,non-demented adults
cognitive decline,in,non-demented individuals
increased risk of cognitive impairment,in,non-demented older adults
plasma levels of neurofilament light chain (NfL),can predict,non-demented older people
higher AD biomarkers,observed in,non-demented patients
Apolipoprotein allele 4,had negative impact,non-Hispanic White individuals
greater positive predictive value,for,Non-Hispanic White participants
NfL,in,non-Hispanic Whites
Functional Alzheimer's disease safety,is enhanced through,non-pharmacological interventions
higher Aβ burden in APOE4 carriers,but not,noncarriers
higher Aβ burden in APOE4 carriers,not,noncarriers
low physical activity,than in,noncarriers
low physical activity,compared to,noncarriers
low physical activity,compared with,noncarriers
plasma amyloid beta,remained low,None
"association of levels of Aβ42, P-tau, and T-tau with age",was in a,nonlinear way
greater cognitive decline,versus,Normal Aβ(42)
Low Aβ(42),versus,Normal Aβ(42)
different factors,in individuals with,normal cognition
apathy,is a symptom of,not associated with ApoE-specific isoforms
Alzheimer's disease,was associated with,not being Alzheimer's disease
Aβ(42)/Aβ(40) ratio,neurobiological correlates of,not entirely understood
neurofilament light,neurobiological correlates of,not entirely understood
total tau,neurobiological correlates of,not entirely understood
APOE-ε4 effects,were attenuated,not influenced by sex
annual rate of amyloid PET change,increase in,not statistically significant
Alzheimer's disease,causes,not well understood
pathology,does not result in,noticeable cognitive impairment
our finding,reinforces,notion that early tau deposition in areas related to Alzheimer's disease is associated with cognitive decline
these results,support,notion that the SNP-rs6922617 in the TREM gene cluster is associated with AD-related neuropathological hallmarks
inter-individual variability,is due to,novel association and susceptibility
inter-individual variability,is due to,novel association with integrity of BBB function
inter-individual variability,is the cause of,novel association with integrity of BBB function
susceptibility to biological influences,is due to,novel association with integrity of BBB function
studies,were performed to discover,novel targets associated with progression
adjusted cutoff,was associated with,"NPA of 70.4% (95% CI 51.5, 84"
adjusted cutoff,was associated with,"NPA of 70.4% (95% CI 51.5, 84.1)"
researchers,employed,NPI
p-tau181/Aβ1-42 ratio,was no longer associated with,NPI-Q
APOE ε4 allele,has influence on,NPS
genetic variants,contributing to,NPS
Plasma GFAP,is associated with,NPS
higher GFAP levels,were associated with,NPS at baseline
NfL,is associated with,NPS severity
pTau-217,combining with,NTA-tau
tau PET positivity,was associated with,NTA-tau
Mitochondrial genomes,are found in,nucleated cells
pathological changes of Tau proteins,are due to,nucleocapsid protein of SARS-CoV-2
recruitment of Tau proteins into stress granules,due to,nucleocapsid protein of SARS-CoV-2
Tau proteins,are pathological due to,nucleocapsid protein of SARS-CoV-2
they,were associated with,nucleoplasm compartment
they,associated with,nucleoplasm compartment
causal effect estimation,might be challenging,null
clinical and genomic measures,were combined,null
variable selection,might be challenging,null
APOE ε4 allele copy number,is associated with,number of copies
mtDNAcn,measures,number of mitochondrial genomes per cell
alterations in lifestyle,are causes of,obesity
Alzheimer's disease,is associated with,obesity
progression of socio-economic status,are causes of,obesity
S3,provides,object storage
exploring possible causal factors for Alzheimer's disease and related dementias,is an,objective
cognition in older adults,was associated with,objective early cognitive impairment
this,could be due to,obscuring significant age-related increases in cerebrospinal fluid total-tau and neurofilament light chain
utilizing normative reference data,could,obscuring significant age-related increases in cerebrospinal fluid total-tau and neurofilament light chain
analysis,supported,observed association
Spearman's correlation,between,observed PET binding standard uptake value ratios
intervention,led to,observed results
CSF amyloid and tau levels,in,occipital lobes
increased risk of cancer associated with radiation exposure,has been extensively studied in,occupational settings
Inflammatory bowel disease,causal relationship between,occurrence of all-cause dementia
Inflammatory bowel disease,has causal relationship with,occurrence of all-cause dementia
variations index in renal function,causal relationship between,occurrence of dementia
variations index in renal function,was between,occurrence of dementia
PSP,is associated with,oculomotor features
inflammatory bowel disease,is associated with,odds ratio
risk reduction,is associated with,odds ratio of 0.983
amyloid,associated with,α-syn
Aβ,cross-seeding between,α-synuclein
microglial activation,is caused by,α-synuclein
AD,is influenced by,α-synuclein pathology
AD,influenced by,"α-synuclein, AD, and tau pathology"
α-synuclein,influenced by,"α-synuclein, AD, and tau pathology"
longitudinal analyses,confirmed further that,αSyn positivity
higher levels in GFAP,were associated with,β (SD) of -0.03 (0.02) (P =.046)
higher levels in t-tau,were associated with,β (SD) of -0.03 (0.02) (P =.046)
decline,was associated with,β (SD) of -0.03 (0.02) (P =.07) for APOE4 carriers with upper tertiles of NfL levels
association,resulted in,β of -0.45
association,resulted in,β of 0.15
association,resulted in,"β of 0.15 and a 95% CI of [0.01, 0.33]"
molecular pathways,influencing,β-amyloid
tau pathology,influence of,β-amyloid
Alzheimer disease (AD),is associated with,β-amyloid (Aβ) deposition
cognitive decline,is associated with,β-amyloid (Aβ) deposition
early Alzheimer disease (AD),associated with,β-amyloid (Aβ) deposition
imbalance,might be due to,β-amyloid (Aβ) heterogeneity
cycle,is in which,β-amyloid accumulation leads to Tau pathology
involvement of different cell types,influences,β-amyloid and tau
Alzheimer's disease,has influence on,β-amyloid and tau pathology
low physical activity,had a greater impact on,β-amyloid deposition
low physical activity,had greater impact on,β-amyloid deposition
physical activity,impact of,β-amyloid deposition
low physical activity,had a greater impact on,β-amyloid deposition in ApoE4-carriers
presenilin 1 variants,have different effects on,γ-secretase
different effects of presenilin 1 variants,on,γ-secretase and amyloid β production
presenilin 1 variants,have different effects on,γ-secretase production
plasma C-reactive protein,is associated with,δ
Plasma C-reactive protein,is independently associated with,δ
biological age,associated with,ε2 allele
biological age,associated with,ε4 allele
demographic and molecular covariates,to evaluate the impact of,ε4 allele haplotypes
ε4 allele haplotypes,were identified to evaluate the impact of,ε4 allele haplotypes on APOE protein levels in cerebrospinal fluid
ε3 allele,used,ε4 allele platform
proteins,were associated with,ε4 carriers of APOE
Alzheimer's disease and related dementias,are associated with,old age
acceleration of Alzheimer's disease-related pathology,in,older adults
Alzheimer's disease (AD),primarily affects,older adults
Alzheimer's disease-related pathology,in,older adults
circadian rhythms,are associated with,older adults
clinical trajectories toward Alzheimer's disease,in,older adults
cognitive decline or acceleration of Alzheimer's disease-related pathology,in,older adults
polypharmacy,contributes to,older adults
Alzheimer's disease pathological biomarkers,in,older adults at early stages of the disease
socioeconomically disadvantaged neighborhood disadvantage,was associated with,older adults from the Vanderbilt Memory and Aging Project
Aβ accumulations,are associated with,older adults who experience cognitive changes
tau accumulations,are associated with,older adults who experience cognitive changes
plasma NfL,in,older adults with heightened dementia risk
baseline in vivo tau burden,in,older adults with MCI and AD dementia
increasing apathy over time,in,older adults with MCI and AD dementia
older age at amyloid or tau PET positivity,was associated with,older age at amyloid or tau PET positivity
blood phosphorylated tau at amino acid 181,particularly in,older individuals
blood phosphorylated tau at amino acid 181,in,older individuals
increased plasma NfL and GFAP,in,older participants
APOE4,has impacts on,olfaction
APOE4,was associated with,olfactory dysfunction
elevated HbA1c levels,are associated with,olfactory impairments
amyloid-β tau protein pathology,is caused by,oligomeric amyloid-β
effect of LBD on colon cancer,influenced by,one factor
effect of LBD on colon cancer,was influenced by,one factor
them,combining,one of MRI or cardiovascular measures
four mtDNAcn GWAS,across,one study
Elucidating the causal relationship between specific dietary factors and Alzheimer's disease risk,is an,ongoing challenge
COVID-19 neurological disease,is associated with,ongoing neurodegeneration
impaired metabolism,contributes to,onset and progression of AD
inflammation,contributes to,onset and progression of AD
Several factors linked to aging,contribute to,onset and progression of AD
aggregation of tau,is closely associated with,onset of Alzheimer's Disease and Frontotemporal Dementia
years,following,onset of amyloid-β
early Aβ accumulation,associated with,onset of cognitive dysfunction
early Aβ accumulation,may delay,onset of cognitive dysfunction associated with early AD
biology of Human apolipoprotein E,is altered,opposing impacts of its isoforms
Ng,is not,optimal
Ng,is not an,optimal N marker
Ng,is not,optimal N marker
factors influencing timing of pathology and clinical progression,is crucial for,optimizing early intervention trials
accelerated BioAge,per year in,OR IVW = 1.3
risk of Parkinson's disease,associated with,OR of 0.830
risk of Alzheimer's disease,was associated with,OR of 0.852
vascular dementia,not significantly associated with,OR of 1.32
previous meta-analyses,have demonstrated,osteoarthritis (OA) is associated with an increased risk of dementia
previous meta-analyses,have demonstrated,osteoarthritis is associated with an increased risk
previous meta-analyses,have demonstrated,osteoarthritis is associated with increased risk of dementia
Alzheimer's disease,is associated with,osteocalcin
data,related to,osteocalcin
risk of Alzheimer's disease,is associated with,osteocalcin
glucose and lipid metabolism,in mediating the impact of,osteocalcin on AD risk
associations between resting heart rate and dementia,are likely due to,other cardiovascular diseases
Alzheimer's disease,is associated with,other chronic conditions
death,through,other complications
person's death,is caused by,other complications
integration of plasma pTau species,with,other factors
plasma pTau species,integrating with,other factors
them,combining,other measure
ApoE4,is associated with,other neurodegenerative diseases
apolipoprotein E,influence in,other neurodegenerative diseases
amyloid beta (Aβ) deposition,in,other pathological stages
NEFL and RPS6KB1,combining with,other predictors
treatments targeting various species of amyloid beta protein,affects,other related pathophysiology
extent of tau abnormalities,in,other tauopathies
functional impairments,include,other tauopathies
pathological changes,occur in,other tauopathies
Tau,is associated with,other tauopathies
tau abnormalities,in,other tauopathies
its pathogenic profile,in,other types of dementia
gene expression modules,are associated with,other unknown factors
temporal volumes,more strongly than,other volumes
biomarker definitions,offer,others
some biomarker definitions,less than,others
some biomarker definitions,offer,others
some of the biomarker definitions,potentially offer less than,others
early tau deposition in areas related to Alzheimer's disease,reinforced by,our finding
latest AD summary statistics,used as,outcome
accurate estimation of causal effect,even when,outcome follows skewed distributions
variables of interest,was between,outcomes
predict change in Mini-Mental State Examination (MMSE),was the goal,over four years
clinical significance features selection,with,over-sampling methods
Alzheimer's disease,had effect on,overall breast cancer
Alzheimer's disease,on,overall breast cancer
metabolic syndrome,no causal link was found between,overall cortical thickness
limb pain,had potential causal links with,overall dementia
heterogeneity,was associated with,overall increases in pathological presentation
adjusted cutoff,was associated with,"overall percent agreement of 79.0% (95% CI 67.4, 87.3)"
metabolic syndrome,no causal link was found between,overall surface area
intranasal insulin administration,is related to,overcoming the deficits
causal effects of several environmental factors on Neurodegenerative diseases,were found to,overlap
amyloid-beta,convey,overlapping information
Amyloid-beta,convey,overlapping information
plasma amyloid-beta,convey,overlapping information
clinical characterization,is challenging,overlapping profiles
clinical characterization of bvFTD and AD,is challenging,overlapping profiles
characterization of bvFTD and AD,is challenging due to,overlapping symptoms and profiles
Clinical characterization,is challenging,overlapping symptoms and profiles
clinical characterization,is challenging,overlapping symptoms and profiles
characterization of AD,is challenging,overlapping symptoms and profiles between the two conditions
characterization of bvFTD,is challenging,overlapping symptoms and profiles between the two conditions
Alzheimer's disease pathology biomarkers,are associated with,oxidative stress
Alzheimer's disease T- and P-tau levels,are not associated with,oxidative stress
biomarkers of Alzheimer's disease pathology,are associated with,oxidative stress
few proteomic changes,associated with,oxidative stress
tau protein,is phosphorylated,oxidative stress
Tau protein,leads to,oxidative stress within neural tissue
differences,were statistically significant,P < 0.05
association,was not significant with,p > 0.05
improvement in urinary continence,is associated with,p 0.01-0.05
findings,were associated with,p value of 0.0021 for participants with symptomatic AD
findings,were associated with,p value of 0.0056
findings,were associated with,p value of 0.010 for participants with symptomatic AD
findings,were associated with,p value of less than 0.0001
it,is not associated with,p-tau
tau pathology,associated with,P-tau
meta-analysis,included,p-tau 217 studies
APOE ε4 allele,potentially influences,P-tau levels
it,was associated with,p-tau levels
proteins,were genetically associated with,p-Tau levels
studies,are about,P-tau oligomers
VVs,are associated with,p-tau pathology
Alzheimer's disease pathology,is associated with,p-tau Ser356
false-discovery rate correction,after,p-tau severity
APOE-ε4 dosage,is associated with,p-tau values
exploratory analyses,test,p-tau(217)/Aβ(42)
Model 2,in,P-tau/Aβ42 ratio was associated with probability of false discovery rate of 0.028
CSF β2-microglobulin,was associated with,P-tau/T-tau
tau pathology,was associated with,P-tau/T-tau
YKL-40,was associated with,P-tau/T-tau
DBP,was negatively associated with,p-tau181
demographic variables,adjusting for,p-tau181
it,was not associated with,p-tau181
plasma p-tau217,was more associated with,p-tau181
dementia,excluded,p-tau181/Aβ1-42 ratio
plasma Tau biomarkers,including,p-tau205
plasma tau biomarkers,includes,p-tau217
Phosphorylated tau 217,be used for,p-tau217 assessment for research and clinical purposes
amyloid PET-positive individuals,in,p-tau217 can predict tau burden
p-tau181,combining with,p-tau231
plasma p-tau217,was more associated with,p-tau231
plasma Tau biomarkers,including,p-tau231
risk reduction,is associated with,P-value of 0.005
vascular dementia,not significantly associated with,p-value of 0.25
no paternal history,is associated with,P-value of 3.00 × 10-6
paternal history of early-onset memory impairment,is associated with,P-value of 3.00 × 10-6
these factors,were associated with,P<0.05
acetylation,influenced the susceptibility of,P301L (PL) pathologic tau to seeds
proteins,appear to increase as a result of,PA
proteins,increase as a result of,PA
proteins,appear to decrease as a result of,PA
Proteins,appear to decrease as a result of,PA
amyloid beta (Aβ),predict,PACC scores
model,accurately predicted,PACC scores
regions,predict,PACC scores
Alzheimer's disease,may also impact,pain processing
Alzheimer's disease,connection between remains unclear,pain processing
Alzheimer's disease,connection between,pain processing
Alzheimer's disease,may impact,pain processing
early cognitive decline,may also impact,pain processing
LPCAT2 variants,are associated with,pain processing
framework,is integrated with,parallel causal variable decorrelation module
baseline in vivo tau burden,in,parietal brain regions
nodes of heteromodal association areas,particularly within,parietal cortices
test,predicted,Parkinson disease cognitive decline
APOE ε4 allele,associated with,Parkinson's disease
dementia,is associated with,Parkinson's disease
elevated HbA1c,increased risk,Parkinson's disease
four proteins,were associated with,Parkinson's disease
IL-6 inhibitors,significantly reduced the risk of,Parkinson's disease
it,contributes to,Parkinson's disease
mitochondrial dysfunction,is associated with,Parkinson's disease
neuroinflammation,contributes to,Parkinson's disease
their influence,is underexplored,Parkinson's disease
Their influence,on,Parkinson's disease
their influence,on,Parkinson's disease
potential causal associations,of,Parkinson's disease (PD)
RA,causes,Parkinson's disease (PD)
traumatic brain injury,no causal genetically association between,Parkinson's disease (PD)
traumatic brain injury,there was no causal genetically association between,Parkinson's disease (PD)
causal link between gastrointestinal diseases,except,Parkinson's disease and gastric cancer
ADPN levels,no evidence to substantiate causal relationship between,Parkinson's disease risk
high-resolution PET reconstructions,are inherently less impacted by,partial-volume effect
random effects,due to,participant characteristics
CSF α-syn Seed amplification assay kinetic parameters,were associated with,participant demographics
biomarkers that accurately predict amyloid-beta accumulation,may be of critical importance for,participant inclusion in secondary prevention trials
retaining participants in clinical trials,is as important as,participant recruitment
higher tau(MTL),was associated with,participant-reported concerns about memory and navigation
ability to distinguish cognitive status,examined,participants
ability to distinguish cognitive status,examine,participants
ability to predict cognitive decline,of,participants
ability to predict cognitive decline,examined,participants
ability to predict cognitive decline,examine,participants
Framingham Heart Study,included participants from,participants
longitudinal decline in MMSE and CERAD-TS scores,in,participants categorized as amyloid positive
abnormal tau deposition,in,participants cortex
blood glial fibrillary acidic protein,was also a predictive biomarker for,participants with a FTD syndrome
disease severity,in,participants with Down syndrome
microbleeds,in,participants with Down syndrome
clinical implementation,particularly,particularly
neurodegenerative diseases,are caused by,pathogenesis
these aggregates,contribute to,pathogenesis of AD
future studies,exploring this impact on,pathogenesis of AD and related biomarkers
future studies,are needed,pathogenesis of AD and related biomarkers
protein tau,is associated with,pathogenesis of Alzheimer's disease
protein tau,is the main factor contributing to,pathogenesis of Alzheimer's disease
EB virus,may contribute to,pathogenesis of NDs
plasma proteins,play a role in,pathogenesis of neurodegenerative diseases
protein tau,due to its role in,pathogenesis of several diseases
hyperphosphorylated tau aggregation,contributes to,pathogenesis of the neurological disorder
Aβ modifications,by being,pathogenic
reactive astrogliosis,influences,pathogenic cascade during the preclinical stage of AD
variant,exerts,pathogenic influence
Alzheimer's disease,is associated with,pathogenic process
disease,is associated with,pathogenic process
spread of abnormal proteins,results in,pathologic regional covariance
glucose metabolism changes,are directly caused by,pathologic tau
tau protein,undergoes,pathological changes
Alzheimer's disease,is associated with,pathological deposition of hyperphosphorylated tau
early event in Alzheimer's disease pathology,before,pathological hallmarks appear
APOE,are not fully understood in,pathological human brains
APOE,influences,pathological human brains
higher CSF levels of sphingomyelin SM(30:1),were positively associated with,pathological levels of phosphorylated tau in CSF
AD pathology,is an example of,pathological process
Alzheimer disease,is associated with,pathological tau
Alzheimer disease,associated with,pathological tau
dysregulation of lipid composition,caused by,pathological tau
Ser262,are not sufficient to cause,pathological tau accumulation
Ser356,are not sufficient to cause,pathological tau accumulation
sites Ser262,do not cause,pathological tau accumulation
sites Ser356,do not cause,pathological tau accumulation
Tau phosphorylation,is not sufficient to cause,pathological tau accumulation
Tau phosphorylation at Ser262 and Ser356,does not cause,pathological tau accumulation
Tau phosphorylation at Ser262 and Ser356,is not sufficient to cause,pathological tau accumulation
seeds,cause,pathology
changes in Alzheimer's Disease core biomarkers,are associated with,pathology of Progressive Supranuclear Palsy
PSP-specific changes,are associated with,pathology of Progressive Supranuclear Palsy
disease,highlighted,pathology's impact on cognition
physical exercise,has no influence on,pathophysiology of Alzheimer's disease
CNS inflammation,contributes to,pathophysiology of opioid dependence
Tau spread in neurodegeneration,may be caused by,pathway
tau spread in neurodegeneration,may be caused by,pathway
brain injury and cognitive decline,were caused by,pathway other than Alzheimer's disease
Alzheimer's disease,may be influenced by,pathways
disease mechanisms,may be influenced by,pathways
longitudinal heterogeneous changes,may be influenced by,pathways
longitudinal heterogeneous changes in Alzheimer's disease,may be influenced by,pathways
potential therapeutic targets,may be influenced by,pathways
brain signatures,were associated with,"pathways containing activity of excitatory neurons, astrocytes, and microglia"
"high-fat, high-sugar diet",is associated with,pathways involved in cell excitability
Apolipoprotein E,influences,pathways involved in neurodegeneration
classification,was contributed to by,patient
us,contributed to,patient
sensitive tool,used for,patient stratification
acute disruption of synaptic plasticity,was caused by,patient-derived synaptotoxic tau preparations
patterns,contributed to,patient's classification
impairments,have a meaningful impact on,patient's life
link,is associated with,patients
researchers or study authors,studied,patients
tau positron emission tomography (PET) scan,among,patients above the referral cutoff on plasma pTau217
these changes,may cause,patients to experience mood symptoms
amygdala,may predispose,patients to mood symptoms
preclinical tau deposition,due to,patients to mood symptoms
researchers,studied,patients who survived to intensive care
increase in the small tau isoform,in,patients with AD
development of cognitive and functional impairments,is associated with,patients with Alzheimer's disease
progressive cognitive decline,in,patients with Alzheimer's disease and other tauopathies
increase in the small tau isoform,in,patients with Aβ and cognitive abnormalities
small tau isoform,increases significantly in,patients with Aβ and cognitive abnormalities
drugs available,treat,patients with cognitive decline
conversion to Alzheimer's disease,in,patients with MCI
lower serum Ile level,in,patients with mild cognitive impairment
Alzheimer disease copathologies,impact,pattern of hippocampal subregion volume loss and cognitive function in LBD
temporal meta-region of interest,was assessed to be associated with,patterns of tau pathology
Alzheimer's disease CSF biomarkers,were associated with,PC 1
Alzheimer's disease-related neurodegeneration imaging markers,were not associated with,PC 1
clinical diagnosis,was not associated with,PC 1
cognitive performance,was not associated with,PC 1
sampling bias,was identified through,PCA modeling
Apolipoprotein E,influences,PD
Body mass index,no causal relationship between,PD
genes like SLC25A38,were specifically highly predictive for,PD
genes like SLC25A38,were highly predictive for,PD
genes like SLC25A38,were predictive specifically for,PD
LBP,has unidirectional causal link to,PD
LBP,causal link to,PD
S15,caused by,PD
these genes,were specifically predictive for,PD
traumatic brain injury,had little causal association with,PD
traumatic brain injury,have little causal association with,PD
traumatic brain injury,was not associated with,PD
systemic inflammatory markers,with,PD and MS
another factor,causes,PD motor progression
cause,is in shaping,PD motor progression
cause,is causing,PD motor progression
factor,causes,PD motor progression
something else,causes,PD motor progression
episodic memory decline,in,people with Apolipoprotein E4
more rapid episodic memory decline,in,people with Apolipoprotein E4
clinical heterogeneity,in,people with autosomal dominant Alzheimer's disease
Alzheimer's disease,in,people with Down syndrome
baseline plasma Aβ(42),may help identify,people with SCD
secretomes of induced pluripotent stem cell-derived neurons,from,people with Trisomy 21
integration of plasma pTau species with other factors,can improve,performance
neuropsychiatric symptoms,was longitudinally associated with,performance in each cognitive domains domain
different analytic platforms,using,performances of plasma biomarkers
AD disease initiation,is influenced by,peripheral biological processes
MBI,is closely related to,peripheral blood biomarkers associated with Alzheimer's disease
hypothesis,is that,peripheral blood from affected individuals contributes to the progression of tau-related neurodegeneration
hypothesis,is that,peripheral blood from aged P301S tau transgenic mice contributes to the progression of tau-related neurodegeneration
immune proteins,in,peripheral circulation
episodic memory impairment,is associated with,peripheral inflammation
underlying mechanisms of the influence of the apolipoprotein E (APOE) ε4 allele,remain elusive,peripheral inflammation
Behavioral and psychological symptoms of dementia in AD,is predicted by,Peripheral interleukin-6
ApoE-ε4 isoform,is associated with,peripheral nervous system degeneration
Y157X PRNP mutation,has resulted in,peripheral sensory and autonomic polyneuropathy
determine the causal contributions,was the objective to,peripheral T cell subsets to Alzheimer's disease risk
increase in T-tau,is due to,peripheral tissue contributions
T-tau,does not work well due to,peripheral tissue contributions
contributions to blood levels,from,peripheral tissues
this,results in,persistent neuroinflammation
complications,can lead to,person's death
causal model of Alzheimer's Disease progression,can be,personalized
higher tau burden,assessed by,PET
immunoassays of p-tau(217),associated with,PET
mass spectrometry,associated with,PET
PET biomarkers,were associated with,PET
results,were associated with,PET
biomarkers,were associated with,PET biomarkers
immunoassays of p-tau(217),associated with,PET biomarkers
mass spectrometry,associated with,PET biomarkers
PET biomarkers,were associated with,PET biomarkers
results,were associated with,PET biomarkers
participants,had available,PET measures of amyloid-β
participants,had available,PET measures of tau
decreased volume of hippocampal and precuneus regions,is associated with,PET-/plasma- group
decreased volume of hippocampal and precuneus regions,associated with,PET-/plasma- group
decreased volume of hippocampal regions,associated with,PET-/plasma- group
decreased volume of precuneus regions,associated with,PET-/plasma- group
four methods,were found on,PFH-UKBB dataset
Y157X PRNP mutation,has resulted in,phenotype of gradually progressive cognitive decline
mapping of dynamics underlying cognitive-behavioural evolution,is used to predict,phenotypic diversification and phenotype-neurobiological mapping
mosaicism,could contribute to,phenotypic variation
lysosomal stress signs,such as,pHluorin fluorescence
native mass spectrometry,detects,phosphate groups per p-tau molecule
insoluble fraction,associated with,phospho-epitopes
lysosomal proteases,are associated with,phospho-tau peptides
gene expression modules,are associated with,phospho-tau-181(p-tau181)/β-amyloid-42
biomarker changes,were either,phosphorylated tau
brain structural changes over time,are associated with,phosphorylated tau (p-tau)
core cerebrospinal fluid (CSF) Alzheimer's disease (AD) biomarkers,include,phosphorylated tau (p-tau) and amyloid-β (Aβ42)
Aβ pathology,associated with,phosphorylated Tau (pTau) pathology
Aβ pathology,is associated with,phosphorylated Tau (pTau) pathology
plasma tau biomarkers,includes,phosphorylated tau [p-tau]181
Alzheimer's disease CSF biomarkers,include,phosphorylated tau 181
clinical Alzheimer's disease CSF biomarkers,includes,phosphorylated tau 181
carriers,not associated with,phosphorylated tau 217
Hcy,was associated with,phosphorylated tau 217
Hcy,was not associated with,phosphorylated tau 217
homocysteine,was associated with,phosphorylated tau 217
homocysteine,was not associated with,phosphorylated tau 217
Phosphorylated tau 217,can be used in place of,Phosphorylated tau 217
Apolipoprotein E,influence on,phosphorylated tau interactions
apolipoprotein E,influence on,phosphorylated tau interactions
Apolipoprotein E,influences,phosphorylated tau interactions
lysosomal contents,are associated with,phosphorylated tau-181
lysosomal proteases,are associated with,phosphorylated tau-181
earliest increases in brain amyloid beta accumulation,are associated with,phosphorylated tau231
kallistatin,causes,phosphorylation of hyperphosphorylated tau proteins
Kallistatin,has the ability to cause,phosphorylation of hyperphosphorylated tau proteins
interactions between Tau,presumably influence,phosphorylation state of Tau
phosphorylation state of Tau,are due to,phosphorylation-dependent changes in the interactions between Tau and Tau partners
current evidence,suggests,physical exercise does not have an impact on the pathophysiology of Alzheimer's disease
current evidence,suggests,physical exercise does not influence the pathophysiology of Alzheimer's disease
current evidence,does not suggest that,physical exercise impacts the pathophysiology of Alzheimer's disease
current evidence,does not suggest,physical exercise influences the pathophysiology of Alzheimer's disease
it,contributes to,physical frailty
tau pathology,is reduced by,physically active lifestyle
person who is amyloid positive,in,PiB-PET scan
caudate nucleus volume,is associated with,PILRA and PILRB abundance in plasma
it,is associated with,pl-NfL
it,is associated with,pl-tau
donanemab,caused,placebo
lecanemab,resulted in less decline than,placebo
smaller decline on measures of cognition and function,compared to,placebo
propagation of cis P-tau-mediated abnormal protein aggregation,from,placenta
condition,is associated with,placental insufficiency
eGFR,eliminate its influence on,plamsa levels
cerebrospinal fluid protein levels,compared to,plasma
neurodegenerative biomarkers,are influenced by,plasma Alzheimer's disease
factors,influencing,plasma Alzheimer's disease (AD) biomarkers
Stanford Aging and Memory Study CU,among,plasma amyloid beta
daily oral administration of a drug,significantly increased,plasma amyloid-β(42) levels
daily oral administration of Probucol,increased,plasma amyloid-β(42) levels
Apolipoprotein E ε4 status,influenced,plasma Aβ biomarker levels
Alzheimer's disease,with,plasma Aβ levels
those with somatic comorbidities and Psy,have lower,plasma Aβ42
novel turbidimetric assay,for quantifying,plasma ApoE4
cerebral perfusion,are associated with,plasma biomarkers
longitudinal changes in AD patients,were predicted by,Plasma biomarkers
NPS,combined with,plasma biomarkers
presence of NPS,combined with,plasma biomarkers
structural changes,are associated with,plasma biomarkers
Cognitive vulnerability to glucose fluctuations,is associated with,plasma biomarkers of Alzheimer's disease (AD) pathology and neurodegeneration
Tau pathology,and,plasma GFAP
it,is associated with,plasma glial fibrillary acidic protein levels
variation,influenced,plasma levels of CAT
rates of Aβ accumulation,was influenced by,"plasma levels of CAT, CD36 and KRT19"
variation,influenced,"plasma levels of CAT, CD36 and KRT19"
variation,influenced,plasma levels of CD36
variation,influenced,plasma levels of KRT19
possible causal connections,among,plasma lipid species
regional tau deposition,is associated with,plasma markers
blood-derived mitochondrial DNA copy number,associated with,plasma NFL
cerebrospinal fluid GAP-43,synergistically predicted,plasma NfL
effect of Blood-derived mitochondrial DNA copy number on Alzheimer disease risk,was mediated by,plasma NFL
longitudinal changes in ADAS-Cog scores,were associated with,plasma NfL
plasma 25(OH)D,is not associated with,plasma NfL
sleep quality and cognitive impairment,has potential effect of,plasma NFL
Type 2 diabetes diagnosis,with,plasma NfL levels
episodic memory impairment,is associated with,plasma NfL markers
age,association between,plasma p-tau
BMI,was negatively associated with,plasma p-tau
BMI,was associated with,plasma p-tau
BMI,negatively,plasma p-tau
plasma 25(OH)D,is not associated with,plasma p-tau 181
emergence of amyloid-β pathology,due to,plasma p-tau signal in blood
emergence of amyloid-β pathology,due to,plasma p-tau signal in blood being difficult to determine
non-APOE amyloid GRS,was associated with,plasma p-tau(181) concentrations
race,influence,plasma p-Tau(217) levels
race-associated differences in cerebrospinal fluid p-Tau(181),beyond,plasma p-Tau(217) levels
severity of cognitive impairment,influence,plasma p-Tau(217) levels
volumetric changes in distinct hippocampal subfields,mediate the relationship between,plasma p-tau181 and cognition across the AD continuum
objective,is to assess whether,plasma p-tau181 is differentially associated with volumetric changes in distinct structures of the hippocampal formation
AD-related pathologies,are associated with,plasma p-tau217
baseline and future memory decline,is associated with,plasma p-tau217
pathologies,are associated with,plasma p-tau217
amyloid PET imaging,predictive power compared to,plasma P-tau217 assay
AD clinical stage transition,is associated with,plasma phospho-tau 181
hippocampal atrophy,is associated with,plasma phospho-tau 181
longitudinal cognition,is associated with,plasma phospho-tau 181
strong concordance between their results,is due to,plasma phosphorylated tau 217 serves as a viable biomarker
reduction in tau and synaptic protein module levels,was due to,plasma protease activity
cognitive decline in non-demented individuals,are predicted by,plasma protein biomarkers
cognitive decline in non-demented individuals and the conversion to Alzheimer's disease in patients with MCI,are predicted by,plasma protein biomarkers
conversion to Alzheimer's disease in patients with MCI,are predicted by,plasma protein biomarkers
fine-mapping causal proteins,is related to,plasma protein pathways
co-pathologies,influence,plasma tau biomarkers
Co-pathologies,influence,plasma tau biomarkers
comorbidities,influence,plasma tau biomarkers
medical conditions prevalent in Black adults within the United States,have been associated with,plasma tau phosphorylated at threonine 217
medical conditions,influencing,plasma tau phosphorylated at threonine 217 biomarkers
predictor,was stronger than,plasma tau phosphorylated at threonine 231 (p-tau231)
medial temporal lobe involvement,was associated with,plasma total tau
patterns,were associated with,plasma total tau
mysterious pathology,is associated with,plethora of substantial and biological processes
diseases,are caused by,PM
traumatic brain injury,no causal genetically association between,pneumonia
traumatic brain injury,there was no causal genetically association between,pneumonia
traumatic brain injury,had little causal association with,pneumonia
traumatic brain injury,have little causal association with,pneumonia
traumatic brain injury,was not associated with,pneumonia
bioactive compounds,including,polyphenols
poorer cognition,was associated with,poor sleep quality scores
elevated NfL,was associated with,poorer Alzheimer's disease
worse CSF biomarker profiles,were associated with,poorer cognition
APOE-ε4 and APOE-ε2 carriers,among,poorer cognitive and brain health
stress,were associated with,poorer cognitive and brain health
amyloid burden,is associated with,poorer cognitive outcomes
link,is associated with,poorer cognitive outcomes
elevated HbA1c,was associated with,poorer cognitive performance
elevated HbA1c,was consistently associated with,poorer cognitive performance
greater p-tau217,was exclusively associated with,poorer episodic memory performance
p-tau217,was exclusively associated with,poorer episodic memory performance
plasma amyloid beta,was associated with,poorer hippocampal-dependent memory
higher amyloid positron emission tomography (PET) burden,was associated with,poorer memory
Amyloid positron emission tomography (PET) burden,was associated with,poorer memory at baseline
burden,was associated with,poorer memory at baseline
higher Amyloid positron emission tomography (PET) burden,was associated with,poorer memory at baseline
higher amyloid positron emission tomography (pet) burden,was associated with,poorer memory at baseline
Higher Amyloid positron emission tomography (PET) burden,was associated with,poorer memory at baseline
Higher NfL,was associated with,poorer performance across a range of cognitive domains
higher NfL,was associated with,poorer performance across a range of cognitive domains
greater depressive symptoms,were associated with,poorer working memory
lateral amygdala,was associated with,poorer working memory
lower executive function,was associated with,poorer working memory
lower executive function,were associated with,poorer working memory
Tau amygdala,was associated with,poorer working memory
alterations in lifestyle,are causes of,populations at risk
progression of socio-economic status,are causes of,populations at risk
Alzheimer's disease risk,was influenced through,positive and negative regulatory effects
MR analysis,suggested,positive causal association between liver fibrosis and cirrhosis and Vascular
MR analysis,suggested,positive causal association between Metabolic-dysfunction associated steatotic liver disease and Vascular dementia
results of MR analysis,suggested,positive causal associations between liver fibrosis and cirrhosis and Vascular dementia
sufficiently large reduction in amyloid plaque load,is associated with,positive changes in tau biomarkers and clinical endpoints
company,aims to make,positive impact on the community
new policy,is expected to have,positive impact on the economy
relationships,are either,positive or negative
amyloid beta positron emission tomography (PET),was predicted,positivity
the clinical setting,does not use,positron emission tomography (PET) imaging
further analyses,were conducted to determine,possibility of reverse causal association
comprehension of the impact of oxidative stress on various diseases,enhancing,possible
objective,is to explore,possible causal factors
objective,to explore,possible causal factors for ADRD
possible cause-effect relationships,may be,possible cause of sex differences in hearing difficulty predisposition
shared regulatory mechanisms,may be,possible cause of sex differences in hearing difficulty predisposition
decrease,suggested,possible role of Tau to influence translation in other tissues in worm
risk,is associated with,post-menopausal loss of circulating estradiol (E(2))
predictive edges of the model,positively correlated with,posterior Alzheimer's disease tau
amyloid composite biomarker,is associated with,posterior cingulate gyrus
predictive edges,positively correlated with,posterior cingulate tau
co-localization between plasma proteins abundance and disease risk,was associated with,posterior probability of more than 0.80
risk,was associated with,posterior probability of more than 0.80
lower regional gray matter cerebral blood flow,was associated with,posterior white matter hyperintensities burden
non-APOE amyloid GRS,was associated with,postmortem neuropathologic β-amyloid burden
pathways,influence,potential
MR analysis,demonstrated,potential causal associations
Alzheimer's disease (AD),was investigated for,potential causal associations with MI
multiple sclerosis,was investigated for,potential causal associations with MI
this research,investigated,potential causal link between Methyl-4-hydroxybenzoic acid and Alzheimer's disease
colocalization and transcriptomic analyses,used,potential causal relationship between Alzheimer's disease and colorectal cancer
Mendelian randomization,used,potential causal relationship between Alzheimer's disease and colorectal cancer
approach,assesses,potential causal relationships
genetic variants,to assess,potential causal relationships
genetic variants,are used to assess,potential causal relationships between exposures and outcomes
the approach,assesses,potential causal relationships between exposures and outcomes
two statistically significant inflammatory factors,were found to have,potential causal relationships with AD
evidence,provide,potential causal role of 29 immune response-related biomarkers for 7 conditions
studies,were limited by,potential confounding
individuals suffering from RA,need to be vigilant about,potential emergence of LOAD and PD
insulin dysfunction,has emerged as,potential factor contributing to Alzheimer's disease pathogenesis
Aligning outcome regions with Alzheimer disease stage,resulted in,potential gains in trial efficiency
score,perform well as,potential indicator of treatment efficacy
Mendelian randomization analysis,to appraise,potential influences of 18 neurodegenerative and neuropsychiatric disorders on AD
use of normative reference data,could lead to,potential loss of overall diagnostic accuracy
CeD,through,potential mechanism
mediation effect,highlights,potential mechanism
future research,investigate,potential mediating biological mechanisms
blood metabolites,serve as,potential mediators
causal mediation analyses,were conducted to explore,potential mediators between CSF complement proteins and cognitive changes
predicted affinity,generated hypotheses for,potential metabolic modulation
covariates,control for,potential non-genetic factors influencing AD
findings,were robust to,potential non-linear influences of age
tau spread in neurodegeneration,may be caused by,potential pathway
MR analysis,indicated,potential positive causal relationship between IgA nephropathy and anorexia nervosa
clinical endpoint,for assessing,potential power loss
disease,may hold,potential predictive value
participants,hold,potential predictive value
CSF neutral lipids,can be used as,potential prognostic markers for Alzheimer's disease AD
changes in cerebrospinal fluid (CSF) amyloid-β42 (Aβ42) levels,are associated with,potential role of Aβ42 in modulating neuropsychiatric symptoms in Alzheimer's disease
Regulating miR-497-5p,provides,potential targeted therapy for lung cancer treatment
Tau,may be,potential therapeutic target
downstream glucose metabolism,is associated with,potential therapeutic targets
longitudinal heterogeneous changes in Alzheimer's disease,may influence,potential therapeutic targets
pathways,influence,potential therapeutic targets
this increase in accessibility,is due to,potential to implement them globally
Aβ42/Aβ40 ratio,could be used,potentially
Predicted trajectories as a prognostic covariate,increased,power from 80% to 94.7%
adjusted cutoff,was associated with,"PPA of 85.7% (95% CI 70.6, 93.7)"
APOE ε4,should be considered in,practical application
baseline plasma NfL levels,were negatively associated with,praxis
JARID2,is associated with,PRC2 multi-protein complex
variability,associated with,pre-analytical or physiological confounding factors
cognitive decline,occurs in,pre-dementia stages of Alzheimer's disease
APOE4 testing,contributes to,precision medicine
our results,contribute to,precision medicine approach
participants,with,preclinical AD
plasma biomarkers,during,preclinical AD
standard AD pathologic plasma biomarkers,in predicting,preclinical AD
this sample,in,preclinical AD
researchers,used,Preclinical Alzheimer Cognitive Composite (PACC)
these patterns,predict,Preclinical Alzheimer's Cognitive Composite (PACC) scores
APS2,associated with,preclinical cognitive decline
plasma %p-tau217,associated with,preclinical cognitive decline
cognitive changes,previously reported,preclinical microtubule-associated protein tau gene variant carriers
failure to account for the potential effect of ageing,be due to,preclinical modelling of NDs
pathogenic cascade,during,preclinical stage of AD
subsequent AD pathophysiology,in,preclinical stages
amygdala,due to,preclinical tau deposition
mood symptoms,due to,preclinical tau deposition in the amygdala
Alzheimer's disease,is difficult to,predict
disease,is difficult to,predict
individuals cognitive trajectories,are difficult to,predict
resting-state whole-brain FC,had the ability to,predict amyloid-β PET binding
support vector machines (SVMs),trained to,predict cognition
machines,were trained to,predict cognition directly from imaging regions of interest
SVMs,were trained to,predict cognition directly from imaging regions of interest
ability of the participants,to,predict cognitive decline
distinguish cognitive status,to,predict cognitive decline
participants,had the ability to,predict cognitive decline
PiB-PET measures,were used to,predict cognitive decline
presence of NPS combined with plasma biomarkers,are useful to,predict cognitive decline
machine learning techniques,were utilized to,predict cognitive trajectories
Bisecting GlcNAc,was to be used to,predict future cognitive decline
Bisecting GlcNAc,was to be used to,predict future cognitive decline in patients
platform,is used to,predict individual response to theoretical prevention strategies
platform,is used to,predict individual response to therapeutic intervention strategies
amyloid and tau ability,to,predict risk of mild cognitive impairment
resting-state whole-brain FC,was the ability of,predict tau PET binding
machine learning,is used to,predict tau-PET
machine learning,is used to,predict tau-PET from scalable cost-effective variables
Accelerated Failure Time (AFT) models,were used to,predict time to symptom onset
delirium,is a risk that needs to be,predicted
Spearman's correlation,between,predicted PET binding standard uptake value ratios
biomarkers,influenced,predicting Aβ-positivity
baseline tau burden,contributed to,predicting the magnitude of clinical decline
neuropathological diagnoses,are the basis for,predicting the subtype of future dementias
our findings,contribute to,prediction and therapeutic intervention for major neurodegenerative diseases
bisecting GlcNAc,was to be used for,prediction of future cognitive decline
our findings,might contribute to,prediction of neurodegenerative diseases
genes like SLC25A38,emerged as,predictive
PET-based amyloid-beta measures,of,predictive abilities
pTau181,of,predictive abilities
pTau217,of,predictive abilities
cognitively impaired individuals,in terms of,predictive accuracy
category with highest potential,is for,predictive accuracy of longitudinal cognitive decline
previous studies,have examined,predictive accuracy of plasma amyloid beta (Aβ) biomarkers in clinical cohorts
nodes of heteromodal association areas,were from,predictive edges
Baseline structural MRI,did not mediate,predictive effect of structural MRI
APOE4,may be,predictive factor for treatment efficacy
objective,is to identify,predictive factors for treatment safety
genes like SLC25A38,emerged as,predictive for PD
arterial hypertension,was adjusted for,predictive model
history of stroke,was adjusted for,predictive model
kidney dysfunction,was adjusted for,predictive model
Researchers or investigators,tested,predictive performance of thresholds
plasma GFAP,may be worth further investigation as,predictive risk marker for delirium
analyses,tested,predictive strength of imaging biomarkers
biomarker definitions,offer,predictive value
eGFR,was used to provide,predictive value
low ratio Aβ42/Aβ40,lacked,predictive value
plasma biomarkers,of,predictive value
plasma biomarkers,highlight the,predictive value
eGFR,provided,predictive value for Aβ-positivity
its,assessed,predictive value for cognitive decline
astrocyte activation PRS,assessed,predictive value for cognitive decline and AD biomarkers
eGFR,provided,predictive value for determining Aβ-positivity
serum NfL levels,demonstrated,predictive value for time to clinical Alzheimer's disease presentation
Aetiology-specific biomarkers,would improve,predictive value of the criteria
Cox analyses,evaluated,predictive values
ROC analyses,evaluated,predictive values
AD,is associated with,predisposition
depression,together with,prefrontal and hippocampal tau burden
nodes of heteromodal association areas,particularly within,prefrontal cortices
Tau burden,in,"prefrontal, sensorimotor, and parietal regions"
Lead (Pb) toxicity,has impact at,prenatal and early life stages
AD-associated lysosomal dysfunction,may contribute to,presence of Alzheimer's disease biomarkers
APOE ε4 copy number,was associated with,presence of any CMBs
progression to MCI,was found to be associated with,presence of diabetes
progression to MCI,associated with,presence of diabetes
Parkinson's disease (PD),caused by,presence of Lewy bodies
CSF biomarker profile associated with AD,does not impact,presence of neuropsychiatric symptoms
CSF biomarker profile associated with AD,does not affect,presence of neuropsychiatric symptoms in participants with sCAA
CSF biomarker profile associated with AD,does not impact,presence of neuropsychiatric symptoms in sCAA participants
APOE ε4 copy number,was associated with,presence of no more than 4 CMBs
risk attenuation,was associated with,presence of notable circulating inflammatory cytokines
Alzheimer's disease (AD) pathology,can be predicted by,presence of NPS
cognitive decline,can be predicted by,presence of NPS
Higher NfL and GFAP levels,were associated with,presence of NPS at follow-up
Alzheimer's disease (AD) pathology,can be predicted by,presence of NPS combined with plasma biomarkers
Alzheimer's disease pathology,can be predicted by,presence of NPS combined with plasma biomarkers
Alzheimer's disease pathology,can be predicted using,presence of NPS combined with plasma biomarkers
cognitive decline,can be predicted by,presence of NPS combined with plasma biomarkers
cognitive decline,can be predicted using,presence of NPS combined with plasma biomarkers
CSF amyloid levels,were not associated with,presence of α-syn seed amplification positivity
CSF tau levels,were not associated with,presence of α-syn seed amplification positivity
tau pathogenesis,in,presence of stress/glucocorticoids
greater midlife cognitive activity,is associated with,presence of tau pathology
cognitive decline,is associated with,presence of these factors
disease,was caused by,Presenilin 1 gene V261I and A431E mutations
Dominantly inherited Alzheimer disease,was caused by,Presenilin 1 gene V261I and A431E mutations
neuropathologic phenotype,was associated with,Presenilin 1 gene V261I and A431E mutations
phenotype,was associated with,Presenilin 1 gene V261I and A431E mutations
disorder,caused by,presenilin 1 mutation
pathology,was caused by,presenilin 1 mutation
pre-existing Alzheimer's disease-like pathology,caused by,presenilin 1 mutation
association,was due to,presynaptic dysfunction
a problem,needs to be,prevented or treated
problem,needs to be,prevented or treated
pleiotropic effects,including,prevention of dense core plaque formation
research,aims to contribute to,prevention of neuropsychiatric disorders
this research,aims to contribute to,prevention of neuropsychiatric disorders
this research,aims to contribute to,prevention of neuropsychiatric disorders in patients with IgA nephropathy
potential therapeutic target,for,prevention or treatment of cognitive decline
Tau,may be a potential therapeutic target for,prevention or treatment of cognitive decline associated with substance use
cognitive changes in preclinical microtubule-associated protein tau gene variant carriers,could contribute to,previously reported cognitive changes
cognitive changes in preclinical microtubule-associated protein tau gene variant carriers,is relevant to,previously reported cognitive changes
V337M mutation in MAPT tau,could contribute to,previously reported cognitive changes
significant cognitive deficits,highlight,previously unexplored genetic and sex-related influences on cognition
participants in the DIAN-TU-001 trial,reported,pride in contributing to the DIAN-TU trial
protein tau,is responsible for,primary cause of Alzheimer's disease
changes,were not caused by,primary deficit in synaptic mitochondria
inverse-variance weighting,served as,primary method for causal effect estimation
HD,was associated with,primary visual cortex activity
hearing difficulty,was associated with,primary visual cortex activity
tauopathy,is caused by,prion
gut-CSF transmission,plays a role in,prion diseases
ER stress-associated apoptosis,was associated with,pro-inflammation in cells
DPIN,reduced,pro-inflammatory impact
gut barrier,was affected by,pro-inflammatory impact
DPIN,protected,pro-inflammatory impact of the leaky gut
P-tau/Aβ42 ratio,was associated with,probability of false discovery rate of 0.023
P-tau/Aβ42 ratio,was associated with,probability of false discovery rate of 0.028
disruption,leads to,problems
tau burden,affects,processing speed
Alzheimer's disease pathology,during,prodromal stage
exposure to fine particulate matter (PM(2.5)),influenced,profile of gut microbiota
fine particulate matter (PM(2.5)),partially influenced,profile of gut microbiota
fine particulate matter (PM(2.5)),had a significant influence on,profile of gut microbiota
fine particulate matter (PM(2.5)),had a partial influence on,profile of gut microbiota
characterization,due to,profiles
loss of neurons and synapses,results in,profound decline in cognitive abilities and functional capacity
GFAP,predict,prognosis in ACS
p-tau217,predict,prognosis in ACS
GFAP,are valuable for,prognostic assessment of Alzheimer's disease
plasma p-tau217,are valuable for,prognostic assessment of Alzheimer's disease
conditions,influence,prognostic capacity of plasma NfL
these conditions,influence,prognostic capacity of plasma NfL
APOE4,may be,prognostic factor
initial stage of Alzheimer's disease,provides,prognostic information about Alzheimer's disease
algorithm,predicts,progression
targets,were associated with,progression
biomarkers,were associated with,progression from amyloid PET negative to amyloid PET positive
plasma p-tau-181,can predict,progression from MCI to dementia
plasma p-tau-181,can be used to predict,progression from MCI to dementia
predictive value of instruments commonly used in clinical practice,for,progression from MCI to dementia
predictive value of plasma p-tau-181,for,progression from MCI to dementia
abnormal blood biomarker levels,were associated with,progression from normal cognition to MCI
abnormal blood biomarker levels,associated with,progression from normal cognition to MCI
abnormal blood biomarker levels,are associated with,progression from normal cognition to MCI
abnormal blood biomarker levels of amyloid (Aβ(42)/Aβ(40)),are associated with,progression from normal cognition to MCI
abnormal blood biomarker levels of amyloid (Aβ(42)/Aβ(40)),were associated with,progression from normal cognition to MCI
abnormal blood biomarker levels of neurodegeneration (NfL),are associated with,progression from normal cognition to MCI
abnormal blood biomarker levels of neurodegeneration (NfL),were associated with,progression from normal cognition to MCI
abnormal blood biomarker levels of neuroinflammation (GFAP),are associated with,progression from normal cognition to MCI
abnormal blood biomarker levels of neuroinflammation (GFAP),were associated with,progression from normal cognition to MCI
abnormal blood biomarker levels of p-tau(181),are associated with,progression from normal cognition to MCI
abnormal blood biomarker levels of p-tau(181),were associated with,progression from normal cognition to MCI
preclinical AD,associated with,progression from normal cognition to MCI
abnormal blood biomarker levels,were associated with,progression from normal cognition to MCI during preclinical AD
cognitive biomarkers,to predict,progression in Alzheimer's disease
neuroimaging,to predict,progression in Alzheimer's disease
algorithm,predicts,progression in individuals with complete data
Alzheimer's disease,predicts,progression in patients with amnestic mild cognitive impairment
changes in the MRI,contribute to,progression measurements
specific peripheral immune mediators,may contribute to,progression of AD pathophysiology
specific peripheral immune mediators,identifies,progression of AD pathophysiology
factors,influence,progression of Alzheimer's disease
factors,influence,progression of Alzheimer's disease after individuals become amyloid-positive
high blood glucose level,was associated with,progression of brain glucose hypometabolism
elevated levels of CSF α-synuclein,are associated with,progression of cognitive decline
NPTX2,can significantly predict,progression of cognitive decline
it,did not impact,progression of CSF Aβ42
it,did not impact,progression of CSF p-tau181 status
Core 1 biomarkers,predict,progression of downstream biomarkers and cognition
model,accurately predicts,progression of individuals
model,accurately predicts,progression of individuals to higher stages
trial,was to assess,progression of MCI due to Alzheimer's disease
multidisciplinary lifestyle interventions,has impact on,progression of neurological disorder risk or diagnosis
SAA Seed amplification assay,did not impact,progression of phosphorylated tau181 biomarkers
SAA Seed amplification assay,did not impact,progression of Seed amplification assay Aβ42
populations at risk,are due to,progression of socio-economic status
sex,influences,progression of symptoms
peripheral blood from affected individuals,contributes to,progression of tau-related neuro
peripheral blood from affected individuals,contributes to,progression of tau-related neurodegeneration
peripheral blood from aged P301S tau transgenic mice,contributes to,progression of tau-related neurodegeneration
peripheral blood from aged P301S tau transgenic mice from affected individuals,contributes to,progression of tau-related neurodegeneration
findings,predict,progression to ADD in MCI
biopsy,is predictive of,progression to clinical Alzheimer's disease
baseline p-tau217,were individually associated with,progression to dementia
baseline p-tau217,was associated with,progression to dementia
findings,were associated with,progression to dementia
GFAP,were individually associated with,progression to dementia
higher CSF α-synuclein levels,were associated with,progression to dementia
NfL,were individually associated with,progression to dementia
"RPDPM with the MMSE, clock test, and Lawton's Index",could predict,progression to dementia
t-tau,were individually associated with,progression to dementia
Alzheimer's disease pathology,is associated with,progression to functional impairment
model,accurately predicts,progression to higher stages
Diabetes,was associated with,progression to MCI
higher rates of volume change in the white matter and ventricles,were found to be associated with,progression to MCI
low CSF Aβ42:Aβ40 ratio,was found to be associated with,progression to MCI
low CSF Aβ42:Aβ40 ratio,was associated with,progression to MCI
presence of diabetes,associated with,progression to MCI
presence of diabetes,was identified as being associated with,progression to MCI
medial temporal lobe tau-PET signal,are associated with,progression to mild cognitive impairment
plasma p-tau217,are associated with,progression to mild cognitive impairment
Alzheimer's disease (AD),is characterized by,progressive cognitive decline
Tau,is associated with,progressive cognitive decline
Tau,causes,progressive cognitive decline
Tau,is associated with,progressive cognitive decline in patients with Alzheimer's disease
Parkinson's disease (PD),caused by,progressive loss of dopaminergic neurons in the substantia nigra
Tau phosphorylated at serine-181,is the potential cause of,progressive neurodegeneration
Tau phosphorylated at serine-181,is the marker that could potentially cause,progressive neurodegeneration
well-validated marker,could potentially cause,progressive neurodegeneration
acetylation,occurs in,Progressive Supranuclear Palsy (PSP)
templated seeding,occurs in,Progressive Supranuclear Palsy (PSP)
loss of cholinergic markers,and its,projection targets
loss of cholinergic markers,in,projection targets
blood-based biomarkers,offer,promising approach for detection of neuropathologies from repetitive head impacts
Omega-3 polyunsaturated fatty acids,show,promising results
bioactive compounds including polyphenols,show,promising results in animal studies and clinical trials
development of preE,is associated with,propagation of cis P-tau-mediated abnormal protein aggregation
dysregulation,contributes to,propagation of pathology
dysregulation of lipid composition,causes,propagation of pathology
dysregulation of lipid composition by pathological tau,contributes to,propagation of pathology
dysregulation of lipid composition by pathological tau,leads to,propagation of pathology
dysregulation of lipid composition by pathological tau,results in,propagation of pathology
differences,suggested,proportional and systematic differences
theory,is due to,proposed theory of the glutamatergic system
this theory,is due to,proposed theory of the glutamatergic system as a facilitator of hippocampal synaptic transmission
Alzheimer's disease,no significant genetically predicted causal effect on,prostate cancer
genetically predicted causal effect,is no significant,prostate cancer on Alzheimer's disease
activation of kinases,is caused by,proteases
Higher CSF Aβ42 levels,demonstrated,protective effect
expression of HLA DR on B cells,is associated with,protective effect against AD
high frailty index,is associated with,protective effect for AD
high frailty index,shows,protective effect for AD
findings,may suggest,protective role of HDL-C
Apolipoprotein E (APOE) genotypes,correspond to,protein (ApoE) isoforms
increased protein levels,were mainly associated with,protein degradation
increased protein levels,were associated with,protein degradation
"RPS6KB1, NEFL, and KIM1",as the most important,protein features
increased protein levels,were mainly associated with,protein modification
PRNP mutation,results in,protein truncation at codon 157
cell death,may be caused by,proteinopathy/tauopathy
interruption of trophoblast differentiation,may be caused by,proteinopathy/tauopathy
cis stereo-isoform of phosphorylated tau (cis P-tau),is associated with,proteinopathy/tauopathy disorder
Alzheimer's disease cohort,was influenced by,proteins
analyses,were to identify,proteins
levels,were associated with,proteins
colocalization and Mendelian randomization,investigate,proteins associated with Alzheimer's disease risk
GWAS loci,overlap among,proteins associated with amyloid burden
CSF/Plasma ratio,difference in,proteins associated with Cognitive Status
CSF/Plasma ratio,found a significant difference in,proteins associated with Cognitive Status
bi-directional Mendelian randomization analysis,was performed to study,proteins associated with incident LOAD group
CLMP,include,proteins that appear to decrease as a result of PA
INHBC,include,proteins that appear to decrease as a result of PA
LEP,include,proteins that appear to decrease as a result of PA
LPL,include,proteins that appear to decrease as a result of PA
OGN,include,proteins that appear to decrease as a result of PA
PI3,include,proteins that appear to decrease as a result of PA
PTGDS,include,proteins that appear to decrease as a result of PA
analyses,were to identify,proteins that may mediate the relationship of PA with incident all-cause dementia
subtle increases in specific ubiquitin enzymes,associated with,proteostasis
specific ubiquitin enzymes,associated with,proteostasis in mutation carriers
subtle increases in specific ubiquitin enzymes,detected,proteostasis in mutation carriers
APOE ε4 carriers,compared to,Psy
those with somatic comorbidities,compared to,Psy (15.8 ± 0.4)
CAH,influences,psychiatric outcomes
CAH,causes,psychiatric outcomes
reduced CYP21A2 expression,influences,psychiatric outcomes
reduced CYP21A2 expression,causes,psychiatric outcomes
cognitive category,was associated with,psychological symptoms
lean body mass,was associated with,pTau-181
proteomic indicators of body fat percentage,were associated with,pTau-181
tau PET positivity,was associated with,pTau-181
visceral fat,was associated with,pTau-181
tau PET positivity,was associated with,pTau-217
multifactorial cause,of,public health issue
Alzheimer's disease,are two multifactorial causes of,public health issues
colorectal cancer,are two multifactorial causes of,public health issues
outcomes,are associated with,PVeD
anxiety,significantly impacted,quality of life
depression,significantly impacted,quality of life
music therapy,has been shown to positively influence,quality of life in older adults with Alzheimer's disease dementia
convolutional neural network,uses,quantify differences between longitudinal MRI scan pairs
novel turbidimetric assay,for,quantifying plasma ApoE4
a series of causal mediation analyses,in,R
genetic evidence,indicating that,RA potentially causes an increased risk of developing LOAD and PD
more false positive cases,according to,race
novel cerebrospinal fluid processes,were associated with,race-related plasma p-Tau(217) difference
cardiometabolic health,contributes to,racial ethnic differences in cognitive aging
increased risk of cancer,associated with,radiation exposure
virus,can cause,range of other symptoms
neurodegeneration,in,range of tauopathies
cross-seeding between Aβ and α-synuclein,may contribute to,rapid clinical symptom progression
Sporadic Creutzfeldt-Jakob disease,is a type of,rapidly progressive dementia
immune proteins in peripheral circulation,influence,rate of amyloid-β progression
higher serum IL-6,was not associated with,rate of CD
APOE ε4 carrier status,influenced,rate of change in the PiB-PET measures
cognitive decline,was predicted by,rate of change in the PiB-PET measures
subtypes,were associated with,rate of conversion from mild cognitive impairment to Alzheimer's disease
lipid,most strongly associated with,rate of progression
TG(O-52:2),was the lipid that was most strongly associated with,rate of progression
researchers,examined,rate of tau accumulation in neocortex
genetic variation,predicted,rates of Aβ accumulation
"plasma levels of CAT, CD36 and KRT19",predicted,rates of Aβ accumulation
two-sample Mendelian randomization,predicted,rates of Aβ accumulation
variation,predicted,rates of Aβ accumulation
CSF profiles,were not associated with,rates of cognitive decline
high-amyloid CSF profiles,were not associated with,rates of cognitive decline
Aβ(42)/Aβ(40) ratio in soluble protofibrils,was associated with,ratio in plaques
ApoE-ε4 isoform,associated with,RCMs
impaired lipophagy,was associated with,RCMs
fluid biomarkers,are influenced by,reactive astrogliosis
our results,are influenced by,reactive astrogliosis
pathogenic cascade,influenced by,reactive astrogliosis
pathogenic cascade during the preclinical stage of AD,is influenced by,reactive astrogliosis
results,influenced by,reactive astrogliosis
our results,that,reactive astrogliosis is indicated by different fluid biomarkers
potential intervention strategy,is to,read
myeloid cells 2,express,receptor
traits,suggest,reciprocal influence of Alzheimer's disease on hippocampal volumes
availability of clinically validated biomarkers,increasing,reconceptualisation of ad as a clinical-biological diagnosis
central nervous system involvement,influences,recovery
MS risk,have a causal relationship,red blood cell indices
HMGA1 rs146052672 variant,known to,reduce HMGA1 protein levels
HMGA1 rs146052672 variant,known to,reduce HMGA1 protein levels and increase the risk of insulin resistance and T2D
APOE2 allele,is associated with,reduced Alzheimer's Disease risk
treatment,resulted in,reduced Aβ deposition
increased amyloid-beta deposition,is associated with,reduced balance
ChEIs,were associated with,reduced baseline hippocampal volume
reduction in tau uptake,may be due to,reduced binding affinity to LRP1
elevated C-reactive protein,is associated with,reduced brain Aβ
abnormalities,are due to,reduced capacity to recycle lipids
abnormalities,cause of,reduced capacity to recycle lipids
white matter abnormalities,are due to,reduced capacity to recycle lipids
white matter abnormalities,are caused by,reduced capacity to recycle lipids
white matter microstructural abnormalities,is caused by,reduced capacity to recycle lipids
CAH,reflects,reduced CYP21A2 expression
CAH,causes,reduced CYP21A2 expression
CAH,is caused by,reduced CYP21A2 expression
higher Aβ(1-38) baseline levels,were associated with,reduced dementia conversion risk
ChEIs,were associated with,reduced entorhinal cortical thickness
buildup of amyloid in the brain,can lead to,reduced financial capacity
buildup of cerebral tau,can lead to,reduced financial capacity
increased amyloid-beta deposition,is associated with,reduced gait speed
increased risk of AD,is caused by,reduced levels of FXI
APOE2,is associated with,reduced levels of β-amyloid
increased amyloid-beta deposition,is associated with,reduced muscle strength
lower densities of phospho-Thr(217)-tau,were associated with,reduced neurofibrillary tangles deposition in DLPFC
treatment,resulted in,reduced neuroinflammation
influence of CSF Aβ42 on cerebral glucose metabolism,linked to,reduced neuropsychiatric and depressive symptoms
Met66 carriage,is associated with,reduced neurotrophic support
elevated carotene levels,were associated with,reduced pentose phosphate pathway activity
APP mutation,leads to,reduced production of Aβ
protein-based measures of cardiovascular risk,were associated with,reduced regional brain volumes
"notable circulating inflammatory cytokine, C-X-C motif chemokine 1",associated with,reduced risk
"notable circulating inflammatory cytokine, Interleukin-18",to be associated with,reduced risk
"notable circulating inflammatory cytokine, Monocyte chemoattractant protein-1",to be associated with,reduced risk
genetically predicted high levels of some metabolites,may be associated with,reduced risk Alzheimer's disease
APOE-e4 allele,is associated with,reduced risk of Alzheimer disease
individuals aged 65 years or older,among,reduced risk of Alzheimer disease
individuals aged 65 years or older,in,reduced risk of Alzheimer disease
individuals aged 65 years or older,associated with,reduced risk of Alzheimer disease
individuals aged 65 years or older,especially associated with,reduced risk of Alzheimer disease
statin initiation,was associated with,reduced risk of Alzheimer disease
statin initiation,is associated with,reduced risk of Alzheimer disease
statin initiation,was especially associated with,reduced risk of Alzheimer disease
statin initiation,was especially associated with,reduced risk of Alzheimer disease in the presence of an APOE-e4 allele
genetically predicted cancer,has evidence of vertical pleiotropy with,reduced risk of Alzheimer's disease
genetically predicted high levels of some metabolites,may be associated with,reduced risk of Alzheimer's disease
glutamine,was associated with,reduced risk of Alzheimer's disease
HDL-C,was associated with,reduced risk of Alzheimer's disease
male hormones (excluding testosterone),were associated with,reduced risk of Alzheimer's disease
testosterone,was associated with,reduced risk of Alzheimer's disease
increased CD28(+) CD45RA(-) CD8br AC levels,are associated with,reduced risk of Alzheimer's disease AD
sRANKL levels,had a causal link with,reduced risk of Alzheimer's disease AD
sRANKL levels,has causal link with,reduced risk of Alzheimer's disease AD
sRANKL levels,causal link between,reduced risk of Alzheimer's disease AD
Higher CSF levels of phosphatidylethanolamine PE(40:0),were associated with,reduced risk of Alzheimer's disease beta 42 (Aβ42) positivity in CSF
elevated BT,is associated with,reduced risk of developing ALS
Predicted trajectories,as a prognostic covariate,reduced sample sizes
neuronal hyperplastic AD subtype CSF,led to,reduced tau and synaptic protein module levels
physically active lifestyle,is associated with,reduced tau pathology
missense variants not in direct DNA contact,through,"reduced, target-specific transcriptional activity"
AGB101,is associated with,reducing neurodegeneration
bioavailable testosterone,is a potential target for,reducing the risk of developing ALS
treatments,extend beyond,reduction
these treatments,may extend beyond,reduction in amyloid plaques
treatments,impact of,reduction in amyloid plaques
treatments,extend beyond,reduction in amyloid plaques
treatment,resulted in,reduction in Aβ deposition
reduction in Aβ deposition,resulted in,reduction in neuroinflammation
treatment,resulted in,reduction in neuroinflammation
reduction in internalization of Tau preformed fibrils,leads to,reduction in neuron-to-neuron transmission
intervention,caused,reduction in systolic blood pressure
A allele of rs10774625,is significantly associated with,reduction in the volume of the entorhinal cortex in Alzheimer's disease patients
Alzheimer's disease,is associated with,reduction in the volume of the entorhinal cortex in Alzheimer's disease patients
the treatments,extend beyond,reduction of amyloid plaques
higher cerebral glucose metabolism,was associated with,reductions in both neuropsychiatric and depressive symptoms
higher cerebral glucose metabolism,was associated with,reductions in depressive symptoms
higher cerebral glucose metabolism,was associated with,reductions in neuropsychiatric symptoms
was,removed due to,redundancy
was removed,due to,redundancy
Alzheimer's disease (AD) polygenic risk score,is associated with,region
regional tau,in combination,regional amyloid
CSF p-tau/Aβ42,is associated with,regional grey matter volume
whole brain functional connectivity,predicts,regional tau PET
whole brain functional connectivity,is a better predictor of,regional tau PET
whole-brain FC,predicts,regional tau PET
amyloid protein,contribute to,regional white matter hyperintensities
hypertension,contribute to,regional white matter hyperintensities
Alzheimer disease,is often evaluated in,regions associated with episodic memory impairment
Tau,in,regions implicated in AD
attention mechanism,highlights,regions in the MRI image
Alzheimer's disease,is differentially associated with,regions of the hippocampal formation
baseline plasma p-tau181,is differentially associated with,regions of the hippocampal formation
hippocampal formation structures,are differentially associated with,regions of the hippocampal formation
decrease in CBF and GM volume,in,regions vulnerable to AD
decreased CBF and GM volume,in,regions vulnerable to AD
researchers,used,regression analysis
binding of calcium ions,contributes to,regulation of neuronal activity
hyperphosphorylated tau,contributes to,regulation of neuronal activity
APOE4,might increase the risk of,related neurodegenerative diseases
APOE genotype,may be influenced by,relation of PGF2α with tau Alzheimer's disease markers
AD pathology,is caused by,relationship between ApoE4 and microglia
hypertension,influence,relationship between baseline levels of CSF YKL-40
causal mediation analyses,were used to evaluate,relationship between depression and cognition
cognitive dysfunction,may be related to,relationship between sleep and Aβ
Early Aβ accumulation,may be caused by,relationship between sleep and Aβ
potential effect of plasma NFL,in this association,relationship between sleep quality and cognitive impairment
several proteins,were found to mediate,relationship of PA with all-cause dementia
proteins,may mediate,relationship of PA with incident all-cause dementia
they,mediate,relationship to assess whether plasma p-tau181 is differentially associated with volumetric changes in distinct hippocampal subfields
amyloid-β amyloid-β pathology,impact of,relationships
amyloid-β amyloid-β pathology,has impact on,relationships
brain structure,was involved,relationships
genetic correlations,are caused by,relationships
the brain,becomes susceptible to,relative hypoperfusion
vascular injury,causes,relative hypoperfusion
cytoskeletal degradation,causes,release of neurofilament proteins from degenerated axons into cerebrospinal fluid and plasma
inflammasome,was activated,release of ox-mtDNA
subclinical peripheral health,may influence,"relevant biomarker levels, particularly NfL"
VAMP2,demonstrates,reliability exclusively in Cerebrospinal fluid
Heterogeneity,were then used to evaluate,reliability of all causal estimates
horizontal pleiotropy,were then used to evaluate,reliability of all causal estimates
leave-one-out sensitivity analysis,were then used to evaluate,reliability of all causal estimates
indirect associations,pose a threat to,reliability of biomarker discovery
spurious causal relationships,pose a threat to,reliability of biomarker discovery
spurious causal relationships,pose a threat to,reliability of biomarker discovery for brain disorders
Alzheimer's disease sensitivity analyses,confirmed,reliability of causal estimates
it,establishes,reliable diagnostic tool for Alzheimer's disease (AD)
smaller overlap,is required for,reliable use in clinical applications
GD,had a causal effect on,remaining outcomes
these associations,are causal,remains largely uncertain
traumatic brain injury,may occur after,repetitive head impacts
traumatic brain injury,may be caused by,repetitive head impacts
integration of plasma pTau species with other factors,can enhance,research
NfL,is used in,research
use of NfL,is facilitated in,research
integration of plasma pTau species with other factors,can thus enhance,research utility
health-related comorbidities,impact of,Researchers or study authors
observational studies,are limited due to,residual confounders
bias,due to,residual confounding factors
structural damages caused by variable BP,may reduce,resilience to future dementia-related pathology
Tau knockout,confers,resistance against AβO insult
tau knockout,confers,resistance against AβO insult
puzzling relationship,has been shown to be associated with,resistance to insulin action
apolipoprotein E,impacts,response to Alzheimer's disease
Apolipoprotein E,impacts,response to Alzheimer's disease circulating estradiol supplementation post-menopause
Apolipoprotein E signal,may be associated with,response to C-reactive protein
Apolipoprotein E signal,may be associated with,response to statin
fluctuation amplitudes of node 46,in,resting-state functional MRI dimensionality 100
the concept,is related to,restoring insulin sensitivity
the concept,is that,restoring insulin sensitivity can mitigate neurodegeneration
extent and distribution of future tau accumulation,may be predicted,results
pathogenic cascade during the preclinical stage of AD,is influenced by,results
predicted progression to AD dementia,were similar to,results for the BioFINDER test data
new isoform of the tau protein,is formed due to,retention of intron 12
tau protein,is formed due to,retention of intron 12
W-Tau,is formed due to,retention of intron 12
W-Tau isoform,is formed due to,retention of intron 12
APOE ε4 allele,is associated with,retinal nerve fiber layer thickness
medial amygdala,to,retrosplenial
bioinformatic analyses,were performed,reveal potential mechanisms
causal mediation,were performed,reveal potential mechanisms
proteomic analyses,were performed,reveal potential mechanisms
bias,due to,reverse causality
link,is due to,reverse causality
causal relationships,were validated by,reverse MR analysis
Amyloid-β (Aβ),is associated with,reversion
Tau,is associated with,reversion
amyloid-β (Aβ),associated with,reversion and conversion
Amyloid-β (Aβ),associated with,reversion and conversion
Amyloid-β (Aβ),is associated with,reversion and conversion
amyloid-β (Aβ),is associated with,reversion and conversion
tau,associated with,reversion and conversion
tau,is associated with,reversion and conversion
Tau,is associated with,reversion and conversion
full cohort analysis,in,right temporal tau
full cohort analysis,was associated with,right temporal tau
FTP-PET signal,in,right-dominant fronto-parietal pattern
increasing use of social media,has led to,rise of cyberbullying
challenge,leads to,rising morbidity
AD,is associated with,risk
Cathepsin L (CTSL),is associated with,risk
CRC,associated with,risk
diseases,were caused by,risk
late-life cardiovascular disease,was for,risk
levels,were associated with,risk
those with no apparent cause,to identify,risk
inverse probability weighting adjustment,increased,risk by 15%
Alzheimer's disease pathology,may be influenced by,risk factor
acceleration of brain atrophy,associated with,risk factors
impact,is modulated by,risk factors
progression from normal cognition to MCI,associated with,risk factors
insulin sensitivity,contributed to,risk for Alzheimer's disease
APOE-ε4 allele,is associated with,risk for Alzheimer's disease clinical trials
EL,were not associated with,"risk for developing neurodegenerative diseases (ALS, PD, AD)"
SHBG,were not associated with,"risk for developing neurodegenerative diseases (ALS, PD, AD)"
features,increase,risk for future objective cognitive decline
SCD-plus features,increase,risk for future objective cognitive decline
neuropsychiatric symptoms,may contribute to,risk for progressive decline
APOE ε4 status,is associated with,risk for sporadic AD
AD,was associated with,risk genes
colocalization and transcriptomic analyses,through,risk genes
analysis,identified,risk genes associated with AD
analysis,was conducted to identify,risk genes associated with AD
colocalization analysis,was conducted to identify,risk genes associated with AD
Cerebrospinal fluid biomarkers,are associated with,risk of 4 distinct types Cerebrospinal fluid dementia
neuropsychiatric symptoms (NPS),have been associated with,risk of accelerated cognitive decline
Alzheimer's disease cohort,was being studied for,risk of AD
CYP21A2 deficiency,has the potential to reduce,risk of AD
dietary habits,causal association between,risk of AD
higher genetically predicted RHR,no significant causal effect of,risk of AD
pathways of CYP21A2 deficiency,may reduce,risk of AD
mtDNAcn,influences,risk of AD and PD
adiponectin levels,are associated with,risk of Alzheimer's disease
Australian National University Alzheimer Disease Risk Index scores,predict,risk of Alzheimer's disease
Australian National University Alzheimer Disease Risk Index scores,are used to predict,risk of Alzheimer's disease
Australian National University Alzheimer Disease Risk Index scores,could be used to predict,risk of Alzheimer's disease
blood pressure,had an impact on,risk of Alzheimer's disease
causal effect of entertainment activity factors,was on,risk of Alzheimer's disease
entertainment activity factors,has causal effect on,risk of Alzheimer's disease
fasting insulin,had an impact on,risk of Alzheimer's disease
IS risk gene polymorphisms,were associated with,risk of Alzheimer's disease
IS risk SNPs,were associated with,risk of Alzheimer's disease
modifiable entertainment activity factors,and the,risk of Alzheimer's disease
they,are associated with,risk of Alzheimer's disease
total cholesterol,had an impact on,risk of Alzheimer's disease
these treatments,may also influence,risk of Alzheimer's disease AD-related cognitive decline
ADNI cohort,in,risk of Alzheimer's disease and Alzheimer's disease major indicators
causal relationship,between,risk of Alzheimer's disease and Parkinson's disease
being away from defecation disorders,may help reduce,risk of Alzheimer's disease development
improving constipation,may help reduce,risk of Alzheimer's disease development
APOE ε4 allele copy number,is associated with,risk of amyloid-related imaging abnormalities
metabolic syndrome,associated with,risk of anxiety disorder
metabolic syndrome,is associated with,risk of anxiety disorder
inhibitors,increased,risk of asthma
inhibitors,increased less than,risk of asthmatic pneumonia
Alzheimer's disease,is associated with,risk of cerebral microbleeds
presence of these factors,increases,risk of cognitive decline
free plasma Aβ(1)(-)(42)/Aβ(1)(-)(40) ratio,is associated with,risk of conversion from MCI to dementia within three years
causal relationship between 179 lipid species,and,risk of dementia
causal relationship between the lipid species,and,risk of dementia
elevated neurofilament light,is associated with,risk of dementia
genetically predicted specific-site Osteoarthritis,was not significantly associated with,risk of dementia
glycerolipid,causal effects on,risk of dementia
glycerophospholipid,causal effects on,risk of dementia
Inflammatory bowel disease,no evidence of a causal effect between,risk of dementia
lipid species,causal relationship between,risk of dementia
lipid species,had a causal relationship,risk of dementia
lipid species,had a causal relationship with,risk of dementia
sterol,causal effects on,risk of dementia
neurobiological underpinnings,of,risk of dementia associated with divorce
neurobiological underpinnings,of,risk of dementia associated with widowhood
Apolipoprotein E4,increases,risk of developing AD
bioavailable testosterone,was negatively associated with,risk of developing ALS
targeting bioavailable testosterone,may help reduce,risk of developing ALS
genes,influenced by,risk of developing Alzheimer's disease and other dementias
several genes,have been identified that influence,risk of developing Alzheimer's disease and other dementias
Apolipoprotein E ε4 allele,increases,risk of developing dementia
several genes,have been identified that influence,risk of developing other dementias
PM,has a causal impact on,risk of developing these diseases
genetically predicted Alzheimer's disease,has causal effect on,risk of erectile dysfunction
risk of LBD,associated with,risk of FTD
community setting,in,"risk of future MCI, AD, and all-cause dementia"
common mental diseases,causal associations between,risk of gastrointestinal diseases
IL-6 inhibitors,significantly reduced,risk of idiopathic pulmonary fibrosis
HMGA1 rs146052672 variant,known to increase,risk of insulin resistance and T2D
Sleep apnea,has significant causal effect on,risk of Ischemic stroke
genetically predicted cholesterol,found to reduce,risk of Late-Onset Alzheimer's Disease
metabolic syndrome,is associated with,risk of major depression
brain tau deposition,increases,risk of MBI
proteins in blood,increase,risk of MBI
levels of circulating inflammatory cytokines,have causal nexus with,risk of neurodegenerative diseases
species of immune cells,causal relationship between,risk of neurodegenerative diseases
species of immune cells,was between,risk of neurodegenerative diseases
adiponectin levels,are associated with,risk of Parkinson's disease
accumulation rates,may influence,risk of reaching clinically relevant Alzheimer's disease biomarker levels
CRF-related differences,influence,risk of reaching clinically relevant Alzheimer's disease biomarker levels
APOE ε4 allele status,impacts,risk of side effects from anti-amyloid beta antibody treatment
traumatic brain injury,was causally associated with,risk of some complications
amyloid-induced tauopathy,is a condition associated with,RNA metabolism
nucleoplasm compartment,in,RNA processing
they,involved in,RNA processing
they,were involved in,RNA processing
ALZ-801,leads to,robust decrease in amyloid-induced brain neurode
ALZ-801,leads to,robust decrease in amyloid-induced brain neurodegeneration
MR analyses,provided,robust evidence for the causal effects of genetic liability for Alzheimer's disease
systematic review,provides,robust genetic evidence
connections,was ascertained,robustness
leave-one-out sensitivity analysis,confirmed,robustness of the causal effect estimations for genetically predicted DLB
leave-one-out sensitivity analysis,confirmed,robustness of the causal effect estimations for genetically predicted MS
leave-one-out sensitivity analysis,confirmed,robustness of the causal effect estimations for genetically predicted PD
analysis,supported,robustness of the observed association
intraperitoneal administration of streptozotocin,is widely used in,rodent models
intraperitoneal administration of streptozotocin,is used in,rodent models
Alzheimer's disease,is associated with,role of Aβ(1-38)
Alzheimer's disease progression,is influenced by,role of LDL-C
microglia activation,is caused by,role of microtubule-associated protein Tau pathology
sex difference,in the association between,RPS6KB1 and all-cause dementia
eXtreme Gradient Boosting machine learning algorithm,also identified,"RPS6KB1, NEFL, and KIM1"
BBB integrity,influenced,s-p-tau181 levels
markers of renal function,influenced,s-p-tau181 levels
proteins associated with incident LOAD group,includes,S100A13
proteins associated with incident LOAD group,include,S100A13
S3,is an alternative representation of,S2
AD,have a relationship similar to,S3
removed because it is redundant with S3,removed because it is redundant with,S3
S13,is an alternative way of expressing,S3
AD,is similar to,S9
AD,causal effects on risk of,SA
CAD,causal effects on risk of,SA
stroke,causal effects on risk of,SA
change in clinical Seed amplification assay,was associated with,SAA
Human apolipoprotein E isoforms,have opposing impacts on,sAD
Functional Alzheimer's disease,is enhanced,safety
therapies,are concerning due to,safety concerns
Alzheimer's disease,may be caused by,same factors
colorectal cancer,may be caused by,same factors
Alzheimer's disease pathology,aggravate,same symptoms synergistically
Alzheimer's disease pathology,may aggravate,same symptoms synergistically
cerebral small vessel disease,aggravate,same symptoms synergistically
cerebral small vessel disease,may aggravate,same symptoms synergistically
diseases,contribute to,same symptoms synergistically
diseases,aggravate,same symptoms synergistically
magnitude of clinical decline,was predicted in,sample of atypical early AD patients
Predicted trajectories as a prognostic covariate,reduced,sample sizes
Tau proteins,are pathological due to,SARS-CoV-2 nucleocapsid protein
AMYPAD,was positively associated with,SBP
S3,offers,scalability and durability
S3,offers,scalable and durable object storage
S3,provides,"scalable, durable, and highly available object storage"
baseline plasma Aβ(42),may predict,SCD progression
cross-sectional global cognition,in all but the,SCD subgroup
Individuals with Subjective cognitive decline,reflecting,SCD-plus features
subjective cognitive decline,reflecting,SCD-plus features
causal relationship,was found with,schizophrenia
ferritin,no causal association found between,schizophrenia
IVW analysis of the study,suggested that,schizophrenia is associated with an increased risk of all-cause dementia
five microbial taxa,influencing,sCJD risk
these biomarkers,might thus facilitate,screening of participants for future primary prevention trials
clinical trials,require,screening on entry
analysis,goal of,scrutinize the causal correlation between 338 Cerebrospinal fluid biomarkers and the danger of 4 dementia categories
early levels of cortical amyloid aggregation,were found in,secondary amyloid positron emission tomography analyses
early levels of cortical amyloid aggregation,were detected in,secondary amyloid positron emission tomography analyses
synaptotoxic tau,was present in,secretomes of induced pluripotent stem cell-derived neurons
synaptotoxic tau,was present in,secretomes of induced pluripotent stem cell-derived neurons from people with Trisomy 21
brain tissue,harboring,seeding-competent early tau multimers
tau positron emission tomography measures,were associated with,semantic fluency
cognitive outcome measures,are unclear in the extent to which they,sensitive
causal relationships,were validated by,sensitivity analyses
Twenty-one GMs,passed,sensitivity tests
Apolipoprotein E4,may be associated with,sensitivity to the anti-anxiety effects of metformin
male sex,may be associated with,sensitivity to the anti-anxiety effects of metformin
original sentence,was not,sentence
disease,highlighted,sequential impact of pathology on cognition
Amyloid-related imaging abnormalities,are associated with,serious complications
Amyloid-related imaging abnormalities,can lead to,serious complications
Alzheimer's disease,is associated with,serum ANGPT-2
Alzheimer disease biomarkers,were associated with,serum metabolites
association,was associated with,serum metabolites
blood-derived mitochondrial DNA copy number,was associated with,serum metabolites
serum metabolites,were associated with,serum metabolites
Mendelian randomization approach,for,seven of them
Alzheimer's disease,influenced by,several factors
Alzheimer's disease progression,is influenced by,several factors
cognitive decline,is associated with,several factors
lower volume of hippocampus,is one of,several factors
progression of Alzheimer's disease,is influenced by,several factors
risk of cognitive decline,is associated with,several factors
Alzheimer's disease and other dementias,are influenced by,several genes
developing conditions,risk of,several genes
risk of developing Alzheimer's disease and other dementias,is influenced by,several genes
these conditions,are influenced by,several genes
APOE ε4 allele,influences,several NPS
NULISAseq proteomic analysis,identified,several plasma biomarkers
Mendelian randomization in the reverse direction,indicated,several proteins
Mendelian randomization in the reverse direction,indicated that,several proteins are not the direct causes of the disease
Mendelian randomization,in the reverse direction indicated,several proteins were not the direct causes of the dementia
Mendelian randomization in the reverse direction,were not for indicating,several proteins were not the direct causes of the disease
amyloid beta deposition,increased,severe presynaptic dysfunction
interaction between amyloid beta and cortical Aβ deposition,caused,severe presynaptic dysfunction
PP,resulted in,severe presynaptic dysfunction
IS risk gene polymorphisms,were associated with,severity of Alzheimer's disease in Alzheimer's disease patients
peripheral interleukin-6,is associated with,severity of Behavioral and psychological symptoms of dementia in AD
abstract reasoning,was associated with,sex
AD pathology,is influenced by,sex
amyloid-tau interval,was influenced by,sex
APOE -ε4 status,influence,sex
APOE-ε4 effects,were not influenced by,sex
biomarker levels,were associated with,sex
BMI,influenced by,sex
effects of depressive symptom trajectories on cognition,were influenced by,sex
effects of depressive symptom trajectories on dementia risk,were influenced by,sex
longitudinal trajectories,are influenced by,sex
plasma biomarker levels,could be influenced by,sex
progression of AD pathology,is influenced by,sex
sex,interaction on,sex
sex interaction,on,sex
symptom progression,is influenced by,sex
Tau accumulation,was not influenced by,sex
timing of amyloid and tau PET positivity,was influenced by,sex
trajectory of AD pathology,is influenced by,sex
brain function,may contribute to,sex differences in hearing difficulty predisposition
brain structure,may contribute to,sex differences in hearing difficulty predisposition
brain structure and function,may be a possible cause of,sex differences in hearing difficulty predisposition
cause-effect relationships,may influence,sex differences in hearing difficulty predisposition
possible cause-effect relationships,may have a role in,sex differences in hearing difficulty predisposition
possible cause-effect relationships,may be involved in,sex differences in hearing difficulty predisposition
possible cause-effect relationships,may be a factor in,sex differences in hearing difficulty predisposition
possible cause-effect relationships,contribute to,sex differences in hearing difficulty predisposition
possible cause-effect relationships,may influence,sex differences in hearing difficulty predisposition
shared regulatory mechanisms,may be involved in,sex differences in hearing difficulty predisposition
shared regulatory mechanisms,contribute to,sex differences in hearing difficulty predisposition
shared regulatory mechanisms,may influence,sex differences in hearing difficulty predisposition
Cardiovascular disease and its components,had no impact on,sex effects
cardiovascular disease and its components,had no impact on,sex effects
cardiovascular disease and its components,did not influence,sex effects
APOE -ε4 status,influence,sex interaction on APOE -ε4 status
APOE -ε4 status,influence of,sex interaction on APOE -ε4 status
it,influences,sex-dependent disease manifestations
heterogeneity of AD,is due to,sex-specific neuropathological features
individuals with the APOE-ε4 gene,showed,sex-specific vulnerability to BMI's impact on brain health
colocalization analysis,determined,shared causal genetic variants
evidence,showed,shared causal variant between Alzheimer's disease with cerebral microbleeds and white matter hyperintensities
concept of 3 Type 3 Diabetes,has led to,shared features
BMTs,exhibit,shared genetic architecture
subset of BMTs,exhibit,shared genetic architecture
cerebral blood flow,role of,shared mechanism
hearing difficulty predisposition,may be caused by,shared regulatory mechanisms
coexistence,may be caused by,shared risk factors
findings,contribute to,shedding light on neurodegenerative diseases
our findings,contribute to,shedding light on the prediction for the diseases
findings,contribute to,shedding light on the prediction for the neurodegenerative diseases
findings,contribute to,shedding light on the therapeutic intervention for the neurodegenerative diseases
Tau accumulation,is associated with,short term clinical progression
dementia subtype,influenced,short-term benefits in depressive symptoms
dementia subtype,influenced,short-term benefits in depressive symptoms and quality of life
dementia subtype,influenced,short-term benefits in quality of life
p-tau/Aβ(42),is the only marker that predicts,short-term conversion to DLB
High TH levels,are associated with,shortened lifespan
this,resulted in,shorter Digital Clock Drawing Test think-time
This,resulted in,shorter Digital Clock Drawing Test think-time
Blood NfL levels,were associated with,shorter survival
CSF NfL levels,were not associated with,shorter survival
CSF biomarker concentrations,change after,shunt insertion
APOE ε4 allele,increases the risk of,side effects from anti-amyloid beta antibody treatment
CSF proteome analyses,can identify,signals associated with the AD pathological process
its removal,resulted in,significant age effect
removal of group status,resulted in,significant age effect
removal of group status from the model,resulted in,significant age effect
biomarker assessments,showed,significant amyloid beta
men,showed,significant association with all-cause dementia
analyses,showed,significant associations
analyses,showed,significant associations of neurodegenerative diseases with mitochondrial protein gene variants
protein tau,has gained,significant attention
two-sample MR analyses,identified,significant causal associations
IVW,identified,significant causal associations between genetic liability to OCD and increased risk of AD
evidence,supporting,significant causal associations between micronutrients and mental health
goal,was to validate,significant causal associations identified in the two-sample MR analyses
Alzheimer's disease OPG levels,no,significant causal relationship
financial analysts,predict,significant decline in the company's stock price
ε4 allele haplogroup,was associated with,significant decrease in APOE ε4 protein levels in CSF
measure translation,resulted in,significant decrease in neuronal translation
T231 phosphorylation mimetic strain,having,significant decrease in neuronal translation
CSF/Plasma ratio,found,significant difference
advanced immunoassays,show,significant elevations in plasma total tau (t-tau) early in traumatic brain injury
IL6R gene,is associated with,significant genome-wide associations with C-reactive protein
amyloid-β positive participants,did not have,significant impact
temperatures,did not have,significant impact
three freeze-thaw cycles,did not have,significant impact
growing recognition,of,significant impact of motor dysfunction in individuals affected by Alzheimer's disease
its implementation,is expected to have,significant impact on the economy
policy,is expected to have,significant impact on the economy
this,will have,significant impact on the field of study
restructuring,resulted in,significant increase in productivity
apolipoprotein E (APOE) ε4 allele,exerts,significant influence on neuroinflammation
apolipoprotein E (APOE) ε4 allele,exerts,significant influence on peripheral inflammation
Alzheimer's disease AD,may exert,significant influence on vasculature
forward MR analyses,identified,significant or suggestively statistical causal effects
baseline Neurofilament Light,showed,significant predictive value
Aβ,results in,significant role of BF atrophy
higher adherence to both diets,was associated with,significantly better cognitive scores
combination of pathological T-tau and NfL,was associated with,significantly increased risk of clinical progression
UVMR analysis,revealed,significantly positive causal association between RA and late-onset (LO) AD
increasing depressive symptoms in men,were associated with,significantly steeper rates of cognitive decline
Down syndrome,increases the risk of,similar pathology in the general population
inverse-variance weighting,supplemented by,simple mode methods
potential power loss for detecting treatment effect,was assessed by,simulation
power loss,was assessed by,simulation
sparse testing,was assessed by,simulation
phenotypic diversification,is predicted by,simultaneous progression along multiple axes
effect of LBD on colon cancer,was influenced by,single factor
effect of LBD on colon cancer,influenced by,single factor
effect of LBD on colon cancer,was influenced by,"single factor, total cholesterol"
disease,is caused by,single genetic mutation
assessments of depressive symptoms,based on,single time point
Alzheimer's disease (AD),is not,single-cause disease
potential causal relationships,between,six different types of immune cells
proteins,showed causal associations with,six downstream proteins
loci,are associated with,SLC39A11 genes
development of AD,was influenced by,sleep
biological mechanisms,by which,sleep and APOE ε4 influence the development of AD
increased body temperature,led to,sleep deprivation
Apolipoprotein E ε4,combination of,sleep disorders
Apolipoprotein E ε4,together can lead to,sleep disorders
Apolipoprotein E ε4,and,sleep disorders
Apolipoprotein E ε4,interaction between,sleep disorders
Apolipoprotein E ε4,interact with,sleep disorders
cognitive decline,was associated with,sleep disorders disorder
APOE ε4 allele,is associated with,sleep disturbance
Alzheimer's disease and related dementias,are associated with,sleep disturbances
Apolipoprotein E ε4,interacted with,sleep disturbances
cognitive decline,associated with,sleep impairment
greater baseline tau in Braak 4 region,was associated with,sleep impairment
tauopathy,associated with,sleep impairment
regulation of interstitial and cerebrospinal fluid (CSF) tau levels,is influenced by,sleep-wake cycle
those with no apparent cause,observed,slightly steeper cognitive decline
higher Aβ(1-38) levels,were associated with,slower CDR-SB
antidiabetic medication,was associated with,slower cognitive decline
antidiabetic medication,was linked to,slower cognitive decline
depression,associated with,slower cognitive decline
low baseline functioning,was associated with,slower cognitive decline
visual impairment,associated with,slower cognitive decline
higher plasma carotenoid concentrations,were associated with,slower cognitive decline in APOE ε4 carriers
higher β-amyloid scores,were associated with,slower global cognitive decline
Higher Aβ(1-38) levels,were associated with,slower PACC
AGB101,is associated with,slowing entorhinal cortex atrophy
findings,were inconsistent,small cohort sizes
inconsistent findings,because,small cohort sizes
age and apoE ε4 adjustments,provided,small improvement in predictive power
imputation of biomarker values outside limit of quantitation,provided,small improvement in predictive power
multi-modal lifestyle intervention,improves,small vessel disease
higher p-tau,associated with,smaller amygdala
higher t-tau,associated with,smaller amygdala
lecanemab,resulted in,smaller decline on measures of cognition and function
lecanemab,resulted in,smaller decline than the placebo
Lecanemab,resulted in,smaller decline than the placebo on measures of cognition and function
higher p-tau,associated with,smaller hippocampus
higher t-tau,associated with,smaller hippocampus
causal associations,were not influenced by,SNPs
causal associations,were not affected by,SNPs
multivariable MR analyses,were performed to determine whether,SNPs contributed to breast cancer risk
two-sample Mendelian randomization (MR) analyses,were performed to determine whether,SNPs contributed to breast cancer risk
medical conditions,are influenced by,social determinants of health
minoritized groups,because of,social determinants of health
these associations,is influenced by,sociodemographic factors
atrophy and decline,are triggered by,soluble Aβ dyshomeostasis
EM decline,are triggered by,soluble Aβ dyshomeostasis
MTL longitudinal atrophy,are triggered by,soluble Aβ dyshomeostasis
imbalance,be due to,soluble species
models,were associated with,somatization
APOE ε4 carriers,compared to,SomCom
cognitive abilities,to,some extent
latent causal variable analysis,showed that,some of these genetic correlations could be due to cause-effect relationships
amyloid beta (Aβ) deposition,in,some pathological stages
DLB,can be predicted by,something
LPCAT2,played a causal role for,something
Plasma tau phosphorylated at threonine 231,predicted,something
studies in brain organoids,revealed,something
Total tau,predicted,something
PD motor progression,is caused by,something else
SNPs,are significantly associated with,SPARE-AD
potential power loss,was due to,sparse testing
potential power loss,due to,sparse testing
potential power loss for detecting treatment effect,due to,sparse testing
power loss,due to,sparse testing
deep predictive neural network,exploit,spati
association of PET with measures of cognition,is associated with,spatial distribution of tau
measures of cognition,associated with,spatial distribution of tau
PET,is associated with,spatial distribution of tau
PET,associated with,spatial distribution of tau
tau,associated with,spatial distribution of tau
usefulness of PET,is associated with,spatial distribution of tau
usefulness of PET,associated with,spatial distribution of tau
synapse disruption in the hippocampus,was associated with,spatial learning deficits
lower hippocampal volume,was associated with,spatial memory decline
deep predictive neural network,is built to exploit,spatiotemporal dynamics
model performance,was assessed using,Spearman's correlation
model performance,was assessed using,Spearman's correlation between predicted and observed PET binding standard uptake value ratios
imbalance,might be due to,species
imbalance,might be due to,species heterogeneity
CSF biomarker profile,does not impact,specific cognitive domains
CSF biomarker profile associated with AD,does not impact,specific cognitive domains
causal relationship,between,specific dietary factors
elucidating the causal relationship,between,specific dietary factors and Alzheimer's disease risk
apolipoprotein E ε4 allele,are present,specific disease processes
Hcy,depending on,specific disease processes
causal inference analyses,identified,specific gene-disease links
cerebral small vessel disease conditions,are associated with,specific inflammatory cytokines
Alzheimer's disease pathogenesis,is caused by,specific lipid metabolites
Application of WZ4003 to live human brain slice cultures,results in,specific lowering of p-tau Ser356
brain Aβ burden,is associated with,specific microbial taxa
multidomain intervention,enhances,specific neurophysiological activities associated with memory function
motor severity,were associated with,specific α-synuclein topographies
visual hallucinations,were associated with,specific α-synuclein topographies
Aβ deposition,is modulated by,specific risk factors
grey matter volume,is modulated by,specific risk factors
its impact,is modulated by,specific risk factors
genes like SLC25A38,emerged as,specifically
Genes like SLC25A38,were highly predictive,specifically
genes like SLC25A38,emerged as,specifically predictive for PD
apolipoprotein E (ApoE) isoforms,impact of,sporadic Alzheimer's disease
chronic inflammation-driven mechanism,may cause,sporadic neurological disorders
microtubule-associated protein tau pathology,progresses due to,spreading of misfolded microtubule-associated protein tau
progression of microtubule-associated protein tau pathology,is due to,spreading of misfolded microtubule-associated protein tau along neuronal networks
Misfolded tau proteins,is associated with,spreading through functional connections
Misfolded tau proteins,in,spreading through functional connections
dynamic changes in plasma NfL levels,are associated with,SSD
findings,are associated with,SSD
findings,suggest that,SSD is associated with cognitive deterioration over a 2-year period
model,is capable of accurately predicting,stage progression
model,accurately predicts,stage progression of individuals
model,can accurately predict,stage progression of individuals
process,treat each item as,standalone sentence
Proteomic markers in plasma,did not add predictive value to,standard AD pathologic plasma biomarkers
Alzheimer disease (AD) dementia,is associated with,statin initiation
APOE ε4 allele,is associated with,statin initiation
Apolipoprotein E locus,with,statin treatment
PCA modeling,is a type of,statistical analysis
reverse MR analyses,identified,statistical causal effects of genetically predicted AD
difference in blood biomarkers between the two groups,was not,statistically significant
difference in NfL concentration between the two groups,was not,statistically significant
conversion from MCI to dementia,was associated with,statistically significant association
NE3107,was associated with,statistically significant improvements in ADAS-Cog11
NE3107,was associated with,statistically significant improvements in the Alzheimer's disease Score
NE3107,was associated with,statistically significant improvements in the Clinical Dementia Rating
NE3107,was associated with,statistically significant improvements in the Quick Dementia Rating Scale
higher tau burden,was associated with,steeper decline in memory and speed
higher baseline pTau-181,was associated with,steeper declines in total gray matter volume
longitudinal increases in plasma NTA-tau levels,were associated with,steeper decrease in cognition
longitudinal increases in plasma NTA-tau levels,were associated with,steeper decrease in cortical thickness
longitudinal increases in plasma NTA-tau levels,were associated with,steeper decreases in cortical thickness and cognition
it,is associated with,steeper decreases in hippocampal volumes over time
higher plasma NfL levels,were associated with,steeper increases in ADAS-Cog scores
it,is associated with,steeper increases in ADAS-Cog scores
longitudinal increases in plasma NTA-tau levels,were associated with,steeper longitudinal decreases in cognition
longitudinal increases in plasma NTA-tau levels,were associated with,steeper longitudinal decreases in cortical thickness
apathy,was associated with,steeper rise in plasma neurofilament light chain
predictive nomogram,was constructed using,stepwise backward regression method
predictive abilities,were investigated using,stepwise regression analyses
agent,has the ability to,stimulate stress management and repair pathways
hydralazine,has the ability to,stimulate stress management and repair pathways
cerebrospinal fluid (CSF) C1q,is associated with,sTREM2
CSF C1q levels,association between,sTREM2 levels
CSF C1q levels,associated with,sTREM2 levels
methods,were used to,strengthen findings
negative external stimuli,can generate,stress
recruitment of Tau proteins,into,stress granules
Tau pathogenesis,is likely caused by,stress/glucocorticoids
death,following,stroke
It,contributes to,stroke
it,contributes to,stroke
Neuroinflammation,contributes to,stroke
neuroinflammation,contributes to,stroke
BD-tau,is associated with,stroke diameter
molecular docking,predicted,strong binding affinity to PDK1
subsequent molecular docking,predicted,strong binding affinity to PDK1
plasma phospho-tau 217 measured by Lumipulse platform,demonstrated,strong predictive power
platform,demonstrated,strong predictive power
APOE4 carriers,were associated with,stronger amyloid-β and tau
activation of caspase signal pathway,was the reason for,stronger apoptosis
men,showed,stronger association with all-cause dementia
higher sTREM2,with,stronger associations in women
P-Tau measures,are associated with,stronger cognitive functions
combining pTau-217 and NTA-tau,resulted in,strongest agreement with the tau PET-based classification
observational investigations,suggest that,structural and diffusion imaging-derived phenotypes (IDPs)
observational investigations,suggest that,structural and diffusion imaging-derived phenotypes (IDPs) are associated with major neurodegenerative diseases
Previous observational investigations,suggest that,structural and diffusion imaging-derived phenotypes (IDPs) are associated with major neurodegenerative diseases
disorder,results in,structural brain changes
modifications,lead to,structural changes in tau
baseline flortaucipir F 18 PET regional patterns,associated with,structural MRI grey matter volumes
goal,was to identify,structural MRI grey matter volumes associated with longitudinal changes in each cognitive domain
impact of TNF-α on amyloidogenic processes in AD,needs to be,studied
"participants in S5, S6, and S7",were studied,studied
amyloid-β,included,study
BCHE-K carrier status,impact of,study
excluding outliers,after,study
individuals,were included in,study
measurements,were made in,study
model,in,study
participants,were in,study
plasma proteome,was of,study
researcher,conducting,study
researchers,were conducting,study
two-sample Mendelian randomization (MR) approach,used,study
WRAP,included,study
IVW,using,study causal association genetically inferred of Alzheimer's disease on prostate cancer
AD progression,may be influenced by,sub haplotypes
amyloid,was associated with,subcortical atrophy
these factors,used to distinguish between,subjective cognitive decline
community setting,in,subjective cognitive decline reflecting SCD-plus features
increased risk,was associated with,Subjective cognitive decline reflecting SCD-plus features
"risk of future MCI, AD, and all-cause dementia",was associated with,Subjective cognitive decline reflecting SCD-plus features
vascular and amyloid pathologies,have synergistic influence on,subsequent AD pathophysiology
amyloid pathologies,have independent influence on,subsequent AD pathophysiology in preclinical stages
vascular pathologies,have independent influence on,subsequent AD pathophysiology in preclinical stages
lateral temporal FDG PET,are most strongly associated with,subsequent ADAS-cog decline
volume,are most strongly associated with,subsequent ADAS-cog decline
Aβ accumulation,was associated with,subsequent cognitive decline
Tau positron emission tomography (PET) scan,is associated with,subsequent cognitive decline
indirect associations,can mislead,subsequent decision-making
indirect associations and spurious causal relationships,potentially misleading or incurring bias in,subsequent decision-making
indirect associations or spurious causal relationships,can potentially mislead or incur bias in,subsequent decision-making
spurious causal relationships,can incur bias in,subsequent decision-making
spurious causal relationships,potentially misleading,subsequent decision-making
spurious causal relationships,potentially incurring bias in,subsequent decision-making
indirect associations and spurious causal relationships,potentially misleading or incurring bias in,subsequent decision-making for brain disorders
baseline plasma p-tau217,associated with,subsequent decline in global cognition
longitudinal plasma p-tau217,associated with,subsequent decline in global cognition
burden,was associated with,subsequent declines
Amyloid positron emission tomography (PET) burden,was associated with,subsequent declines in global cognition
burden,was associated with,subsequent declines in global cognition
higher amyloid positron emission tomography (PET) burden,was associated with,subsequent declines in global cognition
Higher Amyloid positron emission tomography (PET) burden,was associated with,subsequent declines in global cognition
higher Amyloid positron emission tomography (PET) burden,was associated with,subsequent declines in global cognition
Amyloid positron emission tomography (PET) burden,was associated with,subsequent declines in language
higher amyloid positron emission tomography (PET) burden,was associated with,subsequent declines in language
Higher Amyloid positron emission tomography (PET) burden,was associated with,subsequent declines in language
higher Amyloid positron emission tomography (PET) burden,was associated with,subsequent declines in language
Higher Amyloid positron emission tomography (PET) burden,was associated with,subsequent declines in language and memory
higher Amyloid positron emission tomography (PET) burden,was associated with,subsequent declines in memory
higher amyloid positron emission tomography (PET) burden,was associated with,subsequent declines in memory
Higher Amyloid positron emission tomography (PET) burden,was associated with,subsequent declines in memory
Higher Amyloid positron emission tomography (PET) burden,was associated with,"subsequent declines in memory, language, and global cognition"
cerebrospinal fluid GAP-43 and plasma NfL,predicted,subsequent gray matter atrophy
early tau deposition,predicts,subsequent hippocampal atrophy
early tau pathology,is predictive of,subsequent memory decline
early tau pathology,is predictive of,subsequent neurodegeneration
mechanisms,leading to,subsequent neuronal dysfunction
mechanisms,do not lead to,subsequent neuronal dysfunction
mechanisms driving Tau aggregation,lead to,subsequent neuronal dysfunction
Tau aggregation,leads to,subsequent neuronal dysfunction
cognitive decline,associated with,substance use
the prevention or treatment of cognitive decline,associated with,substance use
findings,indicate,substance-specific influence on Tau dynamics
brain tissue,was associated with,substantial alterations
brain tissue harboring seeding-competent early tau multimers,is associated with,substantial gene expression alterations across diverse cell types
traumatic brain injury GFAP,were associated with,substantial trauma-associated elevations
traumatic brain injury NfL,were associated with,substantial trauma-associated elevations
traumatic brain injury t-tau,were associated with,substantial trauma-associated elevations
traumatic brain injury UCH-L1,were associated with,substantial trauma-associated elevations
pre-analytical factors,can cause,substantial variability in the measurements of cerebrospinal fluid (CSF) and plasma biomarkers of Alzheimer's disease (AD)
deep predictive neural network,generate,subtype assignment probability on an individual basis
Alzheimer's disease,can be identified by,subtype features
clinicians,can predict,subtype of future dementias
clinicians,predict,subtype of future dementias
neuropsychiatric symptoms associations,predict,subtype of future dementias
neuropsychiatric symptoms associations,to predict,subtype of future dementias
predictive power of p-tau 217,is emerging as,superior to that of other isoforms
predictive power of p-tau 217,has been emerging as,superior to that of other isoforms
biomarker models,were compared to,support vector machines
biomarker models,to,support vector machines (SVMs)
higher baseline tau,in the,supramarginal region
plasma BD-tau levels,were associated with,survival
movement along specific principal axes,predicts,survival at 36 months
movement along specific principal axes,predicts,survival at 36 months in individual pathological groupings
clinical features,are related,survival outcomes in CRC
Plasma p-tau199,had an effect on,survival time
subjective cognitive decline,was significantly associated with,survival time to MCI
subjective cognitive decline,was associated with,survival time to MCI
degree of inter-individual variability,is due to,susceptibility
inter-individual variability,is due to,susceptibility
inter-individual variability,is caused by,susceptibility
inter-individual variability,is due to,susceptibility and integrity of BBB function
acetylation,impacts,susceptibility of pathologic tau to templated seeding
acetylation,impact on,susceptibility of pathologic tau to templated seeding in diseases like Alzheimer's disease (AD) and Progressive Supranuclear Palsy (PSP)
inter-individual variability,is due to,susceptibility to biological influences
baseline tau,was negatively associated with,SV2A at FU across regions
biomarker models,were compared to,SVMs
these biomarker models,compared to,SVMs
AD-nonspecific inflammation markers,were not associated with,symptom onset
AD-nonspecific neurodegeneration markers,were not associated with,symptom onset
age at tau PET positivity,strongly predicted,symptom onset
age at tau positivity,was used to estimate,symptom onset age
individuals with an estimated age at tau positivity,had their,symptom onset age estimated
several modifiable risk factors,influenced,symptom progression
sex,influences,symptom progression
modifiable risk factors,were associated with,symptom progression in dementia
heterogeneity,was due to,symptomatic and histopathologic factors
findings,were inconsistent,symptomatic and histopathologic heterogeneity
characterization,is challenging due to,symptoms
CSF Aβ42 levels,were associated with,symptoms
head impacts,induced,symptoms
head impacts attained during a boxing fight,induce,symptoms
it,may also reduce,symptoms
p-tau aggregates in the frontal cortex,associated with,symptoms
clinical characterization,is challenging,symptoms and profiles
accumulation of p-tau aggregates,are associated with,symptoms especially in the frontal cortex of CTE
p-tau aggregates,are associated with,symptoms especially in the frontal cortex of CTE
accumulation of p-tau aggregates,are associated with,symptoms in CTE
p-tau aggregates accumulation,associated with,symptoms in CTE
accumulation of p-tau aggregates,are especially associated with,symptoms in the frontal cortex of CTE
it,reduce,symptoms induced by head impacts attained during a boxing fight
brain changes,prior to,symptoms onset
pathways,connecting,synapse physiology
pathways connecting amyloidosis,associated with,synapse physiology
pathways connecting amyloidosis with mental disorders,are associated with,synapse physiology
pathways connecting amyloidosis with the anchored component of the plasma membrane,are associated with,synapse physiology
signalling pathways,are associated with,synapse physiology
accumulation and aggregation of Tau,cause,synaptic dysfunction
accumulation and aggregation of Tau,is the cause of,synaptic dysfunction
brain signatures,were associated with,synaptic dysfunction
changes,but not,synaptic dysfunction
changes,lead to,synaptic dysfunction
degeneration and shrinkage of neurons,result in,synaptic dysfunction
Extracellular MTBR/R' tau MTBR/R' tau,is associated with,synaptic dysfunction
identified subnetwork,may be associated with,synaptic dysfunction
mice expressing mutant human amyloid precursor protein (APP),caused,synaptic dysfunction
neuroinflammation,leads to,synaptic dysfunction
accumulation and aggregation of Tau,is the cause of,synaptic dysfunction and neuronal degeneration
accumulation and aggregation of Tau,causes,synaptic dysfunction and neuronal degeneration
early transition to an A + phenotype (A + T-N-),primarily impacts,synaptic function
evolving amyloid pathology,derived,synaptic impairments
plasma protease activity,contributes to,synaptic protein depletion
spatial learning deficits,were associated with,synaptic tau accumulation in the hippocampus
SNAP25,are proteins associated with,synaptic vesicles
VAMP2,are proteins associated with,synaptic vesicles
other synaptic proteins,such as,"synaptotagmins, GAP43, and SNAP25"
AD,is caused by,synaptotoxic tau
movement along specific principal axes,in a,syndrome-specific manner
synucleinopathies,in,synPC1 and synPC4 pattern scores
migraine,has bidirectional causal relationships with,systemic diseases
Proteinopathy/tauopathy,cause,systemic features of disorders
disease severity,is associated with,systemic inflammation
causal associations,involving,systemic inflammatory markers
body,impacts,systems
CSF pTau181,is not an indicator of,T Alzheimer's disease
plasma BD-tau levels,outperforming,t-tau and NfL
peripheral tissue contributions,due to,T-tau does not work well as AD biomarker
peripheral tissue contributions,due to,T-tau is not a good biomarker for AD
significant decrease in neuronal translation,in the,T231 phosphorylation mimetic strain
HMGA1 rs146052672 variant,increase the risk of,T2D
this meta-MR and MR analysis,revealed no significant causal association between,T2DM and AD
autophagy impairment,was reversed by,TA-3
lysosomal stress,reversed by,TA-3
Cortical Aβ,causes,tangle accumulation
cognitive impairment,is not caused by,tangle deposition
effect of ALZ-801 on reducing plasma p-tau(181) over 2 years,demonstrates,target engagement
modifying Alzheimer's disease and related dementias risk,is associated with,targeting rapid eye movement latency
risk of Alzheimer's disease and related dementias,can be reduced by,targeting rapid eye movement latency
Alzheimer's disease cognition,is impacted by,tau
amyloid beta,like,tau
analysis,was done for,tau
Aβ,interact with,tau
Aβ,is associated with,tau
Aβ,are associated with,tau
association of PET with measures of cognition,is associated with,tau
core fluid biomarkers,are associated with,tau
cortical thickness,mediated by,tau
factors,associated with,tau
measures of cognition,associated with,tau
mice,expressing,tau
mutant human amyloid precursor protein (APP),and,tau
neuropathologies,include,tau
p-tau217,is associated with,tau
PET,is associated with,tau
PET measures,included,tau
phosphorylation,impacts,tau
predictive edges,negatively associated with,tau
predictive edges,negatively associated to,tau
presence of amyloid beta,associated with,tau
tau-induced neuronal injury,is caused by,tau
these pathways,may identify,Tau
treatments targeting various species of amyloid beta protein,affects,tau
usefulness of PET,is associated with,tau
usefulness of PET,associated with,tau
ability,was to predict,tau (18F-flortaucipir) PET binding
Caspase 3-mediated cleavage,led to,tau (TauC3)
MARK family kinases,contribute to,tau abnormalities in Alzheimer's disease
MARK family members,contribute to,tau abnormalities in Alzheimer's disease
APOE4 allele,is less associated with,tau accumulation
bile acids (bas),impact,tau accumulation
bile acids (bas),influence,tau accumulation
cardiovascular disease and its components,had no impact on,tau accumulation
chronic pain,leads to,tau accumulation
CSF levels of SMOC1,are associated with,tau accumulation
disorder,is associated with,tau accumulation
functional connectivity,influences,tau accumulation
glucose metabolism,is influenced by,tau accumulation
loss of cholinergic markers,was associated with,tau accumulation
loss of cholinergic markers,was caused by,tau accumulation
loss of cholinergic markers,due to,tau accumulation
MARK4,caused,tau accumulation
MARK4,is the only MARK isoform that causes,tau accumulation
MARK4,is the isoform that causes,tau accumulation
plasma levels of SMOC1,are associated with,tau accumulation
Progressive Supranuclear Palsy,associated with,tau accumulation
Progressive Supranuclear Palsy,is associated with,tau accumulation
SNP-rs6922617,is not associated with,tau accumulation
SNP-rs6922617,is associated with rather than,tau accumulation
worse myelin decrease,and thus,tau accumulation
SMOC1,is associated with,tau accumulation in plasma and CSF
functional connectivity,influences,tau accumulation on glucose metabolism
functional connectivity,partially influenced by,tau accumulation on glucose metabolism
phosphorylation,impact on,tau aggregation
phosphorylation,has an impact on,tau aggregation
neferine,influences,tau aggregation/dissociation
specific amino acid domains of tau,associated with,tau aggregation/dissociation
amyloid accumulation,has causal relationship with,tau alteration
factors,influencing,tau Alzheimer's disease
gender-specific factors,influence,tau Alzheimer's disease
gender-specific factors,influencing,tau Alzheimer's disease
genetic factors,influence,tau Alzheimer's disease
genetic factors,influencing,tau Alzheimer's disease
PGF2α,relation of,tau Alzheimer's disease markers
neuroinflammation measured by circulating GFAP,is independently associated with,tau Alzheimer's disease pathology
basal and lateral amygdala,the,Tau amygdala
basal and lateral amygdala,was associated with,tau amygdala
cognitive decline,is predicted by,Tau and neurodegeneration
plasma protease activity,contributes to,tau and synaptic protein depletion
plasma protease activity,causes,tau and synaptic protein depletion
these pathways,identify,Tau as a potential therapeutic target
these pathways,identify,Tau as a valuable biomarker
comorbidities,influence,Tau blood biomarkers
more advanced Alzheimer's disease pathology,represented by,tau burden
neurobiological changes,include,tau burden
neuropsychiatric symptoms,were associated with,tau burden
underlying neurobiological changes,including,tau burden
underlying neurobiological changes,include,tau burden
understanding factors,associated with,tau burden
plasma protease activity,contributes to,tau depletion
Alzheimer's disease pathology,is associated with,tau deposition
amyloid,has an impact on,tau deposition
females,have an impact on,tau deposition
males,have impact on,tau deposition
processes associated with Alzheimer's disease pathology,include,tau deposition
sex,may impact,tau deposition
sex,has an impact on,tau deposition
plasma biomarkers,were associated with,tau deposition in the amygdala
influence,is on,Tau dynamics
substance,influences,Tau dynamics
substance-specific influence,is on,Tau dynamics
autophagy impairment,was caused by,Tau expression
lysosomal stress signs,were associated with,Tau expression
plasma samples,were analyzed for,tau fragments
age-related inflammatory signaling,drives,tau hyperphosphorylation
Alzheimer's disease (AD),is characterized by,tau hyperphosphorylation
increasing apathy over time,was associated with,tau in regions implicated in AD
Mild Behavioral Impairment,was not associated with,tau in the Braak I region
Traditional Oriental Medicines,cause the dissociation of,tau K18 aggregates
Traditional Oriental Medicines,cause the inhibition of,tau K18 aggregation
data,indicate that,tau may exert a significant influence on vasculature in the setting of AD
disease,is caused by,tau neurofibrillary tangles
two constructs,in the absence of,tau overexpression
interactions between Tau,are presumably influenced by,Tau partners
interactions between Tau,influence,Tau partners
factors,contribute to,tau pathogenesis
presence and absence of stress/glucocorticoids,are factors that contribute to,tau pathogenesis
aberrant changes in phosphorylation,lead to,Tau pathological dysregulation
amyloid beta,combined with,tau pathologies
apolipoprotein E,influences,tau pathologies
mice expressing mutant human amyloid precursor protein (APP),caused,tau pathologies
new drug discovery avenue,targeting,tau pathologies
AD,is influenced by,tau pathology
Alzheimer's disease,is associated with,Tau pathology
Alzheimer's disease,is associated with,tau pathology
Alzheimer's disease pathogenesis and progression,via,tau pathology
APOE genotype,influences,tau pathology
Apolipoprotein E,impacts,tau pathology
biomarker,is associated with,tau pathology
changes in cognitive function,are caused by,tau pathology
cognitive decline,is associated with,Tau pathology
cognitive deficits,are associated with,Tau pathology
CSF α-synuclein,is associated with,tau pathology
CSF β2-microglobulin,associated with,tau pathology
CSF β2-microglobulin,was associated with,tau pathology
disruption of brain insulin pathways,contributes to,tau pathology
Hcy levels,were independently associated with,tau pathology
it,can lead to,tau pathology
JARID2,is associated with,tau pathology
molecular pathways,influencing,tau pathology
α-synuclein,is influenced by,tau pathology
β-amyloid accumulation,leads to,Tau pathology
plasma protein levels,have causal effect on,Tau pathology
receptor,is associated with,tau pathology
spatial Amyloid beta (Aβ) pathways,influencing,tau pathology
variants,were associated with,tau pathology
hyperphosphorylated tau pathology,leads to,tau pathology aggregation
physical activity,moderates,tau pathology impact
physically active lifestyle,reduces,tau pathology impact
physically active lifestyle,may reduce,tau pathology impact
spatial pathways,influencing,tau pathology in Alzheimer's disease
affective neuropsychiatric symptoms,associated with,tau pathology levels in plasma
affective neuropsychiatric symptoms,were not associated with,tau pathology levels in plasma
apathy,associated with,tau pathology levels in plasma
apathy,were not associated with,tau pathology levels in plasma
association between CSF C1q and sTREM2 levels,impacted,tau pathology progression
association between CSF C1q and sTREM2 levels,had an impact on,tau pathology progression
CSF C1q and sTREM2 levels,impacted,tau pathology progression
CSF C1q levels,had impact on,tau pathology progression
CSF C1q levels,impacted,tau pathology progression
sTREM2 levels,had impact on,tau pathology progression
sTREM2 levels,impacted,tau pathology progression
Ng's low incongruency,with,tau pathophysiology
ADNI,with,tau PET
higher total NPI scores,up to 2 years prior to,tau PET
risk of decline,is predicted by,Tau PET
amyloid PET imaging,predictive power compared to,tau PET imaging
whole-brain FC,meaningfully predicts,tau PET in preclinical Alzheimer's disease
NTA-tau,was associated with,tau PET positivity
tau-PET-positivity rate among memory clinic patients above the cutoffs,would be,tau PET scan predictive rate
models,were developed to predict,tau PET signal
analysis,was done for,tau phosphorylated at different sites
Aβ deposition,associated with,tau phosphorylation
Aβ deposition,are upstream events,tau phosphorylation
Cortical Aβ,causes,tau phosphorylation
rise in GFAP,associated with,tau phosphorylation
rise in GFAP,are upstream events,tau phosphorylation
plasma biomarkers,to predict,tau positivity in Aβ+ individuals
Alzheimer's disease (AD) polygenic risk score,is associated with,tau positron emission tomography (PET)
genetic loci,associated with,tau positron emission tomography (PET)
cardiovascular disease health,has limited influence on,tau progression
internalization of Tau preformed fibrils,leads to,Tau propagation
W-Tau peptide,is formed from,tau protein
W-Tau peptide,originates from,tau protein
Alzheimer's disease pathology,is characterized by,tau protein accumulation
cognitive decline in patients with Alzheimer's disease,is associated with,tau protein accumulation
disease,is associated with,tau protein accumulation
cognitive impairment,is not caused by,tau protein activation of major tauKs
cognitive impairment,is not caused by,tau protein hyperphosphorylation
tau protein cortical CDK5/p25,contributed to,tau protein of working memory
Alzheimer's disease,is associated with,tau protein pathology
AD-related molecular networks,were impacted by,tau protein seeds injections
SARS-CoV-2 nucleocapsid protein,causes,Tau proteins pathological changes
tau burden,up to two years before,tau sampling
analysis,was done for,tau species
Alzheimer disease,is associated with,tau spread extent
Aβ,was associated with,tau tangles
APOE ɛ4,was associated with,tau tangles
LATE-NC,than,tau tangles
plasma Aβ(42/40) ratio,showed positive associations with,tau uptake
Mild Behavioral Impairment,was associated with,tau uptake in Braak I
Mild Behavioral Impairment,was associated with,tau uptake in Braak III
aged P301S tau transgenic mice,contributed to,tau-associated brain pathology
peripheral blood,contributed to,tau-associated brain pathology
peripheral blood from aged P301S tau transgenic mice,contributed to,tau-associated brain pathology
changes,but not,tau-induced neurodegeneration
tau pathologies,caused,tau-induced neuroinflammation
tau pathologies,caused,tau-induced neurotoxicity
accumulation of Tau and Aβ in 6xTg mice,was associated with,Tau-mediated lysosomal stress and autophagy impairment
combination of amyloid beta and tau pathologies,leads to,tau-mediated neurodegeneration
baseline p-tau217,associated with,tau-PET
findings,were associated with,tau-PET
GFAP,associated with,tau-PET
NfL,associated with,tau-PET
t-tau,associated with,tau-PET
high baseline NTA-tau levels,are predictive of,tau-PET accumulation
baseline p-tau217,was associated with,tau-PET changes
GFAP,was associated with,tau-PET changes
network,is closer to,tau-PET locations
cognitive resilience,was associated with,tau-PET signal
Neuronal Pentraxin proteins,are associated with,tau-related pathology in Alzheimer's Disease
Alzheimer's disease risk score (PRS),was not associated with,tau-SUVR
pathological tau burden,is contributed to by,tau's change in spatial extent and density of pathology
interventions,aimed at,tau's impact Alzheimer's disease cognition
interventions,aimed at,tau's impact on Alzheimer
interventions,aimed at,tau's impact on Alzheimer's disease cognition
phosphorylation,has an impact on,tau's structural flexibility
participants,were nor,Tau+/Tau+
mice,were models of,Tau4RTg2652
Calcineurin inhibition,on,TauO
its influence,on,TauO
HMGA1 deficiency,contributes to,tauopathies
traumatic brain injury,is associated with,tauopathies
absence of overexpression of hAPP,leads to,tauopathy
absence of overexpression of human tau with disease-associated mutations,leads to,tauopathy
co-occurring phospho-epitopes,associated with,tauopathy
co-occurring phospho-epitopes,are associated with,tauopathy
co-occurring phospho-epitopes in the insoluble fraction,are associated with,tauopathy
development of preE,associated with,tauopathy
insoluble fraction,is associated with,tauopathy
insoluble fraction,associated with,tauopathy
phospho-epitopes,co-occurring,tauopathy
prion,causes,tauopathy
tau secretion,linked to,tauopathy
co-occurring phospho-epitopes in insoluble fraction,are associated with,tauopathy in aged mice
phospho-epitopes in the insoluble fraction,are associated with,tauopathy in aged mice
mice,were models of,tauopathy P301S PS19
AmylPC1,is associated with,tauPC1
proteins associated with incident LOAD group,includes,TBCA
proteins associated with incident LOAD group,include,TBCA
overall goal,was to investigate how,TBI and PTSD influence Amyloid-β associated network hypersynchrony expression
second locus,is associated with,TBX18
astrocyte activation,is associated with,TDP-43
GFAP,is associated with,TDP-43
risk,had protective causal effects from,tea intake
amyloid-β positive participants,did not have a significant impact,temperatures
assembly structure,cannot serve as,template for a native monomer
pathologic tau,is susceptible to,templated seeding
pathology,is caused by,templating misfolding and aggregation of endogenous Tau
Cortical Aβ,is associated with,temporal and frontal lobes regions
baseline in vivo tau burden,in,temporal brain regions
increased blood levels of homocysteine,are associated with,temporal cortical thinning
dvCA1(Calb1-) neurons,were associated with,temporal-order discrimination
excitability and firing patterns,were associated with,temporal-order discrimination
neurons,were associated with,temporal-order discrimination
baseline protein biomarkers,were stratified into,"tertiles (low, intermediate, and high)"
patients,require,testing
PCSK9,are likely causal proteins for,TG
lipid,identified as,TG(O-52:2)
lipid most strongly associated with the rate of progression,was found to be,TG(O-52:2)
amyloid,was associated with,thalamus atrophy
the disease,causes,the accumulation
preclinical tau deposition,in,the amygdala
cerebrospinal fluid Aβ-42,was associated with,the analysis
Phosphorylated Tau (p-Tau),was associated with,the analysis
Twenty-one GMs,were derived from,the analysis
Alzheimer's Disease pathology,is influenced by,the apolipoprotein E type
Core Alzheimer's Disease biomarkers,were associated with,the association
this association,was found in,the Atherosclerosis Risk in Communities (ARIC) study
CSF p-tau,is independent of,the atrophy and decline
Aβ-positivity,was predicted through,the biomarkers
amyloid-β (Aβ) plaques,in,the brain
APOE,influences,the brain
APOE,influences in two ways,the brain
brain regions,located in,the brain
neurofibrillary tangles (NFTs),in,the brain
pathological deposition of hyperphosphorylated tau,in,the brain
no/mild constipation,is associated with,the burden
recovery,is influenced by,the central nervous system
Lec-PF,may explain the mechanism of,the clinical effect of lecanemab
"invasiveness, high costs, and restricted accessibility",because of,the clinical setting does not use cerebrospinal fluid (CSF) biomarkers and positron emission tomography (PET) imaging
BF atrophy,is caused by,the complex
Aβ,results in,the complex pathway
restoring insulin sensitivity,can be used to support,the concept
Non-neurodegenerative causes,of,the condition
α-synuclein,is associated with,the condition
neuroinflammatory processes,in,the cultures
Amyloid-beta PET quantitation,is determined by,the data type
new car,from,the dealership
FTP-PET signal,was associated with,the decline
RHI exposure,is a possible explanation for,the differences
several proteins,were not,the direct causes of the disease
Aβ42 levels,are associated with,the disease
genes,cause,the disease
Lower Aβ42 levels,are associated with,the disease
lysosomal stress,is associated with,the disease
plasma levels of HGF,have a negative causal relationship with,the disease
Presenilin 1 gene,caused,the disease
Presenilin 1 gene A431E mutations,caused,the disease
Presenilin 1 gene V261I mutations,caused,the disease
several proteins,are not direct causes of,the disease
several proteins,were not the direct causes of,the disease
Tau,is not the cause of,the disease
the genes,caused,the disease
Resveratrol,exerted,the effect
behaviour,is adversely influenced by,the effects
cognition,is adversely influenced by,the effects
causal relationship,was not supported by,the evidence
analysis,supported,the fact that LBP caused PD
the evidence,supported,the fact that LBP caused PD
affective Neuropsychiatric symptoms severity,based on,the functional connectivity strength
the apolipoprotein E gene,is the gene being studied,The gene
neurodegeneration,is caused by,the genes
this,has led to,the hypothesis that amyloid deposition initiates downstream responses
the goal,was to investigate,the impact of micronutrients on cognitive biomarkers
Tau expression,caused,the impairment
mechanisms,are mainly those that are attributed to,the influence
multiple big tau isoforms,expands,the known human tau repertoire
multiple big tau isoforms,expand,the known human tau repertoire
increased tau PET ligand uptake,in,the lateral temporal and inferior temporal lobes
the Neuropsychiatric symptoms,and,the left supramarginal and angular gyri
TG(O-52:2),was identified as,the lipid
TG(O-52:2),was identified as,the lipid most strongly associated with the rate of progression
neocortical tau accumulation,in,the locations
this influence,may be one of,the many factors contributing to adverse outcomes
increase in tau aggregates,in,the media
Amyloid-β,was included in,the model
removal of group status,from,the model
removing group status,from,the model
WRAP,was included in,the model
clinical outcomes,were predicted by,the models
sporadic late-onset variants,causes of,the more prevalent
greater self-CFI,in,the NEO
greater tau,in,the NEO
the functional connectivity strength,between,the Neuropsychiatric symptoms
ALS,does not appear to have a causal relationship with,the other neurodegenerative diseases examined
tau spread in neurodegeneration,may be caused by,the pathway
Alzheimer's disease,may be influenced by,the pathways
this mediation effect,highlights,the potential mechanism through which CeD increases the risk of developing MS
lack of access to healthcare services,contributes to,the problem
Alzheimer's disease,is caused by,the protein tau
carrier of APOE-4,was associated with,the proteins
Carriers of APOE-4,were associated with,the proteins
Thr(217) and Ser(262),were identified as,the ptau sites with greatest influence in cognitive impairment
Thr(217) and Ser(262),were identified as,the ptau sites with greatest influence in neurofibrillary tangles accumulation
TG(O-52:2),was most strongly associated with,the rate of progression
the treatments,may extend beyond,the reduction
the treatments,may extend beyond,the reduction in amyloid plaques
two cytokines,identified between,the relationship
several proteins,were found to mediate,the relationship of PA with all-cause dementia
Mendelian randomization,from,the reverse direction
several genes,have been identified,the risk of developing conditions
AD,are caused by,the same factors
CRC,are caused by,the same factors
it,was included together in,the same model
Alzheimer's disease pathology,may aggravate,the same symptoms synergistically
cerebral small vessel disease,may aggravate,the same symptoms synergistically
plasma protein biomarkers,could predict,the same thing
pathology,is caused by,the seeds
individuals,were included in,the study
prognostic capacity of plasma NfL,in,the study
Researchers or investigators,conducting,the study
two-sample MR analysis,employed by,the study
progression,was associated with,the targets
alterations,were associated with,the tissue
improved motor behavior,due to,the treatment
individuals,were from,the TRIAD cohort
imbalance,might be due to,the two
possible causal relationships,between,the two
overlapping symptoms and profiles,between,the two conditions
blood biomarkers,difference in,the two groups
age,was the cause of,the variance
millions of people,around,the world
machine learning,to determine,their ability to predict meaningful clinical outcomes
predictive accuracy of blood-based biomarkers for Amyloid beta,strongly supports,their clinical implementation with disease-modifying therapies
Aβ pathology,are associated with,their complex pathophysiology
tau pathology,are associated with,their complex pathophysiology
Parkinson disease patients,were tested to see how,their disease status predicted clinical outcomes
genetic evidence,employed to investigate,their impact
assays,need to be standardized,their impact of AD clinical research
each biomarker,lost,their individual predictive ability
factors,were evaluated to assess,their influence on brain amyloidosis biomarker concentrations
factors,were evaluated to assess,their influence on diagnostic performance
numerous factors,can influence,their progression
interest,is due to,their scalability
each,being one of,them
each subtype,is one of,them
individual response,can be predicted,theoretical prevention and therapeutic intervention strategies
individual response,can be predicted,theoretical prevention strategies
APOE4 status,influences,therapeutic efficacy
controversy,due to,therapeutic efficacy of Aβ-focused interventions
our findings,contribute to,therapeutic intervention for neurodegenerative diseases
individual response,can be predicted,therapeutic intervention strategies
genetic variants,identify new,therapeutic targets
these conditions,is no causal link between,there
it,is unclear if,there is a causal link between these conditions
further investigation,is necessary,therefore
reduced capacity to recycle lipids,results in,these abnormalities
reduced capacity to recycle lipids,causes,these abnormalities
Alzheimer's disease pathology,is caused by,these accumulations
age,are the factors that are associated with,these associations
APOE ε4 allele carriership,are the factors that are associated with,these associations
associations,characterising,these associations
causal mediation analyses,were conducted to detect,these associations
establishing blood biomarker reference ranges,is important for,these associations
linear mixed effects models,were conducted to detect,these associations
multivariate linear regression,were conducted to detect,these associations
sex,are the factors that are associated with,these associations
it,is currently unclear whether,these associations reflect causal relationships
Researchers,compared,these biomarker models
SVMs that were trained to predict cognition directly from imaging regions of interest,were compared to,these biomarker models
multidisciplinary lifestyle interventions,impact on,these biomarkers
researchers,examined whether,these biomarkers were associated with cognitive decline
Alzheimer's disease immunosenescence,is associated with,these changes
predictive model,accounted for,these comorbidities
time to clinical Alzheimer's disease presentation,after adjustment for,these comorbidities
participants,were included,these conditions
prognostic capacity of plasma NfL,was influenced by,these conditions
prognostic capacity of plasma NfL,is influenced by,these conditions
large number of genetic and environmental factors,are associated with,these diseases
sIL-6R,exerts influence on,these diseases
sIL-6R,exerts a significant influence on,these diseases
sIL-6R,exerts significant influence on,these diseases
molecular connection,between,these domains
transcriptional changes,associated with,these early small tau multimers
causal relationships,among,these elements
Alzheimer's disease pathology,is associated with,these errors
learning deficits,do not contribute to,these errors
amyloid beta positron emission tomography (PET) positivity,was predicted using,these factors
Amyloid beta positron emission tomography (PET) positivity,using,these factors
assessment of horizontal pleiotropy,suggested that,these factors did not distort the causal estimates
sensitivity analysis,suggested that,these factors did not distort the causal estimates
how,remains unclear,these factors differentially disrupt neural circuits
considering sex differences in APOE-ε4's association with AD biomarkers,is emphasized by,these findings
disease course,can be predicted,these findings
need to consider gene-environment interactions,is emphasized in,these findings
measurement techniques,contributed to,these inconsistencies
strategies,target,these issues
limits,the broad adoption of,these therapies
limits,the broad adoption of,these therapies across the Alzheimer's disease population
Aβ and tau pathology,associated with,these two cardinal neuropathologies
APOE ε4,influenced by,They
diagnosis,are not available,they
prognosis,are not available,they
populations,are at risk,they have apolipoprotein E ε4
higher plasma GFAP levels,were associated with,thinner cortical thickness
Apolipoprotein E signal,be associated with,third factor
association,may be due to,third factor
Alzheimer's disease,is for,this
comparisons,confirmed,this
group-wise comparisons,confirmed,this
partial-volume effect,is because of,this
Vascular dementia (VaD),could benefit from,this
characteristics and prevalence of AD,are in,this area
apolipoprotein E ε4 allele,was associated with,this change
haplotype-dependent increases in 4R tau mRNA,might play a causal role in,this disorder
haplotype-dependent increases in 4R tau mRNA,play a causal role in,this disorder
increases,play a causal role in,this disorder
increases in 4R tau mRNA,play a causal role in,this disorder
cognitive decline,are caused by,this disruption
neuropsychiatric symptoms,are caused by,this disruption
early intervention,occurs during,this interval
widespread misuse of antibiotics,has contributed to,this problem
Lead (Pb) toxicity,impact of,this review
lipid metabolism,is influenced by,this risk factor
elevated amyloid deposition,in,this sample
Mendelian randomization,used in,this study
obesity,is associated with,this study
predictive value of plasma NfL,was evaluated in,this study
those,are the same as,those
causal effect estimates obtained via BWMR method,are consistent with,those based on IVW approach
increases in plasma phosphorylated tau,were significantly smaller than,those detected by high-molecular-weight p-tau assays
brain network alterations in Alzheimer's disease continuum cases,were disentangled from,those in normal elderly individuals
AL index,in,those progressing to mild dementia due to Alzheimer's disease (AD)
mechanisms by which lead affects neurodevelopment,are mainly,those that are attributed to the influence of lead on the movement of calcium ions
factors that influence the progression of Alzheimer's disease after individuals become amyloid-positive,are the same as,those that influence the progression of Alzheimer's disease
low physical activity,compared to,those who were not carriers
APOE ε4 carriers,have a higher proportion of,those with no apparent cause
APOE ε4 carriers,is found in,those with no apparent cause
APOE ε4 carriers,higher frequency of in,those with no apparent cause
it,might be used to identify,those with no apparent cause
lower plasma Aβ42,is associated with,those with no apparent cause
those with no apparent cause,is the same as,those with no apparent cause
trend towards steeper cognitive decline,is associated with,those with no apparent cause
trend towards steeper cognitive decline,is found in,those with no apparent cause
those with somatic comorbidities,compared to,"those with no apparent cause (15.8 ± 0.7, p = 0.032)"
it,might be used to identify,those with no apparent cause risk
amyloid-tau interval,did not influence,those with older age at amyloid or tau PET positivity of cognitive decline
those with no apparent cause,compared to,those with somatic comorbidities
those with no apparent cause,compared to,those with somatic comorbidities SomCom
indirect associations or spurious causal relationships,can pose,threat to reliability of biomarker discovery for brain disorders
Amyloid-β biomarkers,among,three categories
best predictive ability for longitudinal cognitive decline,among,three categories
neuroimaging biomarkers,among,three categories
Tau biomarkers,among,three categories
amyloid-β positive participants,did not have a significant impact on,three freeze-thaw cycles
amyloid-β positive participants,did not have a significant impact,three freeze-thaw cycles
temperatures and up amyloid-β positive participants,did not have a significant impact on,three freeze-thaw cycles
classification,resulted in,three groups
association,with,three leading causes of NDs
biomarkers of aging,association between,three leading causes of NDs
inverse variance weighting (IVW) with random or fixed effect,including,three MR statistical methods
MR-Egger regression,including,three MR statistical methods
Weighted Median Method,including,three MR statistical methods
APOE abundance,was associated with,three subcortical volumes
cognitive decline in Parkinson's disease patients,over,time
differences,are associated with,time
differences between longitudinal MRI scan pairs,are associated with,time
Longitudinal MRI scan pairs,associated with,time
pairs,are associated with,time
pairs,associated with,time
the pairs,are associated with,time
predictive model,was for,time to clinical Alzheimer's disease presentation
predictive model,demonstrated value for,time to clinical Alzheimer's disease presentation
serum glial fibrillary acidic protein levels,predict,time to clinical Alzheimer's disease presentation
Serum NfL levels,demonstrated predictive value for,time to clinical Alzheimer's disease presentation
serum NfL levels,demonstrated predictive value for,time to clinical Alzheimer's disease presentation
amyloid-tau interval,did not influence,time until symptom onset after tau PET positivity
APOE-ε4,influenced,timing of amyloid and tau PET positivity
sex,influenced,timing of amyloid and tau PET positivity
differences in the temporal pattern of tau accumulation,might influence,timing of drug administration in clinical trials
CAH,via,tissue-specific pathways
psychiatric outcomes,via,tissue-specific pathways
Alzheimer's disease,is associated with,TNIP1/GPX3 locus
genetic association,through,TNIP1/GPX3 locus
studies,was the goal of,to assess causal relationships
assays,need to be standardized,to maximize their impact on AD clinical research
apolipoprotein (APOE) ε4 allele,predicted,tobacco dependence
effect of LBD on colon cancer,influenced by,total cholesterol
effect of LBD on colon cancer,was influenced solely by,total cholesterol
group status,may have obscured,total effect of age on p-tau181
Alzheimer's disease risk,was mediated by,total genetic predictive effects of class Actinobacteria
levels of 1-ribosyl-imidazoleacetate,mediated,total genetic predictive effects of class Actinobacteria on Alzheimer's disease risk
"levels of 1-ribosyl-imidazoleacetate, Metabolonic lactone sulfate, and Nonadecanoate (19:0)",mediated,total genetic predictive effects of class Actinobacteria on Alzheimer's disease risk
levels of Metabolonic lactone sulfate,mediated,total genetic predictive effects of class Actinobacteria on Alzheimer's disease risk
levels of Nonadecanoate (19:0),mediated,total genetic predictive effects of class Actinobacteria on Alzheimer's disease risk
Octadecanedioylcarnitine (C18-DC),mediated,total genetic predictive effects of family Lactobacillaceae on Alzheimer's disease risk
X-23639,mediated,total genetic predictive effects of family Lactobacillaceae on Alzheimer's disease risk
Hexadecanedioate (C16-DC) levels,mediate,total genetic predictive effects of genus Ruminiclostridium 6 on Alzheimer's disease risk
Alpha-ketoglutarate to succinate ratio,mediates,total genetic predictive effects of genus Ruminiclostridium 9 on Alzheimer's disease risk
Indole-3-carboxylate levels,mediate,total genetic predictive effects of genus Ruminiclostridium 9 on Alzheimer's disease risk
Succinate to proline ratio,mediates,total genetic predictive effects of genus Ruminiclostridium 9 on Alzheimer's disease risk
X-13431 levels,mediate,total genetic predictive effects of genus Ruminiclostridium 9 on Alzheimer's disease risk
their predictive value,compared to,total plasma Aβ(1)(-)(40) levels
their predictive value,compared to that of,total plasma Aβ(1)(-)(42) levels
their predictive value,compared to,total plasma Aβ(1)(-)(42) levels
free plasma Aβ(1)(-)(42)/Aβ(1)(-)(40) ratio,has performance comparable to,total plasma Aβ(1)(-)(42)/Aβ(1)(-)(40) ratio
their predictive value,compared to,total plasma Aβ(1)(-)(42)/Aβ(1)(-)(40) ratio
Alzheimer's disease CSF biomarkers,include,total tau
clinical Alzheimer's disease CSF biomarkers,includes,total tau
neurobiological correlates,of,total tau
CSF phosphorylated tau-181,is associated with,total tau (t-tau)
plasma tau biomarkers,includes,total tau [t-tau]
APOE ε4 carrier group,was not associated with,total tau levels
BBB,of,toxic metabolites
brain,is cleared of,toxic metabolites
comparative predictive value,versus,traditional AD biomarkers
thioflavin T assay,assesses the effects of,Traditional Oriental Medicines
biological model,predicts,trajectories
pathways,are associated with,trajectories of key AD biomarkers and cognition
sex,influences,trajectory of AD pathology
causal associations,investigated at the,transcriptional level
genes associated with AD,through,transcriptomic analysis
genes associated with AD,were validated through,transcriptomic analysis
genes associated with AD,were validated through,transcriptomic analysis in CRC samples
genes associated with AD,through,transcriptomic analysis in CRC samples
early accumulation of phosphorylated tau,may have,transient protective impact
synaptic impairments,may have,transient protective impact
early accumulation of phosphorylated tau,may have,transient protective impact on evolving amyloid pathology-derived synaptic impairments
hypothesis,identifies,transition
hypothesis,is proposed that identifies,transition
hypothesis,identifies,transition of tau protein phosphorylation
hypothesis,is proposed that identifies,transition of tau protein phosphorylation
higher p181 levels,predicted,transition to MCI
use of an assay,to measure,translation
plasma amyloid-β levels,are influenced by,transport of amyloid-β from the central nervous system to the peripheral blood
AD,were not associated with,traumatic brain injury
depression,were not associated with,traumatic brain injury
gastrointestinal diseases,were not associated with,traumatic brain injury
pathways,are associated with,traumatic brain injury
PD,were not associated with,traumatic brain injury
"PD, AD, depression, pneumonia, and gastrointestinal diseases",were not found to be associated with,traumatic brain injury
pneumonia,were not associated with,traumatic brain injury
repetitive head impacts,may cause,traumatic brain injury
repetitive head impacts,may be caused by,traumatic brain injury
these pathways,are associated with,traumatic brain injury
These pathways,are associated with,traumatic brain injury
it,is associated with,treatment adherence
potential power loss,for detecting,treatment effect
this prediction,is relevant to,treatment initiation/monitoring
seven drugs,are approved for,treatment of Alzheimer's disease
approval,was for,treatment of patients with mild dementia due to Alzheimer's disease
excluding these cases,from,treatment with anti-amyloid antibody
these cases,excluded from,treatment with anti-amyloid antibody
absence of an effect treatment,is four times more likely than,treatment with anti-amyloid antibody results in an effect
more severe cognitive impairment,after,treatment with metformin
anti-amyloid beta antibody treatment,increases the risk of,treatment-related side effects
biomarkers,include,triglycerides
increase in cytotoxicity,led to,tubulin fragmentation
brain signatures,were associated with,two CSF biomarkers
difference in NfL concentration,between,two groups
other blood biomarkers,did not differ between,two groups
baseline periventricular diffusivity,in,two independent cohorts
bipolar disorder,is associated with,two novel biomarkers
Aβ PET levels,were identified with,two-sample Mendelian randomization
genetic variants associated with cerebrospinal fluid metabolites and established lipids,underwent,two-step Mendelian randomization analysis
HMGA1 gene defects,are associated with,type
defects in the HMGA1 gene,are associated with,type 2 diabetes
defects in the HMGA1 gene,are associated with,type 2 diabetes (T2D)
HMGA1 gene defects,are associated with,type 2 diabetes (T2D)
insulin resistance,is associated with,type 2 diabetes (T2D)
all-cause dementia,included in,types of dementia
Alzheimer's disease,included in,types of dementia
dementia with Lewy bodies,included in,types of dementia
frontotemporal dementia,included in,types of dementia
vascular dementia,included in,types of dementia
biomarkers,do not reflect,typical Alzheimer's disease molecular signature
biomarkers,are not,typical Alzheimer's disease molecular signature
neurochemical alterations in cerebrospinal fluid (CSF),are associated with,typical symptomatology in idiopathic normal pressure hydrocephalus (iNPH)
cerebrovascular burden,was associated with,typicality
tau burden,was more strongly associated with,typicality
increases,were in,ubiquitin-proteasome system
increases,were associated with,ubiquitin-proteasome system
Alzheimer's disease progression,is associated with,ubiquitin-proteasome system proteins
disease-relevant modules,were associated with,ubiquitination
one,were associated with,UE
loci,are associated with,UMOD genes
causal,remains largely,uncertain
causal nature of this relationship,remains,uncertain
causal relationship between oral microbiota and Alzheimer's disease,remains,uncertain
this connection,is causal,uncertain
Alzheimer's disease,causes of,unclear
Alzheimer's disease pathogenesis,remain,unclear
causal relationship with Alzheimer's disease,remains,unclear
causal relationships,remain,unclear
characteristics and prevalence of AD,are still,unclear
degree to which vascular burden contributes to Alzheimer's disease pathological progression,is still,unclear
impact of Alzheimer's disease biomarkers in individuals with cognitive impairment,remains,unclear
impact of attention-deficit/hyperactivity disorder on Alzheimer's disease biomarkers,remains,unclear
its causal role,remains,unclear
its influence on TauO,remains,unclear
modifiable risk factors,impact of,unclear
neurobiological cause,is still,unclear
potential effect of plasma NFL,in this association,unclear
spatial pathways influencing tau pathology in Alzheimer's disease,remain,unclear
their neurobiological cause,is still,unclear
whether OCD is a causal risk factor for AD,remains,unclear
lack of a community-based neuroimaging AD cohort,due to,unclear characteristics and prevalence of AD
community-based neuroimaging AD cohort,is rarely available due to,unclear characteristics and prevalence of AD in this area
community-based neuroimaging AD cohort,is rarely available,unclear characteristics and prevalence of AD in this area
the association between osteoarthritis and increased risk for cognitive dysfunction,is associated with,unclear mechanisms
impact of short Aβ isoforms in AD progression,might have been,under-investigated
Tau deposition on PET,is associated with,underlying AD pathology
Alzheimer's disease,is caused by,underlying comorbidities
ApoE-ε4 isoform,was associated with,underlying mechanism
RCMs,were associated with,underlying mechanism of ApoE-ε4 isoform in ARHL
this research,examined,underlying molecular mechanisms
symptoms,may reflect,underlying neurobiological changes
symptoms,may contribute to,underlying neurobiological changes
symptoms,may reflect or contribute to,underlying neurobiological changes
proposed multiscale model,explains,underlying neurobiological factors contributing to Alzheimer's disease
Alzheimer's disease,is associated with,underlying neurodegeneration
these proteins,are associated with,underlying neurodegeneration
individuals at elevated risk,can be done by,understanding factors associated with tau burden
pleiotropic effects of IDPs,affect,understanding of genetic variants and imaging features on behavior
clinical interpretation,requires,understanding of variability and biological influences
Alzheimer's Association Research Roundtable meeting,reviewed,understanding to date of the impact of treatments targeting various species of amyloid beta protein
causal mechanisms,remain,unestablished
mediation via cerebrospinal fluid metabolites,remain,unestablished
older mice,displayed,unexpected resilience to the peripheral metabolic impact of STZ
analysis,further supported,unidirectional causal link from LBP to PD
Abeta positive amyloid levels,were associated with,unique brain network alterations
extensive perivascular spaces burden,has causal effects,unknown
impact of kidney function on commonly used AD biomarkers,remains,unknown
interleukin (IL)-6 signaling,influence of,unknown
risk of dementia associated with divorce,remain,unknown
risk of dementia associated with widowhood,remain,unknown
sporadic late-onset variants,causes of,unknown
symptom progression in dementia,over,up to 8 years
AD heritability,is associated with,up-regulated genes
females,through,upstream interplay with amyloid
males,through,upstream interplay with amyloid
sex,through,upstream interplay with amyloid
new drug discovery avenue targeting tau pathologies,is therefore,urgently needed
predictive value,allowed,us to rule out APOE ε4 homozygosity with high precision
conclusions,are likely due to,use of a single cohort
meta-analysis,aims to investigate,"use of blood-derived p-tau isoforms (181, 217, 231)"
this meta-analysis,aims to investigate,"use of blood-derived p-tau isoforms (181, 217, 231)"
causal association,was confirmed through,use of FinnGen and GCST90027158
causal association,was confirmed through,use of independent datasets
our findings,suggest that,using the ratio of plasma p-tau217 to plasma BD-tau and accounting for the influence of peripheral confounders improves biomarker stability
FTLD,due to,V337M MAPT mutation
FTLD,is due to,V337M MAPT mutation
microtubule-associated protein tau gene,proposes that,V337M mutation in MAPT tau could contribute to the cognitive changes in preclinical microtubule-associated protein tau gene variant carriers
dementia subtype Alzheimer's Disease,vs,VaD
Migraine,may have potential causal relationships with,VaD
Migraine,has potential causal relationships with,VaD
migraine,showed a significant causal relationship with,VaD
myalgia,had potential causal links with,VaD
methods,were used to,validate findings
incidence of Meningioma,include,Valine
Tau,may be,valuable biomarker
this research,contributes,valuable insights
transgenic models of familial Alzheimer's disease (AD),serve as,valuable tools for probing the molecular mechanisms associated with amyloid-beta (Aβ)-induced pathology
blood-based biomarkers for Alzheimer's disease,requires understanding of,variability and biological influences
clinical interpretation of blood-based biomarkers,requires understanding of,variability and biological influences
different imaging biomarker definitions,can lead to,variability in downstream predictive tasks
factors,cause,variability in the lab
structural damages,caused by,variable BP
interest,is in,variable selection for causal inference
causal relationship,was between,variables of interest and the outcomes
GRS,includes,variants associated with amyloid deposition in APOE (apolipoprotein E) ɛ4/ɛ2 noncarriers
comparator GRS,was based on,variants associated with clinically diagnosed AD dementia risk
effect of CRP-lowering,through,variation in the gene encoding IL-6 receptor
BCL11B germline variants,have been associated with,variety of developmental syndromes
Tau aggregates,exist in,various cellular models
NfL,is impacted by,various comorbidities
comprehension of the impact of oxidative stress,on,various diseases
Alzheimer's disease,influenced by,various factors
disease,was influenced by,various factors
Apolipoprotein E ε4 genotype,has been associated with,various neurodegenerative conditions
types of immune cells,are associated with,various neurodegenerative diseases
it,contributes to,various neurological disorders
neuroinflammation,contributes to,various neurological disorders
cognitive decline in Alzheimer's disease,is associated with,various risk factors
pathways,are influenced by,various risk factors
this,leads to,various social problems
cause-and-effect relationships between gut microbiota,and,various types of dementia
cognitive decline,is associated with,vascular aging
Equol,can impact,vascular aging
factors,included,vascular burden
degree,to which,vascular burden contributes to Alzheimer's disease pathological progression
five types of dementia,included,vascular dementia
liver cirrhosis,associated with,vascular dementia
liver fibrosis,associated with,vascular dementia
Liver fibrosis and cirrhosis,were associated with,Vascular dementia
MMP12,was associated with,vascular dementia
risk of dementia,is associated with,vascular dementia
genetically predicted liver fibrosis and cirrhosis,may increase,Vascular dementia risk
genetically predicted Metabolic-dysfunction associated steatotic liver disease,may increase,Vascular dementia risk
cis stereo-isoform of phosphorylated tau (cis P-tau),is associated with,vascular dysfunction
AD,causes,vascular health issues
hypertension,plays a role in,vascular injury
Alzheimer disease,is associated with,vascular lesions
AD pathology,causes,vascular pathology
Alzheimer's,combined impact,vascular pathology
Alzheimer's,and,vascular pathology
Alzheimer's pathology,combined impact with,vascular pathology
Alzheimer's pathology,combined impact,vascular pathology
biomarkers of co-existing pathological processes,are particularly,vascular pathology
effects of AD pathology,are associated with,vascular pathology
they,were not associated with,vascular risk factors
VS,is the abbreviation for,vascular score
amyloid beta,may exert a significant influence on,vasculature
influence,on,vasculature
Tau,may exert a significant influence on,vasculature
tau protein like amyloid beta,may exert a significant influence on,vasculature
accumulation of amyloid beta,may exert a significant influence on,vasculature in the setting of AD
accumulation of tau,may exert a significant influence on,vasculature in the setting of AD
amyloid beta,may exert influence on,vasculature in the setting of AD
Tau,may exert significant influence on,vasculature in the setting of AD
tau,may exert significant influence on,vasculature in the setting of AD
Apolipoprotein E,influences,VD
Metabolic-dysfunction associated steatotic liver disease-related diseases,have causal effects on,VD
Metabolic-dysfunction associated steatotic liver disease-related diseases,causal effects of,VD
biomarker models,to support,vector machines
baseline plasma p-tau217,predicted,verbal memory trajectories
S9,is a protein associated with,vesicles
SNAP25,associated with,vesicles
hearing difficulty,was associated with,vessel size
manifestations,are a consequence of,virus that causes SARS-CoV-2
synPC1 and synPC4 pattern scores,were associated with,visual hallucinations
Alzheimer disease (AD),is associated with,volume loss in the basal forebrain (BF)
cognitive decline,is associated with,volume loss in the basal forebrain (BF)
β-amyloid (Aβ) deposition,associated with,volume loss in the basal forebrain (BF)
β-amyloid (Aβ) deposition,is associated with,volume loss in the basal forebrain (BF)
plasma p-tau181,is associated with,volumetric changes in distinct hippocampal subfields
plasma p-tau181,is differentially associated with,volumetric changes in distinct hippocampal subfields
eight risk factors,in,VS
reduced neurotrophic support,is associated with,vulnerability to Aβ-related tau hyperphosphorylation
P-tau pathology,is associated with,VVs
isoform,named,W-Tau
new isoform,named,W-Tau
increased body temperature,led to,wakefulness
previous research,conducted,was conducted
ability to predict cognitive decline,examined,was examined
something,impact of,was investigated
redundancy,due to,was removed
the two groups,comparison between,was statistically significant
astrocyte activation PRS,constructed,we
causal regulatory pathways,delineated,we
four subtypes of dementia,causal effects of,We
pharmacological NUAK inhibition,assessed the potential impacts of,We
P301S PS19 mice,in,we explored how Alzheimer's disease pathology impacted whole body and CNS metabolism
Tau4RTg2652 mice,in,we explored how Alzheimer's disease pathology impacted whole body and CNS metabolism
"high-fat, high-sugar diet",resulted in,weight gain
inverse-variance weighting,supplemented by,weighted median
inverse-variance weighting,supplemented by,weighted mode
neuropsychiatric symptoms,are associated with,well-defined neuropathological diagnoses
cognitive outcome measures,are sensitive to,what extent
relationship between accounting for maximum learning capacity and increase in Semantic intrusion errors,is unknown,when Alzheimer's disease is present
researchers or investigators,investigated,"whether a medical history of impaired sleep, informant-reported nighttime behaviors, and sleep-affecting medications are associated with beta-amyloid and tau deposition on PET and cognitive change"
analyses,were to evaluate,"whether Apolipoprotein allele 4 (APOE ε4) ε4 was associated with the cognitive domains of episodic memory, executive functioning, processing speed, and language"
Researchers or study authors,evaluated,whether Core 1 biomarkers predict progression of downstream biomarkers and cognition
causal mediation analysis,was used to evaluate,whether functional connectivity mediates the association between Tau and cascading glucose metabolism
model,accurately predicts,whether individuals will stay at the same stage or progress
model,can accurately predict,whether individuals will stay at the same stage or progress
the model,accurately predicts,whether individuals will stay at the same stage or progress
researchers,aimed to determine,whether myopia contributes to the risk of NDDs and vice versa
cohort,examined,whether protein-based health indicators associated with neurodegeneration also predict 25-year dementia risk
researchers,evaluated,whether regional patterns of baseline tau-PET binding predict prospective longitudinal decline in specific cognitive domains in early symptomatic Alzheimer's disease (AD)
meta-analysis,was to evaluate,whether the changes in CSF amyloid-β42 (Aβ42) levels are associated with neuropsychiatric symptoms
presence of tau,depends on,whether the duration of amyloid-β pathology is associated with neurodegeneration
investigation,is into,whether the neutrophil-lymphocyte ratio is linked with Alzheimer's disease pathology
researchers,examined,whether these biomarkers were associated with longitudinal brain volume loss
further research,is needed to determine,whether these immune perturbations directly contribute to AD pathogenesis or arise as secondary effects of neurodegeneration
database,was used to examine,whether traumatic brain injury was causally associated with the risk of some complications
P-tau181,was not predictive of,white matter
Traumatic brain injury,was not predictive of,white matter
higher rates of volume change,in,white matter and ventricles
Alzheimer's disease increase,is not influenced by,white matter degeneration
Longitudinal Alzheimer's disease increase,is not influenced by,white matter degeneration
longitudinal Alzheimer's disease increase,is not influenced by,white matter degeneration
NfL levels,are associated with,white matter degeneration
APOE abundance,was associated with,white matter hyper-intensities
Alzheimer's disease,is associated with,white matter hyperintensities
cerebral microbleeds,is associated with,white matter hyperintensities
cerebral white matter degeneration,results in,white matter hyperintensities
genetic liability for Alzheimer's disease,had causal effect on,white matter hyperintensities
genetic liability for Alzheimer's disease,increased the risk of,white matter hyperintensities
subtypes,were associated with,white matter hyperintensity burden
adjusting for baseline cardiovascular risk score,examined the impact of,white matter hyperintensity volume
reduced capacity to recycle lipids,results in,white matter microstructural abnormalities
this,results in,white matter microstructural abnormalities
causal relationships,were interpreted according to,WHO ICD-11 disease classification system
Alzheimer's disease pathology,impacted,whole body and CNS metabolism
researchers,found that,whole brain functional connectivity predicts regional tau PET
amyloid,was associated with,whole sample
interest in imaging biomarkers,has led to,wide variety of biomarker definitions
This,will promote,wider access to AD screening
presence of α-syn seed amplification positivity,was associated with,widespread hypometabolism
problem,has been caused by,widespread misuse of antibiotics
aging,is associated with,widespread systemic changes
two constructs,in,wild-type mice
it,is associated with,willingness to enroll in future research studies
it,is associated with,willingness to recommend trial participation
its,led to,withdrawal
decrease in florbetapir-PET,in,WM
it,is associated with,WMH volumes
presenilin 1,associated with,WMS-R Logical Memory Delayed Recall scores
right temporal tau,was associated with,worse behavior
right temporal tau,associated with,"worse behavior assessed using the neuropsychiatric inventory and composite scores for memory, executive function, and language"
Stronger Tau-FDG correlations,are associated with,worse cognition
lower serum Ile level,is associated with,worse cognition assessment
APOE4 allele,is associated with,worse cognitive outcomes
APOE4 allele,is associated with,worse cognitive outcomes in older adults at risk for AD
Apolipoprotein allele 4 (APOE ε4) ε4,was associated with,worse cognitive performance across domains
increasing p-tau231 levels,were associated with,worse CPC
increasing plasma tau phosphorylated at threonine 231 levels,were significantly associated with,worse CPC
lower levels of physical activity,were associated with,worse CSF biomarker profiles
APOE ε4 genotype,was associated with,worse decrease in the whole WM florbetapir-PET
amyloid positron emission tomography (PET) burden,was associated with,worse executive function
higher plasma p-tau181 level,was associated with,worse executive functioning
amyloid,was significantly associated with,worse FCI-SF performance
amyloid positron emission tomography (PET) burden,was associated with,worse global cognition
increase in NfL,was associated with,worse global cognition
increase in NfL,was associated with,worse global cognition over time
closer topological proximity of tau-PET locations to a network,was predictive of,worse impairment
network,is predictive of,worse impairment
proximity of tau-PET locations to a network,predicts,worse impairment
topological proximity of tau-PET locations,predictive of,worse impairment
topological proximity of tau-PET locations,was predictive of,worse impairment
Amyloid positron emission tomography (PET) burden,was associated with,worse initial memory
amyloid positron emission tomography (PET) burden,was associated with,worse language
left temporal tau,was associated with,worse language
higher plasma p-tau181 level,was associated with,worse language abilities
higher plasma p-tau181 level,was associated with,worse memory
CSF markers of Alzheimer's disease pathology,are associated with,worse memory decline
CSF markers of t-Tau,are associated with,worse memory decline
APOE ε4 genotype,is associated with,worse myelin decrease
higher levels of plasma p-tau181,are associated with,worse neuropsychological test performance across multiple cognitive domains
elevated levels of total tau (t-tau),were significantly associated with,worse outcome at all time points
higher baseline tau in entorhinal cortex,was associated with,worse performance on FCI-SF over time
higher baseline tau,was associated with,worse performance on the FCI-SF over time
higher baseline tau in the inferior temporal region,was associated with,worse performance on the FCI-SF over time
higher baseline tau in the supramarginal region,was associated with,worse performance on the FCI-SF over time
Aβ42/40 ratio,was not associated with,worsening cognitive function
increasing levels of GFAP,were associated with,worsening cognitive function
increasing levels of NfL,were associated with,worsening cognitive function
pTau-181 level,was not associated with,worsening cognitive function
high amyloid composite biomarker,was associated with,worsening Mini-Mental State Examination score
high amyloid composite biomarker,was significantly associated with,worsening Mini-Mental State Examination score
high amyloid composite biomarker at baseline,was significantly associated with,worsening Mini-Mental State Examination score
decreases in Aβ42 levels,were associated with,worsening Neuropsychiatric Inventory scores
baseline plasma Aβ42/40 ratio,are combined to predict,worsening on the ADAS-Cog11
baseline plasma NfL,are combined to predict,worsening on the ADAS-Cog11
baseline plasma T-tau,are combined to predict,worsening on the ADAS-Cog11
increasing plasma NfL concentration,was associated with,worsening on the CDR-SB
higher plasma NfL at baseline,predicted,worsening scores on the ADAS-Cog11
higher plasma NfL at baseline,predicted,worsening scores on the CDR-SB
insulin-based therapies,can cause,worsening the disease
cardiovascular subtype,was associated with,worst cognitive decline
model,included,WRAP
subtypes,were associated with,years of education
CSF β2-microglobulin,was associated with,YKL-40
tau pathology,associated with,YKL-40
total tau (t-tau),through,YKL-40
Alzheimer Biomarker Consortium-Down syndrome study cohort,in,younger
Stronger Tau-FDG correlations,are associated with,younger age
clinical impact,was less clear in,younger Alzheimer Biomarker Consortium-Down syndrome study cohort
clinical impact,in,younger Alzheimer Biomarker Consortium-Down syndrome study cohort
insulin deficiency,in,younger mice
increased plasma NfL and GFAP,not in,younger participants
Alzheimer's disease,is predicted,