E1,Relation,E2
A1C targets,should be achieved,within 6 months
AASI,were associated with,estimated glomerular filtration rate eGFR
aberrant expression of SGLT2,causes,intracellular accumulation of glucose
aberrant expression of SGLT2,leads to,intracellular accumulation of glucose
aberrant expression of SGLT2,results in,intracellular accumulation of glucose
aberrant expression of SGLT2 in endothelial cells in T2DM,causes,intracellular glucose accumulation
ability to assess liver steatosis,may open new,"diagnostic, therapeutic, and prognostic avenues"
ability to assess liver steatosis,may open new avenues for managing,metabolic
Abnormal Aβ deposition,causes,tau hyperphosphorylation
abnormal glycaemic results,may result from,improper administration
abnormal lipid metabolism,can lead to,abnormal insulin signaling
abnormal lipid metabolism,can lead to,disrupt glucose metabolism
abnormal spermatozoa,were caused by,body fat percentage
abnormal spermatozoa,are associated with,body fat percentage
abnormal spermatozoa,were caused by,resistin
abnormal spermatozoa,are associated with,resistin
abnormalities,cause,accumulation of fat in the liver
abnormality in the brain's protein function,causes,disruption in the brain network
abnormality in the brain's protein function,results in,loss of neural connectivity
abnormality in the brain's protein function,causes,loss of neural connectivity
ABO,associated with,decreased risk
abrupt change in glucose levels,causes,condition
abrupt change in glucose levels,is caused by,medical management
abrupt change in glucose levels,can cause,neuropathic symptoms
abrupt change in glucose levels,causes,the condition
absence of a Mediterranean diet,associated with,higher diabetes risk
abundance of Lactobacillus,increases due to,Artemether
accumulation of amyloid-β (Aβ) plaques,is associated with,Alzheimer's disease
accumulation of fat in the liver,caused by,metabolic abnormalities
accumulation of fat in the liver,is eventually caused by,metabolic abnormalities
accumulation of fat in the liver,leads to,progression of metabolic dysfunction-associated fatty liver disease (MAFLD)
accumulation of lipoproteins and cholesterol,due to,Type 2 DM forms plug-in veins
accumulation of neurofibrillary tangles (NFTs),is associated with,Alzheimer's disease
achieving good glycaemic control,is essential to,reducing the risk of diabetes complications
achieving near-normal blood glucose levels,reduces,risk of diabetes-related cardiovascular outcomes
ACM,was associated with,C9
ACM,was associated with,CANCAS1
ACS,remains a leading cause of,cardiovascular morbidity
ACS,is a leading cause of,cardiovascular morbidity and mortality
ACS,is associated with,T2DM
action,prevents,rebound hypoglycemia
actions of bilirubin,are caused by,binding to the PPARα nuclear receptor transcription factor
activation of caspase signal pathway,was the reason for,stronger apoptosis
activation of dual GLP-1 and GCGR,contributed to,enhanced cognitive resilience
activation of GSK-3β by ApoE ε4,is associated with,Alzheimer's disease pathogenesis
activation of NFκB2,resulted in,inflammatory damage
activation of PI3K-AKT and MEK-ERK pathways,results in,increased VCAM1 expression
activation of the ATP-sensitive potassium channel pathway,leads to,disturbances in insulin secretion
activation of the NLRP3 inflammasome,contributes to,inflammatory processes
activation of the pathways,leads to,the effects
activation of the PI3K-AKT pathway,led to,decreased VCAM1 expression
activation of the xCT/GPX4 pathway,by,Plantamajoside
activation of these pathways,can cause,decrease in the development of AS
activation of these pathways,can lead to,decrease in the development of AS
activation of these pathways,can cause,reduction
activation of these pathways,can lead to,reduction in the development of AS
activation of these pathways,can result in,reduction in the development of AS
activity,potentially reduces,risk of CVD
activity of glycogen synthase kinase-3β,is associated with,relationship between ApoE ε4 and cognitive impairment
acute a single session of moderate-intensity exercise,positively impacts,glucose regulation and myokine modulation
acute counteraction,of,inflammation
acute counteraction,of,insulin resistance
acute counteraction,of,insulin resistance and inflammation
acute counteraction,is caused by,short-chain fatty acids
acute counteraction of inflammation,is caused by,short-chain fatty acids
acute counteraction of insulin resistance,is caused by,short-chain fatty acids
acute counteraction of insulin resistance and inflammation,is caused by,short-chain fatty acids
acute ischemic stroke,is the reason for,unclear relationship
Acute suppurative otitis media (ASOM),associated with,an increased risk
acylcarnitine (AC),are associated with,insulin resistance
AD progression and pathology,may be aggravated by,these pathways
AD progression and pathology,may be caused by,these pathways
AD progression and pathology,may be worsened by,these pathways
AD progression and pathology,are associated with,these pathways
AD progression and pathology,is associated with,these pathways
ADAM17,is associated with,ADAM17
ADAM17,is associated with,associated pathways
ADAM17,may influence,emergence of mild cognitive impairment
ADAM17,can cleave and release,TNF-α
ADAM17,can cleave and release,TNF-α from its membrane-bound precursor
ADAM17,cause,TNF-α to become activated
adaptation,is caused by,Western dietary patterns
adapted diabetes complication severity index evaluation,at the time of,type 2 adapted diabetes complication severity index
additional research,with,larger sample size
additional research,to investigate,long-term impact of these medications on various metabolic indicators
additive models,uses,study
adenosine triphosphate-citrate lyase inhibition,was not associated with,risk of T2DM
adenovirus,was used to,confirm the effects of Delta/Notch-like epidermal growth factor-related receptor in vivo
adipocytokines,contribute to,chronic low-grade inflammation
Adipocytokines,contribute to,chronic low-grade inflammation
adipocytokines,cause,insulin resistance
adipocytokines,and,macrophages infiltrating adipose tissue
adipocytokines,along with,macrophages infiltrating adipose tissue
adipocytokines and macrophages infiltrating adipose tissue,cause,chronic low-grade inflammation
adipokine,improves,metabolic derangements
adiposity-related SNPs,influenced,BMI
adiposity-related SNPs,influenced,body fat percentage
adiposity-related SNPs,including,"those in PDK3 (rs7889665), PGK1 (rs2076630), and IDH2 (rs62019177)"
adjustable risk factors,of,causal roles
adjusted odds ratio (OR),for,T2DM associated with hs-CRP/HDL levels
adjusted odds ratios,show that,demonstrating better insulin injection techniques is associated with achieving good glycemic control in Thai adults with insulin-treated T2DM
adjusted odds ratios,show that,having a less negative attitude toward insulin treatment is associated with achieving good glycemic control in Thai adults with insulin-treated T2DM
adjusted odds ratios,show that,performing SMBG at least 3 times per week is associated with achieving good glycemic control in Thai adults with insulin-treated T2DM
adjusting for confounders,after,insulin use was associated with a 1.20 higher hazard of requiring glaucoma surgery compared to oral hypoglycaemic agents
"adjusting for gender, age, BMI, education level, and health benefits",associated with,achieving good glycemic control in Thai adults with insulin-treated T2DM
"adjusting for gender, age, BMI, education level, and health benefits",after,performing better diabetes self-management
administration,led to,decrease in transaminase activity
administration,led to,improvement in the lipid profile
administration,caused,necrosis
administration,led to,reduction in OS markers
administration form,caused,divergences
administration of a combination of insulin and metformin,reduces,risk of developing diabetes in patients with pre-existing insulin resistance
administration of BACE1 inhibitor,led to,enhanced glucose tolerance
administration of BACE1 inhibitor,led to,improved glucose tolerance
administration of BACE1 inhibitor,led to,improved insulin sensitivity
administration of BACE1 inhibitor,led to,increased insulin sensitivity
administration of CycloRGDyk,had a negative impact on,rats with Type 2 diabetes mellitus
administration of Tacrolimus (1mg/kg/day),induced,changes in morphological and structural characteristics of the pancreas
administration of Tacrolimus (1mg/kg/day),induced,severe hyperglycaemia
adolescents with a clinical diagnosis of T2DM,to be predicted by,"anti-GAD65, anti-IA2 and anti-Zn8T"
adult patients with type 2 diabetes mellitus (T2DM),seeking treatment in,tertiary care settings
adults,with,type 2 diabetes mellitus
adults living with T2DM,were associated with,Portfolio Diet
advanced glycation end products,cause,inflammatory response
Advanced glycation end products,cause,the inflammatory response
advanced stage of OSCC in patients with T2DM,results in,reduced survival
adverse cardiac remodelling,is directly caused by,Type 2 diabetes mellitus
adverse changes in biomarkers of aging,are associated with,elevated adiposity and glucose intolerance
adverse changes in body composition,are associated with,elevated adiposity and glucose intolerance
"adverse changes in body composition, physical function, and biomarkers of aging",is associated with,glucose intolerance
adverse changes in physical function,are associated with,elevated adiposity and glucose intolerance
AEIOU TIPS,includes,causes related to blood loss
AEIOU TIPS mnemonic,includes,causes related to Syncope
aerobic exercise-trained mice,have a positive impact on,recovery of Type-2 diabetes mellitus-induced sarcopenia
age,modified by,associations between Triglyceride-glucose index and all-cause/cause-specific death
age,was positively associated with,atrial fibrillation (AF)
age,adjusting for,having a less negative attitude toward insulin treatment
age,associated with,increased mortality
age,was independently associated with,Pancreatic β-cell dysfunction
age at onset of diabetes,association between,risk of all-cause mortality
age interaction,to the association between,Triglyceride-glucose index and all-cause/non-CV mortality
age-related factors,associated with,insulin therapy in older individuals with type 2 diabetes
age-related factors,impact,safety of insulin therapy
"age, education, disease duration, comorbidity, and BMI",influenced,effectiveness of HbA1c reduction
aging,associated with,inflammation
agmatine,has effect on,microglial polarization
agmatine,has been investigated on,microglial polarization
agmatine (100 μM),caused the upregulation of,CD206 in the HG condition
agmatine (100 μM),with,cells into the M2 phenotype
agmatine (100 μM),induced,M2 phenotype
agriculture,contribute to,emissions
AHI,is associated with,arteriosclerosis
AKT activation,influences,energy metabolism in T2DM
alanine aminotransferase levels,can predict,drug responses
albumin,played a mediating role in,association between all-cause mortality and cardiovascular mortality
albumin,may causally contribute to,development of T1DM
albumin,may causally contribute to,protection
albumin,may causally contribute to,protection against T1DM
albumin,may causally contribute to,protection against T2DM
albumin,contribute to,protection against the development of T1DM
albumin,may causally contribute to,protection against the development of T1DM
Albuminuria,predicted by,Weight-adjusted waist index
alcohol consumption,is associated with,eGFR decline
alcohol intake frequency,causal association between,Endometrial carcinoma risk
alcohol-induced pancreatitis,includes,causes
ALD,was positively associated with,glucose metabolism impairment
ALD,was positively associated with,insulin resistance
ALD levels,increased with,CP
ALD levels,increased with,higher levels of CP
ALD levels,increased with,higher levels of HOMA-IR
algorithms,predict,outcomes of the experiment
alkaline phosphatase (ALP),on,all-cause mortality and cardiovascular disease (CVD) mortality
all MR analyses,yielded,non-significant results
all-cause mortality,was adjusted for,comorbidities
all-cause mortality,were associated with,HR and CI values
all-cause mortality,was adjusted for,in-hospital medications
all-cause mortality,risk of is increased with,metabolic syndrome
all-cause mortality,is the composite of,myocardial infarction
all-cause mortality,includes,myocardial infarction
all-cause mortality,had,no significant association
all-cause mortality,regarding,patients
all-cause mortality,was adjusted for,sex
all-cause mortality,risk of,sleep duration exceeding 9 hours per day
all-cause mortality,is the composite of,stroke
All-cause mortality,includes,stroke
all-cause mortality,was considered,study endpoint
all-cause mortality,includes,target vessel revascularization
all-cause mortality,is related to,the relationship
all-cause mortality prediction models,performed significantly better in,patients with ACS and T2DM after PCI
all-cause mortality rates,were observed among,participants in the 4th ALP quartile
all-cause mortality risk during the follow-up period,among,patients with varying disease onset ages
allelic effect of rs488532,increases,risk of diabetic retinopathy
alleviation of aging,is caused by,SGLT2i
ALP levels,have clinical value in predicting,all-cause and CVD mortality risk in T2DM patients
alpha-glucosidase inhibitors,associated with,lower all-cause mortality
alpha-glucosidase inhibitors,were not associated with,reduced lung cancer risk
alteration,leads to,cardiomyopathy
alteration,leads to,diabetes
alterations,contribute to,pathogenesis of Type 2 diabetes mellitus arterial remodeling
altered adipokine profiles,are associated with,changes in insulin sensitivity
altered adipokine profiles,cause,changes in insulin sensitivity
altered adipokine profiles,lead to,changes in insulin sensitivity
altered adipokine profiles,result in,changes in insulin sensitivity
altered adipokine profiles,due to,changes in insulin sensitivity
altered adipokine profiles,are associated with,severe metabolic risks
altered adipokine profiles,cause,severe metabolic risks
altered adipokine profiles,lead to,severe metabolic risks
altered adipokine profiles,result in,severe metabolic risks
altered adipokine profiles,due to,severe metabolic risks
altered bacteria,were associated with,BAs metabolism
altered mental status,for,patients with and without diabetes
altered metabolic status,can cause,diabetes
altered profiles,were associated with,T2DM risk
alternative treatments,are required,therefore
Alzheimer's disease,is associated with,accumulation of amyloid-β (Aβ) plaques
Alzheimer's disease,is associated with,amyloid-β (Aβ) plaques
Alzheimer's disease,is associated with,amyloid-β production
Alzheimer's disease,is associated with,BACE1
Alzheimer's disease,is associated with,chronic inflammation
Alzheimer's disease,is associated with,dysfunctional neurons
Alzheimer's disease,is caused by,genetic factors
Alzheimer's disease,is associated with,neurofibrillary tangles (NFTs)
Alzheimer's disease,is associated with,synapse loss
Alzheimer's disease,is associated with,synapse loss in the brain
Alzheimer's disease,has great potential as a target for,treatment of Alzheimer's disease
Alzheimer's disease (AD),is included in,cognitive decline and dementia
Alzheimer's disease pathogenesis,is associated with,ApoE ε4
Alzheimer's disease pathology,through,multiple mechanisms
Alzheimer's disease risk factors,negatively impact,daily functioning
Alzheimer's disease risk factors,have impact on,daily functioning
ameliorated by the formula,through,De novo lipogenesis pathway
amelioration of lipid accumulation,due to,extract of Phyllanthus emblica L.
amelioration of lipid accumulation,due to,treatment
amino acids,contribute to,preventing metabolic disorders
AMPK,is the target of,metformin
AMPK,associated with,risk of developing IBD
AMPK-related variants,were associated with,HbA1c (%)
AMPK-related variants,are associated with,HbA1c (%)
AMPK-related variants associated with HbA1c (%),as instrumental variables for,AMPK
amyloid burden,was associated with,greater increases in functional difficulties
amyloid burden,was associated with,increases in functional difficulties
amyloid-β production,associated with,Alzheimer's disease
Amyloid-β production,is associated with,Alzheimer's disease
amyloid-β production,is associated with,type 2 diabetes mellitus
analyses,included,patients
analyses,found,significant causal associations between MVPA and MS
analyses of previous studies,were the reason for,controversy
analyses of previous studies,caused,controversy
analyses of previous studies,having,uncontrolled and uncertain confounding factors
analyses of previous studies,had,uncontrolled and uncertain confounding factors
analysis,was to further evaluate,causal association
analysis,is used to reveal,causal connection with gut microbiota
analysis,supported,causal relationship between shorter telomere leukocyte telomere length and both low muscle mass and strength
analysis,was to explore,causal relationship between T2DM and hemiplegia
analysis,was conducted to investigate,causal relationships
analysis,was used to investigate,causal relationships between Glucagon-like peptide-1 receptor agonists use and tubulo-interstitial nephritis risks
analysis,was conducted to investigate,causal relationships between Glucagon-like peptide-1 receptor agonists use and tubulo-interstitial nephritis risks
analysis,evaluates,co-localization probabilities
analysis,may be biased due to,confounding
analysis,was performed to explore,impact of plasma metabolites on the relationship between gut microbiota and T2DM
analysis,was to explore,impact of plasma metabolites on this relationship
analysis,was to explore,mechanisms between T2DM and IBD/UC
analysis,revealed,no significant causal association between Type 2 diabetes mellitus and Alzheimer's disease
analysis,used,OR values and 95% CI
analysis,evaluates,posterior probabilities of different causal variations
analysis,investigated the,"potential causal association between 1,091 blood metabolites, 309 metabolite ratios, and the occurrence of T2DM"
analysis,was to estimate,potential impact of various antihypertensive drug target genes
analysis,aimed to enhance,reliability of causal inferences
analysis,was done with,RevMan software
analysis,evaluates,shared causal variations
analysis,was to explore,underlying biological mechanisms
analysis and forecasting,are done to predict,blood glucose levels
analysis of plant protein intake,revealed that,increase in dietary pulse intake
analyze sentence structure,identify,key components
Analyze the sentence structure,identify,key components
analyze the sentence structure,identify,key components
ANGPTL4,is a key factor contributing to,senescence in DCM
animal models,confirm,impact of insulin resistance on amyloid-β plaques accumulation
animal models of type 1 diabetes mellitus (T1DM),associated with,different insulin availability
animal models of type 2 diabetes mellitus (T2DM),associated with,different insulin availability
ankylosing spondylitis,has detrimental impact on,development of diabetes
ankylosing spondylitis,has critical influence on,diabetes onset
ankylosing spondylitis,has impact on,traits related to glucose metabolism
ankylosing spondylitis,have a causal link,type 2 diabetes
ankylosing spondylitis,causal relationship between,type 2 diabetes
another condition,is associated with,type 2 diabetes mellitus (T2DM)
anti-diabetic medications,impact of,be studied
anti-diabetic medications,have an impact on,GFR decline
anti-diabetic medications,impact on,GFR decline
anti-diabetic medications,have an impact on,mortality rate
anti-diabetic medications,impact on,mortality rate
anti-GAD65,predict,early insulin requirement
anti-GAD65,predict,early insulin requirement in adolescents with a clinical diagnosis of T2DM
anti-IA2,predict,early insulin requirement
anti-IA2,predict,early insulin requirement in adolescents with a clinical diagnosis of T2DM
anti-Zn8T,predict,early insulin requirement
anti-Zn8T,predict,early insulin requirement in adolescents with a clinical diagnosis of T2DM
antidiabetic effects of traditional herbal medicines,are influenced by,gelatin capsules
antidiabetic medications,influence of,depression risk
antihypertensive drug target genes,are associated with,T2DM and its complications
antihypertensive drug target genes,impact on,T2DM and its complications
antihypertensive medications,impact of,be studied
antihypertensive medications,have an impact on,GFR decline
antihypertensive medications,impact on,GFR decline
antihypertensive medications,have an impact on,mortality rate
antihypertensive medications,impact on,mortality rate
antihypertensive medications,are associated with,type 2 diabetes mellitus
antihypertensive medications,have an impact on,type 2 diabetes mellitus
antioxidant effects,on,gene expression associated with Type 2 diabetes mellitus
antioxidant effects on gene expression associated with Type 2 diabetes mellitus,will,be explored
antioxidants,are associated with,T1DM and T2DM complications
antiretroviral therapy,contribute to,chronic inflammation
antiretroviral therapy,cause,chronic inflammation
antiretroviral therapy,contributes to,increased cardiometabolic risk
Antiretroviral therapy,is associated with,increased cardiometabolic risk
antiviral treatments,were evaluated on,these variables
ANXA6 deficiency,results in,impaired alanine-dependent GNG
ANXA6 deficiency,leads to,impaired alanine-dependent GNG
ANXA6 deficiency,causes,impaired glycolytic metabolism
ANXA6 deficiency,causes,impaired glycolytic metabolism under fasting conditions
ANXA6 deficiency,causes,inability to maintain glycolytic metabolism
aortic dissection susceptibility,was not influenced by,glycemic traits
Apelin-MSC-sEVs treatment,resulted in,enhancement of Akt and AMPK pathway activities
apnea-hypopnea index (AHI),was analyzed,arteriosclerosis
apnea-hypopnea index (AHI),did not consistently predict,metabolic burden
APOA-I,associated with,decreased risk
APOA-I,associated with,decreased risk of liver cancer
APOB,associated with,decreased risk
APOB,associated with,decreased risk of liver cancer
ApoE ε4,is associated with,cognitive impairment
ApoE ε4,through the activity of,glycogen synthase kinase-3β
ApoE ε4,activates,GSK-3β
ApoE ε4 allele,are risk factors for,Alzheimer's disease
ApoE ε4 genotype,was associated with,cognitive decline in type 2 diabetes mellitus patients
APOE4,has an impact on,cognition
APOE4,impacts,cognition
APOE4,has an impact on,olfaction
APOE4,impacts,olfaction
APOE4-related cognitive and olfactory impairment,in individuals with,T2DM
apolipoprotein A1,are important mediators in the causal relationship between,Type 2 diabetes mellitus and left ventricular mass index
Apolipoprotein E epsilon 4 (APOE4),was associated with,increased risks of cognitive impairment
Apolipoprotein E epsilon 4 (APOE4),was associated with,olfactory dysfunction
apoptosis of β-cell,is caused by,CD36
apoptosis of β-cell,is caused by,hyperglycemic conditions
Appendicular lean mass,causal relationship with,Alzheimer's disease
Appendicular lean mass,causal relationship with,stroke
Apple cider vinegar,had no impact on,HOMA-IR
apple cider vinegar,impact on,HOMA-IR
apple cider vinegar,had no influence on,HOMA-IR
apple cider vinegar,did not impact,HOMA-IR values
appropriate exercise,can lead to,improvement in diabetes and its complications
appropriate marker,is essential for,Diabetes
appropriate marker,could predict,long-term complications
APTT,is decreased,due to the effect of increased HbA1c on DPN
area under the curve (AUC)-receiver operating characteristic curve analysis,is a step in,determining the validity of various indices to predict type 2 diabetes mellitus
arsenic exposure,causes,disruptions to glucose metabolism
arsenic exposure,causes,liver damage
arsenic exposure,may be associated with,obesity
Artemether,due to,abundance of Beneficial bacteria Lactobacillus
arterial stiffness,is a condition of,arteries
arterial wall remodeling,e.g.,"change in stiffness, calcific deposits formation"
artificial light at night,increases the risk of,developing Type 2 diabetes Mellitus
artificial light at night,increases,risk of developing Type 2 diabetes Mellitus
artificial sweeteners intake in coffee,has a causal relationship with,type 2 diabetes mellitus
aspirin,caused,changes in gene expression
aspirin,had an impact on,glucose levels
aspirin,affected,glucose levels
aspirin,influenced,glucose levels
associated pathways,may influence,emergence of mild cognitive impairment
association,was with,all-cause mortality
association,may be due to,confounding factors
association,may be influenced by,confounding factors
association,may be influenced by,other factors
association,is related to,progression from pre-diabetes to diabetes
association,was due to,properties of curcumin
association,may be due to,shared pathological mechanisms
association,using,summary-level statistics
association between genetically predicted dyslipidemia and mtDNA copy number,was suggestive of,evidence for a potential causal association between CAD and mtDNA copy number
association between genetically predicted dyslipidemia and mtDNA copy number,for,P value
association between type 2 diabetes mellitus and hemodynamic responses to orthostasis,assessed using,novel approach
association of changes in leukocyte telomere length with sarcopenia,is likely to be,causal
association of circulating 25-hydroxyvitamin D,with,insulin secretion
association of circulating 25-hydroxyvitamin D,with,time in range
association of circulating 25-hydroxyvitamin D with time in range and insulin secretion,to be explored,type 2 diabetes
association of Glucose variability with all-cause and cardiovascular mortality,is mediated by,Echocardiographic measurements of cardiac structure and function
association of HbA1c,was analyzed in,mediation analysis
association of pathways,directly or indirectly,insulin resistance
associations,were with,risk factors
associations between Triglyceride-glucose index and all-cause/cause-specific death,determine the,Type 2 diabetes mellitus cohort
AT,is associated with,IR
AT,is related to,T2DM
AT,is associated with,T2DM
AT-Dicer KO mice,were used to assess the impact of,miR-4472 on glucose uptake and insulin sensitivity
atherogenic index of plasma,had adverse impacts on,ABI and LEAD
Atorvastatin,resulted in,reduction
atorvastatin,resulted in,reduction of CIMT and CRP
"atypical, energy-related symptoms",are associated with,low-grade inflammation
AUC(C-peptide0-180 min),were associated with,delayed peak glucose time
augmentation of beta-cell function,due to,effect
autism spectrum disorder,was not associated with,risk of type 1 diabetes mellitus
autoimmune disorders,have a critical influence on,onset of diabetes
autonomic nervous system,during,muscle contractions
available data,is associated with,FI
AVS,causal association,kidney function
AVS,had,no significant causal association
BACE1,has a role in,amyloid-β production
BACE1,is associated with,amyloid-β production
BACE1,is known for,role in amyloid-β production
BACE1,is associated with,Type 2 diabetes mellitus
BAG3,is associated with,first-phase insulin secretion in humans
BAG3,influences,insulin granule exocytosis
BAG3,influence of,β-cell functionality
BAG3,influences,β-cell functionality
BAG3,is a factor associated with,β-cell functionality
BAG3,is associated with,β-cell functionality
BAG3,influences,process of insulin granule exocytosis
bariatric surgery,led to,increase in proinflammatory cytokines in adipocyte secretome
bariatric surgery,resulted in,increase in proinflammatory cytokines in adipocyte secretome
bariatric surgery,led to,increase in proinflammatory cytokines in plasma levels
bariatric surgery,resulted in,increase in proinflammatory cytokines in plasma levels
basal bolus therapy + E group,compared to,elsewhere
basal insulin,is begun,appropriately
basal insulin treatment,is initiated for,individuals with T2DM
basal levels of Cer (33:1),could enhance,predictive power by 100% for changes in baPWV in the vitamin D group
basal levels of GM3 (44:4),could enhance,predictive power by 100% for changes in baPWV in the vitamin D group
basal once-daily insulins,are used in,type 2 diabetes mellitus
Basal-bolus insulin regimen,is associated with,worse glycemic baselines
Basal-bolus insulin regimen,results in,worse glycemic control
baseline AD biomarkers,were involved in,mediation of the influence of OH on cognition in T2DM
baseline alanine aminotransferase levels,can independently predict,differential responses to these drugs
baseline alanine aminotransferase levels,predict,differential responses to these drugs
baseline alanine aminotransferase levels,can predict,differential responses to these drugs
baseline alanine aminotransferase levels,predict,drug responses
baseline alanine aminotransferase levels,can predict,drug responses
baseline ALT levels,were significantly associated with,changes in HbA1c
baseline ALT levels,were significantly associated with,time in range at 24 weeks
baseline PCATa,predicts,changes in plaque composition and burden over 12 months
baseline pericoronary adipose tissue attenuation,was not associated with,changes in calcified plaque volume
baseline pericoronary adipose tissue attenuation,was associated with,changes in non-calcified plaque burden
baseline pericoronary adipose tissue attenuation,was significantly associated with,changes in total plaque burden
baseline pericoronary adipose tissue attenuation,was associated with,changes in total plaque volume
baseline pericoronary adipose tissue attenuation,was associated with,compositional plaque changes
Baseline Pericoronary adipose tissue attenuation,was associated with,compositional plaque changes
Baseline Pericoronary adipose tissue attenuation,is a predictor of,compositional plaque changes in T2DM without known CAD
Baseline Pericoronary adipose tissue attenuation,predicts,compositional plaque changes over 12 months in T2DM without known CAD
Baseline Pericoronary adipose tissue attenuation,was associated with,evaluated risk factors
baseline pericoronary adipose tissue attenuation,is associated with,increases in non-calcified plaque volumes
baseline pericoronary adipose tissue attenuation,is associated with,increases in plaque burden
baseline pericoronary adipose tissue attenuation,is associated with,increases in total plaque volumes
baseline pericoronary adipose tissue attenuation,was associated with,non-calcified plaque burden progression
baseline risk factors,contribute to,progression to albuminuria
basis,for,changes in cognitive function in diabetic patients
Bayesian co-localization analysis,use,"evaluate the posterior probabilities of different causal variations, shared causal variations, and co-localization probabilities"
being generally obese,increased the risk of,cardiovascular all-cause mortality
being generally obese,in comparison with,non-obese
being obese,was compared with,non-obese individuals
Beneficial bacteria L,due to,levels of SCFAs
Beneficial bacteria Lactobacillus,increases,abundance
beneficial effect of improving glucose metabolism,was caused by,gut microbiota dysbiosis
benefits,associated with,infusion
benefits,are associated with,infusion
benefits,contribute to,lowering the risk of HF
benefits,are associated with,Yoga intervention
benefits of the intake of these amino acids,for improving factors associated with,cardiovascular health
best cutoff value for Adipsin,to predict,Type 2 diabetes mellitus
best-fitting random-intercept mixed-effects (lm22) model,showed that,each patient's baseline glucose levels influenced subsequent glucose measurements
beta cell failure,can lead to,earlier requirement for insulin treatment
better quality of life,can result in,reduced health care expenditures
BF,risk factor for,low muscle mass
BF,was associated with,T2DM
Bidirectional Mendelian randomization analyses,provide,supporting evidence for a potential causal relationship between TET2-related CHIP and the development of T2DM
bidirectional Mendelian randomization Study,suggest that,Type 2 diabetes mellitus negative causal effect on Ulcerative colitis
Bidirectional MR,was used to examine,causal link between psoriasis and DM
Bidirectional MR,was conducted to examine,possibility of a causal link between psoriasis and DM
bidirectional univariable Mendelian Randomization analysis,was employed to,evaluate the causal effects of non-oily fish intake on type 2 diabetes
bidirectional univariate Mendelian randomization (UVMR),used to investigate,genetic causal relationship of Sarcopenia and 11 respiratory diseases
bilirubin,may causally contribute to,development of T2DM
bilirubin,may causally contribute to,protection
bilirubin,may causally contribute to,protection against T1DM
bilirubin,may causally contribute to,protection against T2DM
bilirubin,contribute to,protection against the development of T2DM
bilirubin,may causally contribute to,protection against the development of T2DM
binary logistic regression,was used to,identify factors influencing the severity of chronic pain in old patients with T2DM combined with chronic pain
bioactive compounds,influence,Alzheimer's disease progression
bioactive compounds,modulate,gene expression
bioactive compounds,have been shown to beneficially influence,glucose homeostasis
bioactive compounds,have been shown to beneficially influence,insulin sensitivity
bioactive compounds,including,polyphenols
bioactive compounds,have been shown to beneficially influence,problems associated with Type 2 diabetes mellitus
bioactive compounds including polyphenols,show,promising results in animal studies and clinical trials
biochemical parameters,include,"Glucose, Triglyceride, HDL, Albumin, WBC"
biochemical parameters and clinical characteristics,were independently associated with,glycemic deterioration
biological processes,associated with,dysglycaemic control
biological processes,associated with,spleen-dampness syndrome
biomarkers,may contribute to,better diabetes control
biomarkers,causal relationship is between,cognitive decline in Type 2 diabetes mellitus patients
biomarkers,causal relationship between,development of cognitive decline
birth weight,has causal relationship with,type 2 diabetes mellitus
birth weight,causal relationship between,type 2 diabetes mellitus
Bivariate Correlation,assessed,relationship between inflammatory biomarkers and diabetes status (glycosylated hemoglobin)
black tea drinks,with,dextrin
black tea drinks,with,inulin
black tea drinks,with,inulin and dextrin
black tea drinks with inulin and dextrin,reduced,PG fluctuations risk
blood,influenced by,influence
blood clots,can block,blood vessels
blood clots,lead to,heart attack or stroke
blood flow-restrictive resistance training,reduced,risk of atherosclerotic cardiovascular disease
Blood glucose,causal associations with,epilepsy
Blood glucose,have causal associations with,epilepsy
Blood glucose,associated with,epilepsy
Blood Glucose,associated with,increased all-cause mortality
blood glucose control,was improved in,adults with T2DM
blood glucose fluctuations,contribute to,clinical inertia
Blood glucose indexes,potential causal associations of,epilepsy
blood glucose levels,show no significant impact on,all processes
blood glucose levels,have no significant impact on,all processes
blood glucose levels,declined,more rapidly
blood glucose levels,that are,near normal
blood glucose levels,are factors associated with,obesity
blood glucose levels,are associated with,progression from pre-diabetes to diabetes
blood glucose levels,has predictive value for,severity of coronary artery disease
blood glucose levels,for,severity of coronary artery disease and cardiovascular adverse events
blood glucose levels,predict,time series analysis and forecasting
blood glucose levels,are measured to determine,type 2 diabetes diagnosis
blood glucose measurements,contribute to,clinical inertia
Blood Glucose quartiles,associated with,increased all-cause mortality
blood group A allele,is associated with,different diseases
blood group A allele,is associated with,heart failure
blood group A allele,is associated with,increased risk of multiple CMD
Blood group A allele,is associated with,increased risk of multiple CMD
blood group A allele,is associated with,variety of conditions
blood group A allele,is associated with,various conditions
blood group A allele,is associated with,venous thromboembolism
blood pressure (BP) variation,was known to be,independent predictor of all-cause mortality in patients with type 2 diabetes mellitus (T2DM)
blood pressure management,may be impacted by,study's findings
blood pressure management,may be influenced by,the study
blood samples,determined in,data
blood samples,were obtained,urine samples
blood sugar,can cause,death
blood sugar,can cause,death in serious cases
blood sugar level,for a long time,can cause death in serious cases
blood sugar level,can cause,death in serious cases
blood sugar levels,raises,slowly
BMD,is influenced by,insulin resistance
BMI,causal association between,Endometrial carcinoma risk
BMI,adjusting for,having a less negative attitude toward insulin treatment
BMI,is associated with,hyperuricemia
BMI,has causal relationship with,increased risk of liver cancer
BMI,was associated with,the outcome
BMI categorization,significantly influenced,hyperuricemia
BMI categorization,influenced,hyperuricemia
BMI categorization,significantly influenced,triglyceride levels
BMI categorization,influenced,triglyceride levels
body fat percentage,were causally associated with,abnormal spermatozoa
body fat percentage,associated with,abnormal spermatozoa
body fat percentage,associated with,abnormal spermatozoa in male infertility
body fat percentage,and,resistin
body mass index,influenced,disease progression
body mass index,include,factors influencing outcomes
body mass index,was associated with,higher incidence of urine ACR
body mass index,was associated with,increased risk of liver cancer
body mass index,associated with,increased risk of type 2 diabetes
body mass index,is associated with,inflammatory bowel disease
body mass index,associated with,inflammatory bowel disease
body mass index,associated with,pancreatitis
body mass index,mediate,pancreatitis
body mass index,are associated with,pancreatitis
body mass index,could increase,risk of AA
body mass index,associated with,rotator cuff syndrome
body mass index,was associated with,systolic blood pressure
body mass index,was associated with,type 2 diabetes mellitus
body mass index (BMI),influenced,associations between Type 2 diabetes mellitus and glycated hemoglobin with vascular and valvular calcifications
body mass index and inflammatory bowel disease,is associated with,pancreatitis
body weight,are factors associated with,obesity
body weight gain,with,insulin
body weight gain with insulin,is usually,modest
bone metabolic disorders,through,inflammatory responses
bone metabolic disorders,through,oxidative stress
bone-brain axis,may be a cause of,cognitive impairment in T2DM
both conditions,are known to cause,independent risk factor for cardio-cerebrovascular events (CCDs) and overall mortality
both conditions,are known to cause,low-grade inflammation
both genders,of,training and testing
both types of music,were associated with,significantly lower systolic blood pressure
BP-lowering treatment,was associated with,lower odds of dementia/CD in participants with cognitive impairment
brain,contains,hyperphosphorylated tau protein
brain atrophy,is especially significant in,highly susceptible regions
brain disorders,like,Alzheimer's disease
brain disorders,like,attention deficit hyperactivity disorder
brain disorders,like,obsessive compulsive disorder
brain functional network connectivity,changed,sleep habits
brain insulin,has been associated with,brain disorders
brain insulin resistance,contributes to,cognitive impairment
brain insulin resistance,is an early peripheral alteration that can lead to,development of pathologies such as obesity and Type 2 Diabetes Mellitus (T2
brain iron deposition,using,QSM
brain iron deposition,using,quantitative susceptibility mapping (QSM)
"breakdown of carbohydrates, lipids, and proteins",contributes to,excessive nutrient absorption
"breakdown of carbohydrates, lipids, and proteins",is a cause of,excessive nutrient absorption
"breakdown of carbohydrates, lipids, and proteins",leads to,progressive β-cell failure
Bronchiectasis,is also an independent protective factor for,asthma
BS,led to,significantly higher fasting
BS,led to,significantly higher fasting plasma glucose
burden of type 2 diabetes mellitus,attributable to,low birth weight
burden of type 2 diabetes mellitus attributable to low birth weight,is caused by,interventions
burning of fossil fuels,are the main causes of,climate change
BZYQF,alleviates,hyposalivation caused by T2DM
BZYQF,may alleviate,hyposalivation caused by T2DM
BZYQF,may be used to treat,hyposalivation caused by T2DM
BZYQF,alleviates,T2DM-caused hyposalivation
C-reactive protein,associated with,increased risk
C-reactive protein levels,were associated with,TyG index
C-reactive protein-triglyceride-glucose index,relationship with,all-cause and cardiovascular mortality
C-reactive protein-triglyceride-glucose index,relationship between,all-cause mortality
C-reactive protein-triglyceride-glucose index,is unclear,all-cause mortality
C-reactive protein-triglyceride-glucose index,relationship between,cardiovascular mortality
C-reactive protein-triglyceride-glucose index,is associated with,range of metabolic and inflammatory biomarkers
C-reactive protein-triglyceride-glucose index levels,association between,risks of all-cause mortality
C-reactive protein-triglyceride-glucose index levels,associated with,risks of all-cause mortality
C-reactive protein-triglyceride-glucose index levels,were assessed,risks of all-cause mortality
C-reactive protein-triglyceride-glucose index levels,association between,risks of cardiovascular mortality
C-reactive protein-triglyceride-glucose index levels,were assessed,risks of cardiovascular mortality
C. morifolium and probiotics combination,modulated,expression of genes associated with lipid metabolism
C. morifolium and probiotics combination,led to,liver receiving more substrates for fatty acid oxidation
C3 gene loci rs11569562,is associated with,incidence of type 2 diabetes mellitus combined with coronary heart disease
CAD,is a condition that can be associated with,reduced CAD copy number
CAD risk,was associated with,Hp2-2 phenotype
CAD-T2DM,was negatively associated with,presence of L-pipecolic acid
CAD-T2DM,was negatively associated with,presence of pipecolinic acid
cadmium,causes,cadmium
calcific aortic valvular stenosis,had an impact on,calcifications
calcific aortic valvular stenosis,both had an impact on,calcifications
calcific aortic valvular stenosis,was a cause of,elevated fasting glucose
calcific aortic valvular stenosis,had effect on,fasting glucose
calcific aortic valvular stenosis,had an impact on,fasting glucose levels
calcifications,was partially mediated by,both types of calcifications
calcium levels,mediation effects on,calcific aortic valvular stenosis
calcium levels,partially mediated,impact of Type 2 diabetes mellitus on both types of calcifications
calcium levels,mediation effects on,impact of Type 2 diabetes mellitus on coronary artery calcification
CAMP intervention,having,better attendance
CAMP intervention,having,better reach
CAMP intervention,having,comparable effectiveness in reducing the risk of T2DM
CAMP intervention,is expected to improve,postpartum care for GDM in China
CAMP intervention,reducing the risk of,T2DM
Canakinumab,is used in,prevention and control of type 2 diabetes mellitus
Cancer antigen (CA)199,is associated with,glucose and lipid metabolic disorder
cancer antigen (CA)199 levels,associated with,glucose and lipid metabolic disorder
candidate causal regulatory variants,for,type 2 diabetes mellitus
carbonyl stress,due to,decreased glyoxalase-1 activity (Glo-I)
cardiac function abnormalities,caused,increased myocardial fibrosis
cardiac function abnormalities,increased,myocardial fibrosis
cardiac structure changes,including,left ventricular hypertrophy
cardiac structure changes,including,reduced right atrial dimensions
Cardiometabolism,may contribute to,lowering the risk of HF
cardioprotective effects of SGLT2i,are targeted by,FOXO1-ANGPTL4 axis
Cardiorespiratory fitness,is closely associated with,risk factor for new-onset diabetes
cardiotoxic therapies,increase the risk of,cardiovascular complications
cardiotoxicity,is associated with,anthracycline
cardiotoxicity,is associated with,trastuzumab
cardiovascular and renal diseases,represent,major determinant for the morbidity and mortality associated with obesity and type 2 diabetes mellitus (T2DM)
cardiovascular complications,are not understood because of,lack of sufficient data
cardiovascular complications,represent,leading cause of mortality among individuals with diabetes
cardiovascular disease,among,individuals with type 2 diabetes mellitus
cardiovascular disease,is a leading cause of,morbidity and mortality
cardiovascular disease,is a leading cause of,mortality in Type 2 diabetes
Cardiovascular disease (CVD),is a leading cause of,death in women
Cardiovascular disease (CVD),causes,global health crisis
cardiovascular diseases,are the leading cause of,global mortality
cardiovascular diseases,represent a significant cause of,morbidity and mortality
cardiovascular diseases,are commonly associated with,T2DM
cardiovascular events,are associated with,increased risk of DR in T2DM
cardiovascular mortality rates,were observed among,participants in the 4th ALP quartile
cardiovascular outcomes,remains,remains inadequately understood
cardiovascular protective effects,are mainly due to,enhancing cardiac function
care,leads to,reduction in maternal and neonatal adverse outcomes
care,will lead to,reduction in maternal and neonatal adverse outcomes
care,will result in,reduction in maternal and neonatal adverse outcomes
care,will result in,reduction of maternal and neonatal adverse outcomes
care of individuals with PDM,is intended to lead to,reduction in maternal and neonatal adverse outcomes
care of individuals with PDM,should lead to,reduction in maternal and neonatal adverse outcomes
carnitine supplementation,increased,acetylcarnitine concentration in muscle
Carnitine supplementation,increased,acetylcarnitine concentration in muscle
cases of MACCE,comprised,all-cause mortality
cat,chased,mouse
categorization,was caused by,diabetic nephropathy
categorization,was due to,progression of diabetic nephrop
causal AI-powered clinical trials,for,important measurements for T2DM
causal AI-powered clinical trials,can emulate,LEAD-5 trial
causal association,was found between,"FI and osteoporosis, vitamin D deficiency, and hyperthyroidism"
causal association,still established after,multiple comparisons
causal association between DM and TB,was investigated by,MR studies
causal association between group disorders and type 2 diabetes mellitus,through,gut microbiota
causal associations,were with,diseases
causal associations,were validated in,FinnGen cohort
causal associations,may warrant,further verification
causal associations,had p-value,greater than 0.05
causal associations,had FDR p-value,greater than 0.05
causal associations,between,gut microbiota and type 2 diabetes mellitus
causal associations,between,multiple pesticides
causal associations,were found,No
causal associations,were identified,no other
causal associations,are underpinned by,potential metabolic pathways
causal associations,were found,the other direction
causal associations,could be found,the other direction of the disease
causal associations,for,TUFM and HIBCH
causal associations,verified by,two-sample MR analysis
causal associations,remain unclear,type 2 diabetes mellitus
causal associations and colocalization effects,were validated in,specific tissues
causal connection,might be,confused
causal connection,is with,development of diabetic nephropathy
causal connection,exists in,which direction
causal correlation,was in,National Health and Nutrition Examination Survey study
causal correlation of significant associations,was to be in,National Health and Nutrition Examination Survey study
causal effect,was not independent of,apolipoproteins
causal effect,was independent of,"BMI, HTN, and T2DM"
causal effect,was influenced by,decrease
causal effect,was influenced by,decrease in the gut microbiota abundance of the genus Ruminococcus
causal effect,was partially mediated by,IL-12B
causal effect,was evaluated using,IVW model
causal effect between Kandleria vitulina species and type 2 diabetes mellitus,is mediated by,IFN-γ
causal effect of Type 2 Diabetes Mellitus on PUs,was independent of,BMI
causal effect PBC,no evidence of,T2DM
causal effect PBC on T2DM,was found,IVW OR 1.010
causal effects,were visualized via,"Circos plot, forest plot, and scatter plot"
causal effects,were examined by,Inverse Variance Weighted (IVW) test
causal effects,were evaluated using,"inverse variance weighted (IVW), MR-Egger, weighted median, simple mode, and weighted mode"
causal effects,were examined by,MR-Egger
causal effects,were evaluated using,multiple methods
causal effects,were evaluated using,multiple MVMR approaches
causal effects,were examined by,simple mode
causal effects,were examined by,weighted median
causal effects,were examined by,weighted mode
causal estimates,are robust to,violations of MR underlying assumptions
causal inference methods,are used to explore,causal relationships
causal inference methods,are used to explore,causal relationships between diseases
causal inference methods,are used for,exploring causal relationships
causal inference methods,are used for,exploring causal relationships between diseases
causal influence of T2DM,on,ED
causal link between ankylosing spondylitis and type 2 diabetes,has impact on,traits related to glucose metabolism
causal link between T2DM and PaCa,without,pleiotropic effects
causal link between these metabolites,evaluate,Type 2 diabetes
causal link between these metabolites,to evaluate,Type 2 diabetes
causal links,establishing,misdiagnosis
causal links,were initially observed between,remaining four exposure factors and MS
causal mediating effect,largely,remains unexplored
causal mediating effect,between,them
Causal mediation analysis (CMA),was then conducted to examine,mediating role of common risk factors
causal mediation analysis (CMA),was conducted to examine,mediating role of common risk factors
causal mediation analysis (CMA),was then conducted to examine,mediating role of common risk factors
causal nature,of,these relationships
causal properties between them,remain,poorly defined
causal relationship,was analyzed using,bidirectional Mendelian randomization
causal relationship,between,components of MetS and AA
causal relationship,is inferred from,exposure and outcome
causal relationship,was mediated by,HDL-C
causal relationship,may be influenced by,inflammatory responses
causal relationship,is influenced by,inflammatory responses
causal relationship,exists between,serum uric acid and diabetic microvascular complications
causal relationship,are to be investigated by,the study
causal relationship,to be investigated by,the study
causal relationship,remains unclear,these conditions
causal relationship between birth weight and type 2 diabetes mellitus,is mediated by,potential modifiable risk factors
causal relationship between birth weight and type 2 diabetes mellitus,is affected by,potential modifiable risk factors
causal relationship between birth weight and type 2 diabetes mellitus,is impacted by,potential modifiable risk factors
causal relationship between cheese intake and T2DM,including,ophthalmic and peripheral vascular issues
causal relationship between cheese intake and T2DM,includes,ophthalmic issues
causal relationship between cheese intake and T2DM,includes,peripheral vascular issues
causal relationship between cheese intake and T2DM,along with,specific complications
causal relationship between insomnia and LBP,using,MR methods
causal relationship between kidney function and AVS,using,Mendelian randomization (MR) analysis
"causal relationship between lifestyle, diet, and inflammatory factors",is subject to,debate
causal relationship between these biomarkers and the development of cognitive decline in Type 2 diabetes mellitus patients,remains,unclear
causal relationships,were determined using,at least two MR methods
causal relationships,need to be explored by means of,causal inference methods
causal relationships,should be explored using,causal inference methods
causal relationships,are unclear,potential confounding factors
causal relationships,between,them
causal relationships,remain,unknown
causal relationships between diseases,need to be explored using,causal inference methods
causal relationships between diseases,should be explored using,causal inference methods
causal relationships of circulating lipids,mediating,GLP1R agonists
causal relationships of circulating lipids,mediating,GLP1R agonists in HF
causal relationships of circulating lipids mediating GLP1R agonists,were investigated,in HF
causal roles of adjustable risk factors,remain,insufficiently understood
causal SNPs,mapped to,genes
cause,is not,clear
cause-specific mortality status,was determined by,NHANES Public-Use Linked Mortality Files
caution,due to,low sample size
CC genotype,is associated with,higher MS risk
CCN5,cannot serve as,predictive marker
CCN5,can serve as,predictive marker
CCN5,may not serve as,predictive marker
CCN5,serve as,predictive marker
CCN5 serum levels,are associated with,risk of developing CAD
CCN5 serum levels,are associated with,risk of developing T2DM
CCN5 serum levels,are positively associated with,risk of developing T2DM and CAD
CD,was associated with,increased risk of T1DM
CD36,contribute to,β-cell impairment
CD36,through,pathways involving ceramide
cells,had,angiogenesis
cells,protected by,"GSIS, PDX1, MafA mRNA expression"
cells,protected by,"upregulating GSIS, PDX1, MafA mRNA expression"
central adiposity,increased the risk of,cardiovascular in type 2 diabetes
central nervous system KATP channel activation,lead to,brain insulin resistance
central nervous system KATP channel activation,regulate,peripheric glycemia
cerebrovascular injury,may be a cause of,epilepsy
certain levels of inflammatory bowel disease,associated with,pancreatitis
cg06500161 site of the ABCG1 gene,interaction of,environmental factors
cg06500161 site of the ABCG1 gene,interact with,environmental factors
cg06500161 site of the ABCG1 gene,interact with,rs7901695 site of the TCF7L2 gene
CGM,offers,advantages in diabetes management
CGM,has impact on,long-term glycemic control
change in BMI,was due to,higher caloric intake from additional fiber
change of insulin regimen,to,insulin degludec/insulin aspart
change of insulin regimen to insulin degludec/insulin aspart,was associated with,improvement in glycemic control
change of insulin regimen to insulin degludec/insulin aspart,was associated with,increase in hypoglycemia
changed brain functional network connectivity,are associated with,increased risk of T2DM
changed brain functional network connectivity,influence,risk of T2DM
changed brain functional network connectivity,contribute to,risk of T2DM
changed brain functional network connectivity and sleep habits,impact,risk of T2DM
changed sleep habits,are associated with,increased risk of T2DM
changes,were to,foods that have low glycemic response
changes,are associated with,insulin resistance
changes,associated with,insulin resistance
changes,were to,low glycemic response foods
changes,associated with,T2DN
changes,were associated with,tau hyperphosphorylation
changes associated with PreDM,are common to,both syndromes
changes in AES,were not associated with,changes in biomarkers
changes in cerebral neurotransmitter levels,are associated with,variety of neurological abnormalities
changes in gene expression,were due to,aspirin
changes in gene expression,were a result of,aspirin
changes in hepatic glucose output,are likely caused by,Carnosine supplementation
changes in insulin sensitivity,occur in,obesity
changes in insulin sensitivity,due to,obesity
changes in insulin sensitivity,occur in,T2DM
changes in insulin sensitivity,due to,T2DM
changes in interstitial fluid dynamics,are associated with,insulin resistance
changes in leukocyte telomere length,associated with,sarcopenia
changes in metabolites,due to,Tai Chi exercise modality
changes in metabolites,different from,those due to brisk walking exercise modality
changes in microglia,are associated with,hyperglycemic conditions
characteristic metabolites,had,metabolic impacts
cheese consumption,remains,specific impact
chemical and immunological mediators,released into,circulation
chemical and immunological mediators,are the cause of,T2DM
chemical and immunological mediators,are the cause of,worsening of T2DM
chemical and immunological mediators,are the cause of,worsening systemic insulin resistance
chemical and immunological mediators released into the circulation,as part of,periodontal inflammation
chemokines,cause,cerebrovascular damage
Chiglitazar,shows promising efficacy for,glycemic control in patients with type 2 diabetes mellitus associated with metabolic syndrome or IR
childhood obesity,is associated with,attention deficit hyperactivity disorder
childhood obesity,could lead to,different comorbidities and complications
childhood obesity,can lead to,metabolic dysfunction-associated steatotic liver disease
childhood obesity,increases the risk of,myocardial infarction
childhood obesity,increases,risk of type 2 diabetes mellitus
childhood obesity,is associated with,sleep disorders
childhood obesity,can lead to,wide range of negative health consequences
childhood obesity in children,can lead to,complications
childhood obesity in children,can lead to,dyslipidemia
childhood obesity in children,can lead to,insulin resistance
childhood obesity in children,can lead to,type 2 diabetes mellitus (T2DM)
China,is worth noting that,China has a significant gap in the presentation of results in top-tier journals
China,has a significant gap in,depth of international collaboration
China,has a significant gap in,presentation of results in top-tier journals
China,is worth noting that,significant gap in terms of the depth of international collaboration and the presentation of results in top-tier journals
CHK2,causes,DNA damage
cholecalciferol,impact was investigated on,C-peptide
cholecalciferol,impact of,C-peptide levels
cholecalciferol,impact was analyzed on,"C-peptide, serotonin, and neurotrophin-3 levels"
cholecalciferol,impact on,"C-peptide, serotonin, and neurotrophin-3 levels"
cholecalciferol,impact on,depression
cholecalciferol,impact was investigated on,neurotrophin-3 levels
cholecalciferol,impact of,neurotrophin-3 levels
cholecalciferol,impact was investigated on,serotonin
cholecalciferol,impact of,serotonin and neurotrophin-3 levels
cholecalciferol,impact of,serotonin levels
cholecalciferol mechanisms,analyzing impact on,"C-peptide, serotonin, and neurotrophin-3 levels"
cholesterol,was associated with,higher incidence of urine ACR
chronic disease,causes,dysregulation of blood glucose
chronic hyperglycemia,leads to,biomechanical alterations in vascular SMCs
chronic hyperglycemia,resulting from,both
chronic hyperglycemia,resulting from,deficits in insulin action
chronic hyperglycemia,resulting from,deficits in insulin secretion
chronic hyperglycemia,leads to,functional alterations in vascular SMCs
chronic hyperglycemia,is one such factor that leads to,pathogenesis of Type 2 diabetes mellitus arterial remodeling
chronic hyperglycemia,leads to,vascular SMC alterations
chronic inflammation,can lead to,microvascular complications
chronic inflammatory state,causes,increased risk
chronic inflammatory state,is a cause of,increased risk
chronic inflammatory state,is associated with,type 2 diabetes
chronic inflammatory state,associated with,type 2 diabetes
chronic inflammatory state,is caused by,type 2 diabetes
chronic inflammatory state associated with type 2 diabetes,causes,increased risk
chronic inflammatory state associated with type 2 diabetes,is a cause of,increased risk
chronic kidney disease,were identified as mediators of,GV and 1-year all-cause mortality
chronic low-grade inflammation,leads to,development of type 2 diabetes mellitus
chronic low-grade inflammation,is associated with,insulin resistance
chronic low-grade inflammation,leads to,insulin resistance
chronic low-grade inflammation,is associated with,poor glycemic control
chronic low-grade inflammation,leads to,type 2 diabetes
chronic low‐grade inflammation in AT,leads to,IR
chronic low‐grade inflammation in AT,results in,MetS
chronic metabolic disease,caused by,insufficient insulin secretion
chronic metabolic disease,caused by,insulin resistance (IR)
chronic metabolic disorder,significantly,impacts cognitive health
chronic or recurring hyperglycemia,can lead to,increased MGO production
cIMT,is associated with,being normal weight
cIMT,is associated with,elevated triglyceride-glucose index
CINeMA assessments,rated,most comparisons
cinnamon taken as capsules,resulted in,loss or significant diminishment of these anti-hyperglycemic effects
circadian rhythm disruption,increases,risk of T2DM
circulating 25-hydroxyvitamin D,associated with,insulin secretion
circulating 25-hydroxyvitamin D,associated with,time in range
circulating lipids,mediating,GLP1R agonists in HF
circulating metabolites,are associated with,genetically anticipated biological linkage
circulating oestrogen,loss of,inflammatory cascades
cis-SNPs of GIPR,associated with,gene expression level
Citalopram,have an impact on,glucose metabolism
Citalopram,have an impact on,lipid metabolism
citrate synthase (CS),are associated with,insulin resistance
Class Clostridia,was associated with,reduced MOD risk
classification system,could predict,risk of DKD in Chinese patients with T2DM
cleavage of the insulin receptor,led to,reduced insulin receptor levels
climate change,has impact on,environment
clinical characteristics,include,"BMI, diabetes duration >10 years, insulin use"
clinical features of T2DM,are influenced by,multiple metabolic diseases
clinical impact,is lacking in,evaluation
clinical inertia,is caused by,fluctuations in blood glucose measurements
clinical manifestations of OLP,are associated with,metabolic challenges
clinical parameters,based on,predict the course of disease
clinical parameters,based on,these patients
clinical practice guidelines,recommend,A1C targets
clinical setting,directly associated with,cognitive decline condition
clinical significance features selection,with,over-sampling methods
clinical trial,aim of,evaluate the liver test results in patients with T2DM and NAFLD
CMA,examine,mediating role of common risk factors
co-localization probabilities,by evaluating,genetic confounding
co-occurring cerebrovascular disease,leads to,faster declines
cocaine abuse,causes,damage to the cardiopulmonary system
cocaine abuse,causes,damage to the renal system
cocaine abuse,led to,diabetic ketoacidosis/hyperglycemic hyperosmolar state
cocaine inhalation,caused,pulmonary damage
code,needs to be modified,"handle the ""and/or"" and ""and"" conjunctions"
coefficient of variation,associated with,HbA1c/GA
cognitive decline,are due to,Alzheimer's disease AD
cognitive decline,are exacerbated due to,interaction
cognitive decline,is associated with,Parkinson's disease
cognitive decline in Parkinson's disease,is associated with,this condition
cognitive deficits,are associated with,metabolic disorders
cognitive deterioration,was associated with,diabetes ketoacidosis
cognitive deterioration,in comparison with,hypoglycemic events
cognitive dysfunction,is associated with,diabetes mellitus
cognitive dysfunction in patients with T2DM,severely impacts,their quality of life
cognitive function,remains,controversial
cognitive function,has an impact on,exercise
cognitive impairment,in the,Acute ischemic stroke phase of AIS
cognitive impairment,associated with,diabetes
cognitive impairment,is associated with,energy metabolism disruption
cognitive impairment,is closely associated with,hippocampal neuroinflammation
cognitive impairment,through,inflammatory responses
cognitive impairment,plays a significant role in,link between T2DM and all-cause mortality in older individuals
cognitive impairment,is a significant factor in,link between T2DM and all-cause mortality in older individuals
cognitive impairment,is associated with,link between T2DM and all-cause mortality in older individuals
cognitive impairment,associated with,obesity
cognitive impairment,through,oxidative stress
cognitive impairment,mediates,relationship of T2DM with all-cause mortality
cognitive impairment,is significant in the link between,T2DM and all-cause mortality in older individuals
cognitive impairment,is associated with,tau hyperphosphorylation
cognitive impairment,associated with,type 2 diabetes mellitus
cognitive scores of T2DM,compared to,control group
cognitive scores of T2DM,especially in,men
cognitive scores of T2DM,were less influenced by,music
cohort,is necessary,larger
cold exposure,leads to,anti-diabetic effect of plasma-derived EVs
cold exposure,impacts,development of T2DM
cold exposure,causes,release of plasma-derived EVs
cold exposure,leads to,release of plasma-derived EVs
cold exposure test,revealed,loss of cholesterol sulfotransferase SULT2B1
cold exposure test,revealed,something may have contributed to increased energy expenditure
colocalization analysis,was utilized to identify,causal variants shared between plasma proteins and CVDs
colocalization analysis,conclusively identified,single causal variant
colocalization analysis,is used to determine,whether genes and diseases share the same causal variant
colocalization effects,for,TUFM and HIBCH
"combination of age, platelet GSK-3β activity and ApoE ε4 genotype allele",predicted for,Type 2 diabetes mellitus mild cognitive impairment
combination of genetic factors,is caused by,it
combination of Group A and Group B,was better tolerated and improved,glycemic control
combination of Group A and Group B,improved better than,lipid profile
combination of Group A and Group B,improved lipid profile better than,metformin plus glimepiride
combination of Group A and Group B,was better tolerated than,metformin plus glimepiride in lipid profile
combination of Group A and Group B,compared to,metformin plus glimepiride in lipid profile
combination of insulin resistance and relative insulin shortage,caused by,pancreatic beta cell failure
combination of Lactobacillus rhamnosus LRa05 and hypoglycemic medications,positively impacted,glycemic control
combination of Lactobacillus rhamnosus LRa05 and hypoglycemic medications,had,positive impact on glycemic control
combination of multiple neuropathologies,and,co-occurring cerebrovascular disease
combination of multiple neuropathologies,leads to,faster declines
combination of multiple neuropathologies and co-occurring cerebrovascular disease,leads to,faster declines
combination of thiamine and niacin,of,impact
"combination, C. morifolium and probiotics",led to,combination acting on the liver
combined impact of different indicators,was assessed on,ALP differences in cardiovascular mortality risk
combined intervention,leads to,more patients achieving normal glucose tolerance
combined use of vitamins,than,each alone
combined use of vitamins,more beneficial than,each vitamin alone
combined use of vitamins,had,more beneficial impact
combined use of vitamins,had,more beneficial impact on macro and microvascular complications in diabetes
commencement of flash glucose monitoring,was associated with,HbA1c reduction of 0.89 % (95 % CI 0.71 to 1.08) (9.8 mmol/mol (95 % CI 7.8 to 11.8))
common hearing disorders,lead to,HL
community-based diabetes self-management education,was provided by,intervention
comorbid Type 2 diabetes mellitus,may contribute to,reduced life expectancy observed in patients with schizophrenia
comorbidity of T2DM and AD,is due to,overlap between the diseases
comorbidity of T2DM and AD,is due to,their shared pathophysiology
comorbidity of T2DM and AD,is due to,underlying mechanisms
comparison,was in,adults with T2DM
comparison,was in,England
comparison,resulted in,P value of less than 0.05
comparison,was made in,patients with T2DM
comparison,resulted in,statistically significant difference
complement proteins,were involved in,mediation of the influence of OH on cognition in T2DM
complexity of the interaction network,increasing,decreased insulin sensitivity
complexity of the interaction network,was a cause of,decreased insulin sensitivity
complexity of the interaction network,was inversely associated with,insulin sensitivity
complexity of the interaction network,increased,insulin sensitivity
complexity of the interaction network,resulted in a decrease in,insulin sensitivity
complications,associated with,chronic pathophysiological process of type 2 diabetes mellitus (T2DM)
complications,increase in severity with,disease duration
complications,increase in severity,disease duration
complications,increase in severity as,disease progresses
complications,led to,high morbidity and mortality rates
complications,increase,risk of disability
complications,increase in severity over time,time
complications,are associated with,type 2 diabetes mellitus
complications,associated with,type 2 diabetes mellitus
complications in people with diabetes,especially in the,Type 2 Diabetes Mellitus (T2DM) field
complications of PH,were influenced by,prediabetes
complications of PH,were influenced by,presence of Type 2 diabetes mellitus
complications of T1DM and T2DM,are likely to be associated with,varied levels of several antioxidants
complications of Type 2 diabetes mellitus,impact,patients' quality of life
components of metabolic syndrome,are associated with,aortic aneurysm
components of metabolic syndrome,associated with,aortic aneurysm
composite of all-cause mortality,includes,stroke
"composition of carbohydrates, amino acids, and fats",from,natural ingredients in the smoothies
"composition of carbohydrates, amino acids, and fats from natural ingredients in the smoothies",may contribute to,positive effects
composition of gut microbiota,is modulated,Artemether
composition of these ingredients,may contribute to,positive effects
compositional plaque changes,were associated with,baseline pericoronary adipose tissue attenuation
compounds,were predicted using,molecular dynamics simulation
comprehensive proteome-wide MR study,to assess,causal relationship between plasma proteins and the risk of CVDs
compromised skeletal muscle,may contribute to,increased levels of sedentary behavior during prediabetes
compromised therapeutic outcomes,due to,overwhelming demands
computer use,was associated with,reduced risk of IVDD
computer use,was associated with,reduced risk of LBP
conclusive evidence,establishing,direct causal relationship
condition,caused by,abrupt change in glucose levels
condition,is typically caused by,abrupt change in glucose levels
condition,possibly caused by,altered small molecule transport
condition,increases the risk of,cardiovascular risk
condition,is due to,dyslipidemia
condition,leads to,elevated blood glucose levels
condition,can be predicted by,hs-CRP/HDL ratio
condition,is associated with,impaired activation of the Heart failure with preserved ejection fraction signaling pathway
condition,is associated with,increased risk of cardiovascular disease
condition,increases the risk of,liver-related complications
condition,is due to,metabolic disorders
condition,is associated with,multiple health problems
condition,possibly caused by,oxidative stress
condition,is possibly caused by,oxidative stress
condition,is typically caused by,poorly controlled diabetes
condition,increases,risk of disability and death
condition,has a negative causal effect on,Ulcerative colitis
condition of diabetic Heart failure with preserved ejection fraction patients,is associated with,heightened inflammation
condition PPM,is associated with,increasing impact of obesity on pregnancy outcomes
condition PPM,associated with,increasing impact of obesity on pregnancy outcomes
conditions,were designed to,cause damage
conditions,are associated with,epidemiological research
conditions,associated with,epidemiological research
confidence interval of 0.28-0.92,was associated with,P value of less than 0.05
confidence interval of 0.52-1.00,was associated with,P value of less than 0.05
confidence intervals,were for,all-cause mortality risk
confirmation of a causal connection,is impeded by,inherent limitations of such studies
conflicting reports,are still present regarding,multiple anti-DM agents
confounding,even after adjusting,high-dimensional confounders
confounding variables,caused,unclear relationship between Nontoxic goitre traits and type 2 diabetes mellitus
connection,is evidenced in,the way depressive symptoms impact diabetes management
consumption of all three doses of Reducose(®),resulted in,significantly lower blood glucose
consumption of all three doses of Reducose(®),resulted in,significantly lower plasma insulin levels
Consumption of Parboiled rice,led to,significantly lower postprandial glucose responses in healthy subjects
consumption of ultra-processed foods,has been associated with,negative health outcomes
Continuous energy restriction,exert positive influences on,weight control and metabolic profile enhancement
control group,was labeled,B
control group,was provided with,dietary recommendations for vegetable intake
control group,had,no p-value associated with its P1NP serum concentration
control group,did not have,p-value associated with its P1NP concentration
controls,were treated with,vehicle
controversy,was due to,uncontrolled and uncertain confounding factors
controversy,due to,uncontrolled and uncertain confounding factors
COPD,had a positive causal effect on,T2DM
cornerstone first-line therapy,due to,efficacy and affordability
cornerstone first-line therapy,due to,safety and affordability
cornerstone first-line therapy,due to,safety and efficacy
coronary artery disease,is a condition associated with,link between T2DM and CAD
coronary artery disease,showed positive causal relationship,"plasma proteins A4GNT, COL6A3, KLC1, CALB2, KPNA2, MSMP, ADH1B"
coronary artery disease,is associated with,poor prognosis in patients with type 2 diabetes mellitus
coronary heart disease patients,receiving,contemporary statin therapy
coronary heart disease patients receiving contemporary statin therapy,following,DES implantation
coronavirus disease 2019 (COVID-19) pandemic,has increased,risk of severe illness and mortality
coronavirus SARS-CoV-2,is the cause of,the disease
corrected HbA1c models,exhibited,satisfactory predictive performance
corrected IVW estimates,suggested,increased relative abundance of family Oxalobacteraceae
correlation,was with,HbA1c
correlation,was found in,our study
cost impact of CGM,was compared with,traditional self-monitoring of blood glucose
course of disease,based on,clinical and radiological parameters
course of disease,can be predicted,clinical parameters
course of disease,predict,clinical parameters
course of disease,predict,radiological parameters
course of disease,predict,these patients
course of disease in these patients,predict,clinical and radiological parameters
course of disease in these patients,predict,clinical parameters
COVID-19,caused by,coronavirus SARS-CoV-2
COVID-19,across the,globe
COVID-19,has emerged as,rapidly spreading contagious disease
COVID-19 pandemic,contributed to,huge financial losses
COVID-19 pandemic,has caused,severe health issues worldwide
COVID-19 pandemic,started,study
Cox proportional hazards regression model,was related to,all-cause mortality
Cox proportional hazards regression model,analyzed,relationship between TITRE and all-cause mortality
Cox proportional-hazard models,were used to evaluate,risk of death associated with Type 2 Diabetes Mellitus
Cox proportional-hazards models,were used to estimate,risks of incident peripheral artery disease associated with LMIIs
CR1 gene level,was associated with,both cognitive and executive functions
CR1 gene level,is associated with,cognitive functions
CR1 gene level,is associated with,executive functions
CR1 gene level,is associated with,overall cognitive and executive functions
CR1 gene level,was negatively associated with,overall cognitive function
creatinine,were identified as mediators of,GV and 1-year all-cause mortality
Crohn's disease,causal relation,ulcerative colitis
Crohn's disease,causal relation between,ulcerative colitis
crucial enzyme,involved in regulating,inflammation
CT genotypes,were associated with,increased risk of type 2 diabetes mellitus T2DM
culture,was a factor of,influence
curcumin,led to,significant reductions
curcumin supplementation,was particularly effective due to,anti-inflammatory and antioxidant properties
curcumin supplementation,was particularly effective due to,anti-inflammatory properties
curcumin supplementation,was particularly effective due to,other properties
curcumin's anti-inflammatory and antioxidant properties,was due to,this association
current investigation,was to explore,causal relationship between Type 2 Diabetes Mellitus and male reproductive functions impairment
current investigation,furnishes,evidence supporting a causal association between Type 2 Diabetes Mell
current investigation,provides,evidence supporting causal association between Type 2 Diabetes Mellitus and male reproductive functions impairment
current knowledge from human studies,is on,impact of soluble cereal fiber
current protocol design,will evaluate,efficacy of EPL in patients with MASLD associated with T2DM and/or hyperlipidemia and/or obesity
current protocol design,will assess,safety of EPL in patients with MASLD associated with T2DM and/or hyperlipidemia and/or obesity
CVAI,was positively associated with,CA-7S
CVAI,was positively associated with,DLCA
CVAI,was positively associated with,unconjugated SBAs
CVD risk reduction,is associated with,ACLY inhibition
CVDs,is the abbreviation for,cardiovascular diseases
cyanidin-3-O-glucoside,extracted from,red bayberry
cyanidin-3-O-glucoside extracted from red bayberry,resulted in,insulin resistance
Cyclosporin A (CsA),used with,it
Cyclosporin A (CsA),confirm the role of,oxidative stress in mitophagy and mitochondrial dysfunction
Cyclosporin A (CsA),are used to confirm,role of oxidative stress in mitophagy and mitochondrial dysfunction
Cytochrome c (CC),are associated with,insulin resistance
cytokine-related neurotoxicity,is caused by,IL-6 and TNF-alpha
cytokines,cause,cerebrovascular damage
cytokines or chemokines,cause,cerebrovascular damage
DACI,is associated with,T2DM
DACI,is a complication of,T2DM
DACI,is a complication that results from,T2DM
damage,is caused by,glycolipid metabolism disorders
damage,was caused by,Porphyromonas gingivalis
Dapagliflozin,does not increase the risk of,adverse effects or outcomes
dapagliflozin,has effects on,glucose levels
dapagliflozin,was associated with,reduction of left atrium volume index
Dapagliflozin,was associated with,reduction of Left atrium volume index
Dapagliflozin intervention,can promote the improvement of,blood glucose indexes
Dapagliflozin intervention,can significantly inhibit,inflammatory indexes in patients with Coronary atherosclerotic heart disease combined with T2DM after PCI
Dapagliflozin intervention,can promote the improvement of,myocardial microperfusion
Dapagliflozin intervention,can reduce,the risk of occurrence
Dapagliflozin intervention,can promote the improvement of,ventricular remodeling
dapagliflozin's effects,are influenced by,genetic variants
data,revealed,improved lipid profiles and hs-CRP levels
data,from,various sources
data captured,was on,all-cause fatalities
data captured,was on,cardiovascular disease-specific fatalities
data extraction,focused on,causal effect estimates
data extraction,focused on,MR methodology
data extraction,focused on,study characteristics
data mining approach,construct,predictive model of hs-CRP measurements
data obtained from the CGM sensor,is time series to predict,blood glucose levels
data-driven MR analysis,revealed,Sarcopenia was bidirectional causally associated with lung diseases
databases,included,randomized controlled trials regarding the impact of probiotics on glycemic control in patients with T2DM
datasets,were used to predict,study T2DM
datasets,used to predict,T2DM
DCA supplementation,promoted,lipolysis
DCA supplementation,alleviated,obesity
death,causes,diabetic nephropathy with type 2 diabetes
deaths,were due to,cancer
deaths,were due to,CV
decision tree model,used,biochemical factors and clinical features
decision tree model,was used to predict,high-sensitivity C-reactive protein level
decision tree model,was able to predict,high-sensitivity C-reactive protein level
decisions,impact,care of patients with type 1 diabetes mellitus
decisions,impact,care of patients with type 2 diabetes mellitus
decline in ejection fraction and fractional shortening,increased,myocardial fibrosis
decoction,may be associated with,ability to regulate the trimethylamine N-oxide metabolic pathway of intestinal microbiota
decoction,can reduce,risk of macrovascular lesions
decoction,can reduce,risk of macrovascular lesions in type 2 diabetes mellitus
decrease,is associated with,reduction in p70 S6 kinase 1 (S6K1) expressions
decrease,occurred in,subgroups
decrease in blood glucose levels,when compared with,T2DM rats (group 2)
decrease in circulating insulin,when compared with,T2DM rats (group 2)
decrease in hepatic phosphorylation of mammalian target of rapamycin complex C1 (mTORC1),results in,reduction in hepatic sterol regulatory element binding protein (SREBP)-1c expressions
decrease in hepatic phosphorylation of mammalian target of rapamycin complex C1 (mTORC1),is associated with,reduction in p70 S6 kinase 1 (S6K1) expressions
decrease in inflammatory cytokine levels,may be the cause of,improvement in weight and insulin resistance
decrease in inflammatory cytokine levels,is the cause of,improvement in weight and insulin resistance
decrease in inflammatory cytokine levels,may be associated with,improvement in weight and insulin resistance
decrease in peripheral insulin sensitivity,is caused by,reduction in hepatic glycogen synthesis
decrease in TGF-β expression,is associated with,regulation of the pro-inflammatory markers
decrease in the abundance of probiotics,was caused by,longer course of Type 2 diabetes mellitus
decrease of Dopa decarboxylase activity,may lead to,decrease of the production of tryptophan microbial derivative skatole
decreased glyoxalase-1 activity (Glo-I),leads to,carbonyl stress
decreased glyoxalase-1 activity (Glo-I),is a significant contributor to,insulin resistance
decreased glyoxalase-1 activity (Glo-I),is a significant contributor to,vascular complications
decreased heart rate variability,with,unclear intermediate mechanism
decreased HOMA-IR,was associated with,increased mPFC-basal ganglia resting-state functional connectivity
decreased insulin sensitivity,was caused by,increased complexity of the interaction network
decreased insulin sensitivity,was associated with,increasing complexity of the interaction network
decreased type 2 diabetes mellitus of T2DM,by,IVW method in GCST90013942
decreased type 2 diabetes mellitus of T2DM,by,IVW method in GCST90029024
deep learning,has led to,state-of-the-art results in image segmentation
deep learning,has led to,state-of-the-art results in object detection
defect in insulin-mediated control of glucose metabolism,is a cause of,insulin resistance
defect in insulin-mediated control of glucose metabolism,causes,insulin resistance
defect in the control of glucose metabolism,leads to,insulin resistance
defects in insulin action,cause,T2DM
defects in insulin action,causes,T2DM
defects in insulin secretion,cause,T2DM
defects in insulin secretion,causes,T2DM
Deficits,cause,impaired macromolecule synthesis
degradation of Scrophularia ningpoensis polysaccharide,regulated by,SCFA production and composition
degree of causal association between group disorders and type 2 diabetes mellitus,through,gut microbiota
delay in insulin initiation,is caused by,other treatments failing
delay of β-cell dysfunction,is a result of,β-cell dysfunction
delay of β-cell dysfunction,is a result of,preventing or delaying β-cell dysfunction
delayed glucose peak during OGTT,is associated with,early-stage diabetes nephropathy
delayed monophasic glucose peak,is associated with,development of early-stage diabetic nephropathy
delayed monophasic glucose peak,is a potential risk factor for,early-stage diabetic nephropathy
delayed monophasic glucose peak,as a risk factor for,early-stage diabetic nephropathy
delayed monophasic glucose peak,was positively associated with,early-stage DN
deleterious effects,on,beta cell function
deleterious effects on beta cell function,can cause,beta cell failure
Delta/Notch-like epidermal growth factor-related receptor,interaction between,TRB3
dementia,are due to,Alzheimer's disease AD
dementia,associated with,obesity
dementia,associated with,type 2 diabetes mellitus
demographic and socioeconomic factors,had impact on,control
demographic and socioeconomic factors,had impact on,risk factor control
demographic and socioeconomic factors,impact of,was assessed
Demographic factors,influenced,risk factor control
demonstrating better insulin injection techniques,is associated with,achieving good glycemic control
demonstrating better insulin injection techniques,associated with,achieving good glycemic control in Thai adults with insulin-treated T2DM
depressed glycolysis,was associated with,elevated PDK4 expression
depressed glycolysis,resulted in,shift to β-oxidation
depression,leads to,future complications
depression,can lead to,higher risk of cardiovascular disease
depression,impacts,various aspects of a person's life
depressive symptoms,impact,diabetes management
depressive symptoms,has impact on,diabetes management
Depressive symptoms,are associated with,individual complications
depressive symptoms,are associated with,individual complications
Depressive symptoms,are associated with,mortality
depressive symptoms,are associated with,mortality
depth of international collaboration,gap in terms of,presentation of results in top-tier journals
derangements,lead to,inflammatory responses
design,is not,causal
destruction,is caused by,different causes
destruction of islets,was caused by,streptozocin (STZ)
destruction of islets in T2DM mice,was caused by,streptozocin (STZ)
detection of the expression of signaling molecules,was in,salivary secretion pathway
deterioration of glucose homeostasis,is associated with,greater
deterioration of glucose homeostasis,is associated with,greater impairment in myocardial glucose metabolism
deterioration of glucose homeostasis,is associated with,women with normal glucose tolerance
determine the impact of exercise training on cognition,is the,objective
determining the cause of hypoglycemia,relies on,blood insulin and C-peptide assays
developing cardiovascular diseases,risk of is increased with,metabolic syndrome
developing chronic kidney disease CKD,risk of,genetic factors and lifestyle choices
developing T2DM and CAD,is associated with,CCN5 serum levels
developing type 2 diabetes mellitus,risk of is increased with,metabolic syndrome
development of insulin resistance and type 2 diabetes mellitus,is caused by,obesity-induced adipokine dysfunction
development of iridocyclitis,is caused by,genetic liability of glucocorticoid medication use
development of mental illness,is influenced by,combination of genetic and environmental factors
development of Parkinson's disease,is influenced by,multiple factors
development of pathologies,can lead to,obesity
development of pathologies,can lead to,Type 2 Diabetes Mellitus
development of T2DM,is closely associated with,chronic low-grade inflammation
development of T2DM,is influenced by,cold exposure
development of T2DM,is closely associated with,obesity
development of type 2 diabetes mellitus,is a cause of,condition
development of type 2 diabetes mellitus,causes,condition
development of type 2 diabetes mellitus,results in,itself
development of type 2 diabetes mellitus,is the cause of,itself
development of Type 2 diabetes mellitus,is caused by,several factors including oxidative stress
development of Type 2 diabetes mellitus,is contributed to by,several molecular mechanisms
dextrose,have stimulatory effects on,insulin release
Dextrose,may lead to,recurrent hypoglycemia
DHIs,can impact,burden of type 2 diabetes mellitus (T2DM)
DHIs,can be impacted by,quadruple aims
diabetes,increase the risk of,blood clots
diabetes,can damage,blood vessels
Diabetes,is associated with,fluctuating glycemic conditions
Diabetes,is characterized by,fluctuating glycemic conditions
diabetes,causal relationship with,gangrene
Diabetes,causes,heavy burden of disease worldwide
Diabetes,is associated with,Microvascular complications
diabetes,is a factor influencing,these biomarkers' levels
Diabetes,was related to,UC
Diabetes,in a causal manner,UC
diabetes,was causal,UC
Diabetes complications,cause,heavy burden of disease worldwide
diabetes duration >10 years,had,predictive value of 0.62
Diabetes duration greater than 10 years,was associated with,the outcome
diabetes management,may have an impact on,bone health
diabetes management,has an impact on,bone health
diabetes management,is difficult,depressive symptoms
diabetes management,is challenging due to,depressive symptoms
diabetes management,and,treatment progression
Diabetes mellitus,is associated with,cognitive dysfunction
Diabetes mellitus,has potential causal associations with,epilepsy
Diabetes mellitus,potential causal associations of,epilepsy
Diabetes mellitus,causal associations with,epilepsy
Diabetes mellitus,have causal associations with,epilepsy
Diabetes mellitus,associated with,epilepsy
Diabetes mellitus,associated with,"increased risk for hypertension, cardiovascular diseases, and chronic kidney diseases"
diabetes mellitus,associated with,IPF
Diabetes mellitus,has causal relationship with,Lung cancer
Diabetes mellitus,impact on,Lung cancer
Diabetes mellitus,has causal effects on,Lung cancer risk
diabetes mellitus,cause,mortality
diabetes mellitus,caused by,over-nutrition
Diabetes mellitus,is associated with,PHN
diabetes mellitus,no significant causal associations were indicated between,Ps
diabetes mellitus,on,psoriasis
Diabetes mellitus,associated with,several complications
diabetes mellitus (DM),explored the causal relationships between,diabetes mellitus (DM)
diabetes mellitus and IPF association,may be influenced by,inflammation
diabetes mellitus's complications,may be prevented and predicted using,antioxidants
diabetes mellitus's complications,may be prevented and predicted using,our analyses
diabetes nurse specialists clinical expertise,expanding,better managing diabetes mellitus and its complications
diabetes nurse specialists clinical expertise,can contribute to,managing diabetes mellitus and its complications
diabetes nurse specialists knowledge,expanding,better managing diabetes mellitus and its complications
diabetes prevention,is the long-term impact of,Home-based lifestyle modification intervention augmented with text messages and printed material
diabetes severity,is associated with,glycemic control
diabetes treatment satisfaction,were taken after,three to six months of treatment
Diabetes-induced gangrene,is a condition caused by,diabetes
diabetes-induced gangrene,is a condition caused by,diabetes
diabetes-induced gangrene,caused by,diabetes
diabetes-specific quality of life,during,pregnancy
DiabeText,assess the impact of,main aim
DiabeText impact,assess,main aim
diabetic and obese mice,undergoing,intra-articular implants
Diabetic cardiomyopathy,leads to,significant morbidity and mortality
diabetic cardiomyopathy,is a cause of,significant morbidity and mortality
diabetic cardiomyopathy,causes,significant morbidity and mortality
diabetic cardiomyopathy,is a major complication of,type 2 diabetes mellitus
diabetic complications,including,nephropathy
diabetic complications,including,neuropathy
diabetic complications,including,retinopathy
diabetic Heart failure with preserved ejection fraction patients,is associated with,heightened inflammation
Diabetic Heart failure with preserved ejection fraction patients,are associated with,heightened inflammation
diabetic Heart failure with preserved ejection fraction patients,is associated with,"upregulation of NF-κB, IL-6, and the NLRP3 inflammasome"
diabetic hepatopathy,is associated with,hepatic hypoxia
diabetic hepatopathy,is associated with,metabolic dysregulation
diabetic microvascular complications,occurred in,European individuals
diabetic nephropathy,is a leading cause of,chronic kidney disease
diabetic nephropathy,is a form of,diabetes mellitus
diabetic nephropathy,was caused by,type 2 diabetes mellitus
diabetic nephropathy with type 2 diabetes,leads to,chronic kidney diabetic nephropathy
Diabetic nephropropy,was the cause of,categorization
Diabetic retinopathy,is a major microvascular complication of,diabetes mellitus
diabetic retinopathy,is associated with,diabetic retinopathy progression
diabetic retinopathy,is caused by,genetic factors
diabetic retinopathy,is associated with,genetic factors
diabetic retinopathy,is associated with,Lp(a)
diabetic retinopathy,is associated with,periodontal inflamed surface area (PISA)
diabetic retinopathy,is associated with,serum IL-6
Diabetic retinopathy,causes,vision impairment and blindness
diabetic retinopathy onset,associated with,genetic factors
Diabetic retinopathy prognosis,is not accurately predicted by,single inflammatory parameter independently
Diabetic retinopathy prognosis,is not accurately predicted by,single lipid parameter independently
diabetic retinopathy progression,associated with,genetic factors
diabetic retinopathy risk,is associated with,single-nucleotide polymorphism
Diabetic Sprague Dawley rats,were treated with,intraperitoneal injections of lithium chloride (LiCl)
diagnosis,was complicated with,GDM
diagnosis,is associated with,metabolic dysfunction
diagnosis,is for,type 2 diabetes
diagnostics and sensitivity analyses,were used to evaluate,causal estimates
diastolic blood pressure,could increase,risk of AA
diet,is associated with,disease
diet,influences,disease
diet,has an influence on,disease
diet,affects,disease
diet,causal relationship with,inflammatory factors
diet-induced diabetes,impact of,hippocampal local glycogen stores levels
diet-induced diabetes,of,impact
diet-induced diabetes,impact on,metabolism
Dietary Abstinence (DE),had a significant overall impact on,diabetic patients' quality of life
Dietary Abstinence (DE),had an indirect influence on,diabetic patients' quality of life
dietary alpha-linolenic acid,impact on,gut microbiota
dietary alpha-linolenic acid,has impact on,liver inflammation
dietary alpha-linolenic acid,influence of,liver inflammation in type 2 diabetes mellitus
dietary factors,include,causes
dietary factors,include,factors
dietary factors,influence,T2DM risk
dietary interventions,impact of,High-density lipoprotein functionality
difference,was not,statistically significant
differences in educational attainment,is caused by,the issue
differences in Insulin availability,were associated with,metabolic dysfunction
differences in our results,are due to,factors associated with weight loss
differences in our results,are due to,variations in the study populations
different anti-diabetic medications,impact of,skeleton
different exercise modalities,influence,metabolic profiles
different indicators,combined impact of,ALP differences in cardiovascular mortality risk
different medications,impact on,GFR decline
different medications,impact on,mortality rate
different types of diabetes mellitus,causal relationship between,autism spectrum disorder
differential expression of microRNAs (miRNAs),between,T2DM
differential expression of microRNAs (miRNAs),between,Type 2 diabetes mellitus
differentiation,influenced by,multiple pathways
digestive tract,is associated with,cancer antigen (CA)199
digestive tract,is associated with,levels of serum tumor markers
digital health application Vitadio,contributed to,these improvements
Dipeptidyl peptidase-4 inhibitors,cause,change in tumor necrosis factor alpha (TNF-alpha) levels
Dipeptidyl peptidase-4 inhibitors,impact of,IL-1β and IL-18
direct development of clinical heart failure (HF),lead to,it
direct supervision on the diet and physical activity of the subjects,was not done due to,obstacles in the field
disability,causes,diabetic nephropathy with type 2 diabetes
Disability,is caused by,Migraine
disability and death,leading causes of,diabetic nephropathy with type 1 diabetes mellitus
discordant insulin and C-peptide levels,according to,the insulin immunoassay used
discrepancy between blood insulin and C-peptide levels,points to,insulin analog intake
disease,is associated with,atherosclerotic cardiovascular disease
disease,is caused by,coronavirus SARS-CoV-2
disease,can lead to,death
disease,is a major cause of,death worldwide
disease,is caused by,defects in insulin action
disease,is caused by,defects in insulin secretion
disease,is caused by,defects in insulin secretion or action
disease,causes,fatigue upon exertion
disease,has an impact on,health
disease,is associated with,heart failure with preserved ejection fraction
disease,causes,heart failure with preserved ejection fraction
disease,causes,hyperglycemia
disease,has an impact on,life
disease,leads to,low physical performance
disease,is associated with,MASLD
disease,causes,MASLD
disease,may cause,MASLD
disease,is associated with,Metabolic dysfunction
disease,is associated with,metabolic dysfunction
disease,is associated with,Metabolic dysfunction-associated fatty liver
disease,is associated with,Metabolic dysfunction-associated fatty liver disease
disease,is associated with,neuronal complications
disease,causes,optic nerve damage
disease,is associated with,rats with Type 2
disease,is associated with,rats with Type 2 diabetes
disease,is associated with,reduced filling of the right ventricle
disease,is associated with,Type 2 diabetes
disease,was caused by,virus
disease course,can be predicted based on,clinical and radiological parameters
disease course,predict,clinical and radiological parameters
disease course,can be predicted,radiological parameters
disease course,predict,radiological parameters
disease course,predict,these patients
disease course,difficult to predict,these patients
disease progress,can lead to,death
disease progression,was influenced by,body mass index
disease progression,influenced by,fasting glucose
disease progression,influenced by,insulin
disease progression,was influenced by,systolic blood pressure
disease progression,was influenced by,type 2 diabetes mellitus
disease progression,was influenced by,type 2 diabetic nephropathy
diseases,need to be explored,causal relationships
diseases,should be explored,causal relationships between
diseases,are major causes of,death
diseases,are major causes of,death worldwide
diseases,causal relationships between,diseases
diseases,were associated with,metabolic syndrome
diseases,are caused by,oxidative stress
diseases,were associated with,pathologies above described
disintegrin and metalloproteinase,can cleave and release,TNF-α
"disintegrin, and metalloproteinase",can cleave and release,TNF-α from its membrane-bound precursor
"disintegrin, and metalloproteinase",can cause,TNF-α to become activated
disorder,characterised by,hyperglycaemia
disorder,characterised by,inflammation
disorder,is characterised by,inflammation
disorder,characterised by,insulin resistance
disorder,was caused by,not improving lipid profiles
disorder,impacts,organs beyond the liver
disorder,is characterized by,persistent hyperglycemia
disorders,accompanied by,T2DM
disrupt glucose metabolism,through,a variety of pathways
disrupted glucose metabolism,impact of,central insulin signaling pathways
disrupted glucose metabolism,had impact on,central insulin signaling pathways
disrupted glucose metabolism,explored on,mitochondrial function
disrupted glucose metabolism,had impact on,mitochondrial function
disruption,leads to,impaired glucose homeostasis
distinct metabolomic signatures,were associated with,TG/HDL-C ratio
distinct microbial changes,associated with,gut microbiota signatures
distinct microbial changes,identified in,type 1 diabetes nephropathy
distinct microbial changes,differed from those seen in,type 2 diabetes nephropathy
distribution,associated with,different stages of complications
distribution,associated with,glucose metabolism
divergences,were caused by,administration form
divergences,were caused by,extrapolation of data obtained from healthy individuals
diversity and composition of fungi,were closely associated with,insulin sensitivity
diversity and composition of fungi,were closely associated with,pancreatic β-cell functions
DKD,can be predicted by,current clinical factors
DKD,is caused by,insulin resistance
DM,is not associated with,amyloid-β
DM,is associated with,biomarkers of tau
DM,contributes to,high risk of different malignancies
DM,is associated with,metabolic dysfunctions
DM,associated with,tau biomarkers
DM,causal association between,TB
DM,increases the risk of developing,TB
DM,increases the risk of,TB
DM,leads to,worse mortality outcomes
DM and TB susceptibility,may be influenced by,genetic factors
DM status,was associated with,higher tau biomarkers
DM susceptibility,may be the same,TB susceptibility
DNA-personalised dietary advice intervention,via,self-guided app and wearable device
DNA-personalised dietary advice intervention,led to,significant reduction of FPG at 26 weeks
DNA-personalised dietary advice intervention,led to,significant reduction of FPG at 26 weeks in the Intervention arm
dog,chased,cat
dominant models,uses,study
Dorzagliatin,have been proven,safety and efficacy
dose of aspirin,may significantly impact,levels of hs-CRP and IL-6
dose of aspirin,may impact,levels of IL-6
dose of aspirin,may impact significantly,levels of IL-6 over time
doses,were evaluated to determine,impact on overbasalization
downregulation of the TGF-β signaling pathway,caused,"improvements in fibrosis recovery, extracellular matrix remodeling, and muscle regeneration"
downregulation of the TGF-β signaling pathway,was the cause of,"improvements in fibrosis recovery, extracellular matrix remodeling, and muscle regeneration"
downregulation of the TGF-β signaling pathway,was a cause of,"improvements in fibrosis recovery, extracellular matrix remodeling, and muscle regeneration"
downregulation of the TGF-β signaling pathway,via,proteomics data analysis
downregulation of the TGF-β signaling pathway via proteomics data analysis,led to,"improvements in fibrosis recovery, extracellular matrix remodeling, and muscle regeneration"
downstream effector factor (FG Fasting Insulin FI),were associated with,PUs
DP1,was associated with,elevated body mass index
DP1,was associated with,elevated hemoglobin A1c
DP1,was associated with,elevated triglycerides
DPP4 inhibitors,do not reduce,all-cause mortality and MACE
DPP4 inhibitors,compared with,GLP1 agonists
DPP4 inhibitors,compared to,type 2 diabetes mellitus care
DR,due to,cardiovascular events
DR,may have influenced,progression of periodontitis
DR,may have contributed to,severity of periodontal destruction
DR,may have been influenced by,severity of periodontal destruction
DR,was caused by,shared inflammatory and vascular mechanisms
DR,is a risk factor in,T2DM
drop in HbA1c levels,suggested,better long-term blood glucose control
drugs,are the impact of,non-insulin antidiabetic drugs
dual activation of GCGR,contributed to,enhanced cognitive resilience
dual activation of GLP-1,contributed to,enhanced cognitive resilience
dual activation of GLP-1 and GCGR,contributed to,enhanced cognitive resilience
dual smoking,led to,higher likelihood of elevated HbA1c levels
dual smoking,was associated with,higher likelihood of negative health effects
dual smoking,was associated with,higher likelihood of other negative health effects
dual smoking,was associated with,negative health effects
duration of Insulin administration,have been shown to influence,bone-related outcomes
dysbiosis,can contribute to,glucose metabolism dysfunction
dysbiosis,can contribute to,insulin resistance
dysfunction,leads to,elevated blood glucose levels
dysglycemic traits,causal association between,vitiligo
Dyslipidemia,associated with,cardiovascular diseases
dyslipidemia,associated with,cardiovascular diseases
dyslipidemia,as a predictive causal factor for,NTG
Dyslipidemia,was a predictive causal factor for,NTG
dyslipidemia,can lead to,reduced CAD copy number
Dyslipidemia,are commonly associated with,T2DM
dyslipidemia,associated with,type 2 diabetes mellitus
dyslipidemia,was significantly associated with,Type 2 diabetes mellitus duration
dysregulated immune responses,due to,loss of the PGRP-LB gene
dysregulation of glucose metabolism,caused by,high-fat diet (HFD)
dysregulation of insulin,was associated with,Heart failure with preserved ejection fraction
dysregulation of lipid metabolism,is associated with,complications
dysregulation of the bone-brain axis,may be a cause of,cognitive impairment in T2DM
EA,impact on,blood glucose levels
EA,investigate,high-fat diet (HFD) rat model
EA,influence,pancreatic glucolipid reduction level
EA at ST25,was found to modify,local regulatory influence of PAT on the pancreatic intrinsic nervous system
EA at ST25,contributed to,relief of glucolipid metabolic stress
each predictor,provided,more modest predictive value
early detection,of,type 2 diabetes mellitus
early detection of type 2 diabetes mellitus,to prevent,complications associated with the disease
early insulin requirement,is to be predicted by,"anti-GAD65, anti-IA2 and anti-Zn8T"
early insulin therapy,can lead to,improved glycemic control
early insulin therapy,leads to,improved glycemic control in people with suboptimally controlled T2DM
early intervention,is needed,risk of developing T2DM and cardiovascular complications
early screening,may help to reduce,risk of complications
early screening,may help to reduce,risk of macrovascular complications
early screening,may help to reduce,risk of metabolic diseases
early screening,may help to reduce,risk of microvascular complications
early screening,may help to reduce,risk of T2DM
early-stage diabetic nephropathy,is a risk for,patients with type 2 diabetes mellitus
earthquake,led to,significant worsening of glycemic control
echocardiographic measurements of cardiac structure and function,mediate,association of glucose variability with all-cause and cardiovascular mortality
ED,is linked to,plasma proteins
education level,adjusting for,having a less negative attitude toward insulin treatment
education level,was associated with,OR of 0.72
educational attainment,causal relationship between,common chronic diseases
educational attainment,was associated with,reduced risk of type-2 diabetes
educational interventions,impact of,individuals with insulin-treated type 2 diabetes mellitus
educational interventions,impact of,individuals with type 2 diabetes mellitus T2DM
educational interventions,impact of,investigated
effect,is associated with,alanine aminotranferase risk
effect,associated with,diabetic retinopathy
effect,is not due to,IL-10
effect,is not caused by,IL-10 enhancement
effect,is on,sd LDL
effect,is on,sd LDL within HDL cholesterol and triglycerides pathways
effect,is caused by,something else
effect,is associated with,type 2 diabetes mellitus
effect of exercise interventions,may be influenced by,baseline blood glucose levels
effect of exercise interventions,may be influenced by,exercise intensity
effect of exercise interventions,may be influenced by,patient's age
effect of exercise interventions,may be influenced by,various factors
effect size,indicates,magnitude of the effect
effective and feasible interventions,to reduce,this risk
effective option,for,diabetes management
effective option for diabetes management,may have an impact on,bone health
effectiveness of the drugs post-MI,is due to,their action on the heart
effects,contribute to,Alzheimer's disease pathology
effects,are due to,enhancing cardiac function
effects,were explored according to,MMSE scores
effects,were due to,myoblast cell model
effects,were caused by,regulating the upstream transcription factor FOXO1
effects,were explored in,subgroups based on MMSE scores
effects,were due to,unique myoblast cell model
effects of antiretroviral therapy,are associated with,increased cardiometabolic risk
effects of dapagliflozin,are influenced by,genetic variants
effects of dapagliflozin,is unclear due to,unclear
effects of dapagliflozin on glucose levels,are unclear,due to genetic variants
effects of exercise,are influenced by,intensity of exercise
effects of SDM,remain,poorly understood
effects of the interventions,could be associated with,basal lipidome
effects of Type 2 diabetes mellitus,are associated with,poor lifestyle adopted by patients
effects of Type 2 diabetes mellitus,are precisely associated with,poor lifestyle adopted by patients
efficacy,in alleviating,hyposalivation caused by T2DM
efficacy,demonstrate,transition to IDegAsp in type 2 diabetes mellitus (T2DM)
efficacy in alleviating hyposalivation caused by T2DM,needs to be,confirmed
eGFR,was associated with,neutrophil-to-lymphocyte ratio
eGFR decline,is associated with,advanced age
eGFR decline,is associated with,elevated baseline urinary albumin excretion rate
eGFR decline,is associated with,male sex
eGFR decline,is associated with,prolonged diabetes duration
Egyptian patients,received,diabetes education
eHealth programs,impact of,glycemic control
eight bacterial taxa,were associated with,mild age-related diabetes
eight bacterial taxa,were associated with,mild obesity-related diabetes
electroacupuncture,influences,regulation of brain-gut peptides
elevated adiposity,is associated with,elevated risk of adverse changes in biomarkers of aging
elevated adiposity,is associated with,elevated risk of adverse changes in body composition
elevated adiposity,is associated with,elevated risk of adverse changes in physical function
elevated AHI,increased the risk of,arteriosclerosis
elevated blood glucose,did not increase the risk of,AA
elevated blood glucose,did not increase the risk of,T2DM
elevated blood glucose levels,are caused by,dysfunction of the pancreatic beta cells
elevated blood lipid levels,are associated with,type 2 diabetes mellitus
elevated blood lipid levels,is associated with,type 2 diabetes mellitus
elevated blood osteoprotegerin levels,were associated with,increased risk of ABM
elevated blood osteoprotegerin levels in postmenopausal women,were associated with,increased risk of ABM
elevated CMI,is independently associated with,higher risk of CAS in T2DM patients
elevated CTI,is independently associated with,higher all-cause mortality risks
elevated CTI,is independently associated with,higher cardiovascular mortality risks
elevated CTI,is associated with,patients Coronary heart disease CHD type 2 diabetes mellitus T2DM
elevated fasting insulin levels,increase,risk of esophageal cancer
elevated FI,was causally associated with,increased risk of hypothyroidism
elevated FI,was causally associated with,increased risk of obesity
elevated FI,was causally associated with,increased risk of T2DM
elevated glucose,causal relation between,Inflammatory bowel disease
elevated glycated hemoglobin (HbA1c) levels,are associated with,cognitive impairments
elevated glycated hemoglobin (HbA1c) levels,may exacerbate,glycated hemoglobin (HbA1c) detrimental effects
elevated glycated hemoglobin (HbA1c) levels,are associated with,increased risks of cognitive impairments
elevated glycated hemoglobin (HbA1c) levels,are associated with,increased risks of cognitive impairments in patients with T2DM
elevated glycated hemoglobin (HbA1c) levels,are associated with,increased risks of olfactory impairments
elevated glycated hemoglobin (HbA1c) levels,are associated with,increased risks of olfactory impairments in patients with T2DM
elevated glycated hemoglobin (HbA1c) levels,are associated with,olfactory impairments
elevated HbA1C,associated with,dyslipidemia
elevated HbA1c,was associated with,poorer cognitive performance
elevated levels of Nrg4,are associated with,onset of metabolic diseases
elevated β-OHB levels,were associated with,improved renal survival
elevated β-OHB levels,were associated with,lower risk of end-stage renal disease
elevated β-OHB levels,are associated with,reduced risk of end-stage renal disease ESRD
elevated oxidative stress,is largely caused by,oxidative stress
elevated oxidative stress,is largely caused by,vascular inflammation
elevated oxidative stress levels,cause,impaired insulin signaling
elevated oxidative stress levels,impair,insulin signaling
elevated oxidative stress levels,affect,insulin signaling
elevated PDK4 expression,was associated with,depressed glycolysis
elevated plasma glucagon (P-GCG),is a topic of,debate
elevated plasma glucagon (P-GCG),contributes to,excessive postabsorptive glucose production
elevated plasma glucagon (P-GCG),contributes to,hyperglycemia
elevated plasma glucagon (P-GCG),contributes to,hyperglycemia in patients with type 2 diabetes (T2DM)
elevated risk of CAD in patients with T2DM,is potentially due to,systemic inflammation
elevated serum ferritin levels,can be used as,biomarker to predict uncontrolled T2DM patients
elevated serum ferritin levels,can be used to predict,uncontrolled T2DM patients
elevated serum moesin levels,are associated with,mild cognitive impairment in patients with T2DM
elevated SREBP-2 expressions,result in,lowering TG and TC concentrations
elevated TG levels,contribute to,subsequent sd LDL increases
elevated TG levels,lead to,subsequent sd LDL increases
elevation of blood glucose levels,due to,inflammation
elevation of blood glucose levels,due to,underlying insulin resistance
elevation of SCFAs,leads to,decrease in the levels of IL-17A
elevation of SCFAs,leads to,decrease in the levels of NF-κB
elevation of SCFAs,leads to,decrease in the levels of TNF-α
elevation of the microbial communities,promoted,production of numerous epigallocatechin gallate metabolites
eligible genetic instruments,closely associated with,each of the factors
eligible genetic instruments,associated with,each of the traits
eligible instrumental SNPs,associated with,circulating SHBG level
eligible instrumental SNPs,strongly associated with,circulating SHBG level
Embryo culture,caused,glucose intolerance in First-generation male offspring
Embryo culture,with,HG
Embryo culture with HG,caused,glucose intolerance in First-generation offspring
emergence of mild cognitive impairment,may be influenced by,ADAM17
emergence of mild cognitive impairment,is influenced by,ADAM17 and associated pathways
emergence of mild cognitive impairment,may be influenced by,associated pathways
emerging evidence,suggests,GLP1R agonists can cause tubulo-interstitial nephritis
EMPA-REG OUTCOME trial,was associated with,slower kidney disease progression
empagliflozin,was associated with,slower kidney disease progression
empirical evidence,supporting,positive causal association
empirical evidence,supporting,"positive causal association between Television (TV) viewing and sciatica, IVDD and LBP"
empowerment,leads to,increased self-efficacy
endothelial dysfunction,leads to,leukocyte infiltration
endothelial insulin resistance,is a contributing factor to,Alzheimer's disease pathology
endothelial insulin resistance,could lead to,blood-brain barrier dysfunction
endotoxin levels,were associated with,TyG index
energy metabolism disruption,is closely associated with,glial dysfunction
energy metabolism disruption,is closely associated with,hippocampal neuroinflammation
energy metabolism disruption,is closely associated with,tau hyperphosphorylation
engaging in dual smoking,was associated with,negative health effects
engaging in dual smoking,associated with,negative health effects
engaging in dual smoking,was associated with,other negative health effects
engaging in six weeks of aerobic exercise,may have positive impact on,trained mice
enhanced modulation of GLP-1 secretion,was potentially attributed to,enhanced modulation of gut microbiota
enhancement of endothelial dysfunction,are caused by,NF-κB
enhancement of endothelial dysfunction,leads to the aggravation of,peripheral diabetic neuropathy
enhancing the well-being of those enduring long COVID-19,is crucial for,this
ENMD,significantly increased the risk of,PTB
entire hemodynamic response curve,can be modeled using,function-on-scalar regression
environmental factors,is the cause of,aetiology of T2DM
environmental factors,are the cause of,aetiology of T2DM
environmental factors,contribute to,development of Parkinson's disease
epidemiological data,is not sufficient to fully understand,mechanisms relating hyperglycemia to cardiovascular complications
epidemiological studies,confirm,impact of insulin resistance on amyloid-β plaques accumulation
epigallocatechin gallate metabolites,may contribute to,preventing and alleviating T2DM
Epilepsy,is associated with,Blood glucose
Epilepsy,is associated with,Diabetes mellitus
epilepsy,may be caused by,inflammation
episodes of hypoglycemia,were associated with,values inferior to 0.3 g
escitalopram,have an impact on,glucose metabolism
escitalopram,have an impact on,lipid metabolism
established diabetes markers,causal relationship between,we evaluated
establishing causal links,is essential to,avoid misdiagnosis in Parkinson's disease clinical practice
estimate of the impact of walking pace,on,leukocyte telomere length
estimate of the impact of walking pace on leukocyte telomere length,underwent,transformation
evaluating NLR,predicts,inflammation
evaluating NLR,probably,predicts the inflammation
evaluation,involved,western blot analysis
events,resulted in,hospitalization
events,were not associated with,type 2 diabetes
events,were associated with,type 2 diabetes T2DM
evidence,did not support,causal association
evidence,did not support,causal association of AVS on kidney function
evidence,does not establish,direct causal link
evidence,evaluate and synthesize,educational interventions for individuals with insulin-treated type 2 diabetes mellitus
evidence,that,hyperphosphorylated tau protein aggregates in the brain
evidence,did not support,significant causal association
evidence,did not support,significant causal association of AVS
evidence,did not support,significant causal association of AVS on kidney function
evidence,resulted in,significant uncertainty
exacerbation,is due to,interaction
examination,focused on,variables that could influence their metabolic profile
examinations,indicated that,treatment caused amelioration of lipid accumulation
examinations,indicated,treatment caused amelioration of lipid accumulation
examinations,focused on,variables
examining this effect,might provide,valuable insights for targeted cardiovascular treatments
excess accumulation of iron,indicated by,serum ferritin levels
excess accumulation of iron indicated by serum ferritin levels,could have,significant impact on the pathophysiology of T2DM
excessive insulin therapy,is associated with,increased risk of cardiovascular disease
excessive insulin therapy,is associated with,increased risk of disease
excessive insulin therapy,increases,risk of cardiovascular disease
excessive insulin therapy,may increase,risk of cardiovascular disease
excessive insulin therapy,is associated with,risk of cardiovascular disease
excessive nutrient absorption,contributes to,insulin resistance
excessive nutrient absorption,is a cause of,insulin resistance
exclusion,was done to,reduce heterogeneity and pleiotropy
exclusion,was done to,reduce heterogeneity and the effect of pleiotropy
exclusion,was done to,reduce pleiotropy
exclusion,was done because,variants were outliers
exenatide-mediated improvement,associated with,decrease in inflammatory cytokine levels
exercise,has an impact on,cognitive function
exercise,positively impacts,glucose regulation
exercise,impacts,glucose regulation
exercise,has an impact on,impact
exercise,was used to improve,metabolic diabetes markers
exercise,plays a significant role in influencing,muscle metabolism
exercise,positively impacts,myokine modulation
exercise,impacts,myokine modulation
exercise,plays a significant role in influencing,secretion of myokines
exercise,has implications for managing,type 2 diabetes mellitus
exercise adherence,is influenced by,low exercise
exercise interventions,may be influenced by,baseline blood glucose levels
exercise interventions,may be influenced by,exercise intensity
exercise modalities,influence,metabolic profiles
exercise or vitamin D intervention,can reduce,risk of arterial stiffness
exercise programs,could result in,better results
exercise training,impact on,brain function
exercise training,impact on,brain structure
exercise training,impact of,cognition
exercise training,had a positive impact on,rats with Type 2 diabetes mellitus
exercise training,impact of,these aspects
exercises,caused,delay in sensorimotor function alterations
existence of a causal association,between,severe autoimmune type 2 diabetes and focal epilepsy
existence of a causal relation,is a causal relation between,Crohn's disease and ulcerative colitis
existence of a causal relation,between,elevated glucose and Inflammatory bowel disease
existence of correlations,does not necessarily prove,causal association
expansion of diabetes nurse specialists knowledge,can contribute to,managing diabetes mellitus and its complications
expansion of the role of diabetes nurse specialists,can contribute to,managing diabetes mellitus and its complications
experimental group,had,impact score of 2.09
experiments,were conducted to,cause damage
exploration,was to find,association
explore the impact of LRa05 with hypoglycemic medications,is the aim,to
exposure factors,have causal relationships with,rotator cuff syndrome
Exposure to Mycobacterium tuberculosis,was associated with,increased risk for Type 2 diabetes mellitus
exposures,have causal associations with,outcomes
exposures,causal associations of,outcomes
exposures and outcomes,were analyzed using,MR analysis
expression levels of HSP27,were reduced,heart failure with preserved ejection fraction dysfunction
expression levels of HSP70,were reduced,heart failure with preserved ejection fraction dysfunction
expression of factors associated with the xCT/GPX4 pathway,was enhanced by,Plantamajoside
expression of ferroptosis markers,caused by,glycolipid toxicity
expression of miR-497-5p,induces,apoptosis in lung cancer cells
expression of miR-497-5p,targets,CCND2
expression of miR-497-5p,inhibits,cell proliferation
expression of SAT PTEN,was positively associated with,HOMA-B cell dysfunction
expression of SAT PTEN,was negatively associated with,Insulin resistance
expression of the markers,caused by,glycolipid toxicity
expression of tripartite motif-containing protein 32,is promoted in,high-fat diet-induced obesity mice
extensive epidemiological data,because there is,molecular mechanisms
Extrachromosomal circular DNAs,presence and impact of,a condition
Extrachromosomal circular DNAs,presence and impact of,a disease
Extrachromosomal circular DNAs,impact of,type 2 diabetes mellitus
Extract,all meaningful,entities
extract,all meaningful,entities
extract,include,"nouns, noun phrases, proper nouns, concepts"
extract of Phyllanthus emblica L.,caused,amelioration of lipid accumulation
extract of Phyllanthus emblica L.,corrected,lipid accumulation
extract of Phyllanthus emblica L. treatment,led to improved,systemic insulin resistance
extract of Phyllanthus emblica L. treatment,decreased,visceral fat amounts
extracts,resulted in,reductions in blood glucose levels
extracts,resulted in,reductions in body weight gain
extracts,resulted in,reductions in low-density lipoprotein
extracts,resulted in,reductions in total cholesterol
factor,leads to,pathogenesis of Type 2 diabetes mellitus arterial remodeling
factor,leads to,vascular SMC alterations
factor (FG Fasting Insulin FI),were associated with,PUs
factors,associated with,both therapeutic modalities
factors,exist,highly
factors,are highly associated with,liver cancer incidence
factors,highly associated with,liver cancer incidence
factors,associated with,liver cancer incidence
factors,influence,MDI
factors,were associated with,migraine
factors,are between,MS
factors,influencing,outcomes
factors,associated with,prevalence of dyslipidemia
factors,influenced,risk factor control
Factors,influenced,risk factor control
factors,do not directly impact,sd LDL levels
factors associated with the prevalence of dyslipidemia,were identified by,logistic regression
factors associated with the xCT/GPX4 pathway,expression of,Plantamajoside
factors associated with weight loss,are the cause of,differences in our results
factors associated with weight loss,make it difficult to,draw definitive conclusions
factors associated with weight loss,are the cause of,variations in the study populations
FADS1 rs174556 polymorphism,influences,dietary fats metabolism
FADS1 rs174556 polymorphism,influences,type 2 diabetes (T2DM)
Family history of T2DM,was comparable between,both genders
Family Verrucomicroniaceae,was associated with,T2DN
fasting blood,influence is on,insulin
fasting blood glucose,influence on,adulthood
fasting blood glucose,impact of,association between HDL-C and BMD
fasting blood glucose,influence on,F1 offspring of zebrafish with maternal T2DM
fasting blood glucose,impact of,relationship between HDL-C and BMD
fasting C-peptide,in combination with,insulin resistance
fasting C-peptide,of,predictive impact
fasting C-peptide in combination with insulin resistance,proves to have,substantial predictive impact on hepatic fibrosis
Fasting Glucose,was associated with,increased risk of PUs
fasting glucose,influenced by,influence
fasting glucose,does not directly impact,sd LDL levels
fasting insulin,causal association between,Endometrial carcinoma risk
Fasting insulin,is associated with,Endometrial carcinoma risk
fasting plasma glucose,was associated with,glycosylated hemoglobin (HbA1c)
fasting plasma glucose,was between,glycosylated hemoglobin (HbA1c)
fasting plasma glucose,had causal association,glycosylated hemoglobin (HbA1c)
fasting plasma glucose,causal association was between,glycosylated hemoglobin (HbA1c)
Fasting-mimicking diets,demonstrate,the greatest impact
fat fraction,is associated with,deteriorating insulin sensitivity
fat fraction,is associated with,loss of glucose control
fat mass,decreased significantly,lipolysis
fat mass,decreased significantly as a result of,lipolysis
fat mass,decreased,significantly
fat mass decrease,due to,DCA supplementation
fats,is related to,glucose and insulin homeostasis
fats,is related to,night work
fatty acids,found in,patients with obesity
FBs,are positively associated with,serum ferritin
female,describes,mice
female patients,due to,autism spectrum disorder
female patients,because of,autism spectrum disorder
female patients,due to,type 2 diabetes mellitus
female patients,because of,type 2 diabetes mellitus
ferritin level,had a causal effect on,decreased eGFRcrea level
ferritin level,had a causal effect on,eGFRcrea level
ferritin level,increased,risk of T1DM with renal complications
ferroptosis markers,were caused by,glycolipid toxicity
FG Fasting Insulin FI,associated with,PUs
fiber formation,influenced by,multiple pathways
fibromyalgia,involves,neuroinflammation
fibrosis,are associated with,diabetic heart
fibrosis,are associated with,inflammation
Ficus lindsayana latex extract,significantly improved,glucose uptake
final model,was evaluated on,test set
financial instability,results in,housing instability
finding,underscores,importance of T2DM prevention
finding,underscores,importance of T2DM prevention as a strategy to reduce the risk of PaCa
findings,require,additional confirmation
Findings,should be interpreted as,associative rather than causal
findings,should be interpreted as,associative rather than causal
findings,provided evidence for,"causal association between HTN, T2DM and COPD"
findings,provides,causal inference
findings,were due to,clinical and methodological heterogeneity
findings,led to,conclusion about the animals in the high-fat diet group
findings,suggest,genetically supported causal relationship between diabetes mellitus and glycemic traits
findings,contribute to,knowledge of the underlying mechanisms
findings,contribute to,knowledge of underlying mechanisms
findings,were associated with,odds ratios
findings,contribute to,our
findings,were partly due to,reliance on conventional time-to-first-event analysis
findings,were used to,suspect an insulin autoimmune syndrome (IAS)
findings,provide,tripartite framework
findings from this study,would influence,drug selection and adjustment in clinical practice
finger stick tests,contribute to,clinical inertia
first acupuncture intervention,led to,significant reduction in body weight gain
first-line treatment,is preferred,due to its low cost
first-line treatment,is preferred due to,its safety
first-phase insulin secretion,is associated with,BAG3
first-phase insulin secretion,is associated with,humans
first-phase insulin secretion in humans,is influenced by,BAG3
five insulin resistance-related indices,four parameters exhibited,high predictive performance for identifying NAFLD
fluctuations,lead to,AD
fluctuations,influence,neurodegeneration
fluctuations in blood glucose measurements,contribute to,clinical inertia
fluctuations in glucose metabolism,lead to,onset of Alzheimer's disease
fluctuations in glucose metabolism,cause,onset of Alzheimer's disease
fluctuations in glucose metabolism,are associated with,onset of Alzheimer's disease
fluctuations in glucose metabolism,are a cause of,the disease process
focal epilepsy,causes,severe autoimmune type 2 diabetes
focused nutritional interventions,may lead to,biomarker development
food-order intervention,resulted in,significant reduction in postprandial blood glucose
foods,are the components of,Portfolio Diet
form,triples,Entity 1 -> Relationship -> Entity 2
Form,capture,triples
form of supplementation,causes,inconsistency in results
form triples,contain,"Entity 1, Relationship, Entity 2"
former's absence,causes to rise,plasma glucose
former's absence,causes,plasma glucose rise
former's absence,causes,plasma glucose to rise threefold to around 12 mmol/l
formula,had,anti-steatotic impact
formula,caused,cells to be protected
formula,upregulating,"GSIS, PDX1, MafA mRNA expression"
formula,could also ameliorate,"lipid disturbance of TG, DG, PC, PE"
formula,influenced,lipid synthesis-related proteins
formula's anti-steatotic impact,was observed through,liver lipidomic alterations
forward analyses,no causal relationship was found in,T2DM
forward MR analysis,identified,genus RuminococcaceaeUCG010
Fos Biomedical non-transdermal patch system,has an impact on,cardio-metabolic health
Fos Biomedical non-transdermal patch system,through,Photo-biomodulation effects
Fos Biomedical non-transdermal patch system,has an impact on,sleep quality
Fos Biomedical non-transdermal patch system,impact of,unclear
Fos Biomedical non-transdermal patch system (NTPS),on,cardio-metabolic risk
Fos Biomedical non-transdermal patch system (NTPS),compared with,placebo
Fos Biomedical non-transdermal patch system (NTPS),on,sleep quality
Fpassive,led to,Heart failure with preserved ejection fraction improvements in cardiomyocyte mechanical properties
frailty,is associated with,accumulation of health deficits
framework,combined,burden projection
framework,combined,causal inference
framework,provides,causal inference
framework,harmonizes,"causal inference, individualized risk prediction, and global burden mapping for migraine prevention"
framework,was used to,evaluate modifiable factors associated with migraine
framework,combined,predictive modeling
Framingham Risk Score,has promise as,predictive biomarker for cardiovascular disease
FreeStyle Libre glucose monitoring system,on,diabetes management intensification
FreeStyle Libre glucose monitoring system,is evaluated on,diabetes management intensification
FreeStyle Libre glucose monitoring system,on,treatment progression
FreeStyle Libre glucose monitoring system,to evaluate the impact of,treatment progression among diabetes management
frequency of alcohol intake,is associated with,Endometrial carcinoma risk
frequency of Insulin administration,have been shown to influence,bone-related outcomes
full adjustment,had,P for trend < 0.001
fully adjusted regression analyses,significantly increased the risk of,elevated AHI
function-on-scalar regression,used to assess,association between type 2 diabetes mellitus and hemodynamic responses to orthostasis
function-on-scalar regression,was used to assess,association between type 2 diabetes mellitus and hemodynamic responses to orthostasis
function-on-scalar regression,used to model,entire hemodynamic response curve
function-on-scalar regression,allows,entire hemodynamic response curve to be modeled
fundamental deficiency in glucose sensing,is caused by,GCK-MODY
further investigation,is needed to establish,causal relationships
further investigation,is required to establish,causal relationships
further investigation in larger-scale GWASs on subgroups of abnormal spermatozoa,will verify,impacts of metabolic factors on spermatogenesis
GA HbA1c/GA,influenced by,gestational age
GA HbA1c/GA,influenced by,pregestational body mass index
galectin-3,could neither predict,beta-cell function
galectin-3,could neither predict,insulin resistance
Gallic acid,play a potential role in inhibiting,glucose levels
gallic acid,might play,potential role in inhibiting glucose levels
gangrene,is a condition caused by,diabetes
gastric bypass,impact on,blood sugar regulation
gastric bypass,look for potential causes of,blood sugar regulation
gender,adjusting for,having a less negative attitude toward insulin treatment
gender,difference in,patients with T2DM
gene expression,associated with,antioxidant activity
gene expression,associated with,insulin signaling pathway
gene expression,associated with,β-cell function
gene expression of interleukin-1-alpha (IL-1α),had a negative causal association with,transforming growth factor-alpha (TGF-α)
gene mapping,led to the identification of,numerous pleiotropic genes
general obesity,association between,cardiovascular disease all-cause mortality
general obesity,has negative impact on,cardiovascular disease all-cause mortality
general obesity,has a negative impact on,cardiovascular disease all-cause mortality among the general population
general obesity,is observed among,general population
general obesity,shows,unfavorable association with cardiovascular disease all-cause mortality
generalization of the results,may be limited,source population
generalized additive model (GAM),was applied,curve fitting
generation of reactive oxygen species (ROS),has significant impact on,pathophysiology of T2DM
generation of reactive oxygen species (ROS),has a significant impact on,pathophysiology of T2DM
genes,were identified in,analysis
genes,are associated with,both diseases
genes,are associated with,comorbidities
genes,influenced by,metformin
genes,show causal links with,T2DM
genes carried by Extrachromosomal circular DNAs,were mainly associated with,insulin resistance
genetic background,influenced,muscular adaptations
genetic confounding,possibility of,examined
genetic evidence,indicating that,rheumatoid arthritis potentially causes an increased risk of developing Alzheimer's disease and PD
genetic factors,is the cause of,aetiology of T2DM
genetic factors,are the cause of,aetiology of T2DM
genetic factors,contribute to,DM susceptibility
genetic factors,convergence of,environmental factors
genetic factors,contribute to,TB susceptibility
genetic factors and lifestyle choices,influenced by,developing chronic kidney disease CKD
genetic liability to Type 2 diabetes mellitus,plays causal roles in,coronary artery disease myocardial infarction stroke
genetic mimicry of apolipoprotein B (APOB) enhancement,was associated with,lower NTG risks
genetic modification,did not adversely impact,characteristics of sEVs
genetic predisposition to severe autoimmune T2DM,was associated with,increased risk of focal epilepsy
genetic predisposition to type 2 diabetes mellitus,causal relationship between,aortic dissection
genetic predisposition to type 2 diabetes mellitus,causal relationship with,aortic dissection
genetic predisposition to Type 2 diabetes mellitus,has causal associations with,increased risk of coronary artery disease
genetic susceptibility to glucocorticoid use,was associated with,increased risk of developing senile cataracts
genetic susceptibility to type 2 diabetes mellitus,was associated with,increased risk of developing pancreatic cancer
genetic susceptivity,include,causes
Genetic variants,associated with,Appendicular lean mass
genetic variants,influence,dapagliflozin
genetic variants,influence,dapagliflozin's effects
genetic variants,influence,dapagliflozin's glucose-lowering effects
Genetic variants,obtained from,genome-wide association studies (GWAS)
genetic variants,influence,glucose-lowering effects
genetic variants,influence,glucose-lowering effects of dapagliflozin
Genetic variants,associated with,HDL-C
Genetic variants,utilized as,instrumental variables (IVs)
Genetic variants,obtained from,large genome-wide association study (GWAS)
genetic variants,associated with,lipid traits
genetic variants,may contribute to,metabolic risk
genetic variants,contribute to,metabolic risk
Genetic variants,associated with,T2DM
Genetic variants in the IDE gene,change,enzyme function
genetic variants in the IDE gene,influence,the enzyme function
genetically anticipated biological linkage,is associated with,circulating metabolites
genetically anticipated biological linkage,is associated with,SGLT2
genetically assessed high-density cholesterol (HDL),was negatively associated with,NTG risk
Genetically associated Television (TV) viewing,was positively associated with,Intervertebral disk degeneration (IVDD)
Genetically associated Television (TV) viewing,was positively associated with,Low back pain (LBP)
Genetically associated Television (TV) viewing,was positively associated with,risk of Cervical spondylosis (CS)
Genetically associated Television (TV) viewing,was positively associated with,sciatica
genetically predicted 3-hydroxy-3-methylglutaryl-coenzyme A reductase inhibition,was associated with,higher waist-to-hip ratio
genetically predicted ALM,had inverse association with,Alzheimer's disease
genetically predicted ALM,had inverse association with,any ischemic Stroke
genetically predicted ALM,was associated with,increased risk of pulmonary embolism
genetically predicted Appendicular lean mass,is associated with,risk of stroke and Alzheimer's disease
genetically predicted Appendicular lean mass,is causally associated with,risk of stroke and Alzheimer's disease
genetically predicted concentrations of serum hemoglobin,were associated with,risk of GC
genetically predicted dyslipidemia,was associated with,decreased levels of mtDNA copy number
genetically predicted dyslipidemia,was suggestive of,evidence for a potential causal association between CAD and mtDNA copy number
genetically predicted dyslipidemia,association between,mtDNA copy number
genetically predicted elevated levels of type 2 diabetes mellitus serum 25(OH)D,associated with,reduced risk of type 2 diabetes mellitus T2DM
genetically predicted glucose,did not find a causal effect of,Inflammatory bowel disease
genetically predicted lifetime smoking index,causal association between,Endometrial carcinoma risk
genetically predicted lifetime smoking index,is associated with,Endometrial carcinoma risk
genetically predicted lifetime smoking index,is associated with,endometrial carcinoma risk
genetically predicted MetS,had a significantly positive association with,risk of AA
Genetically predicted Moderate-to-vigorous physical activity,reduced the risk of,type 1 diabetes mellitus diabetic nephropathy
genetically predicted β-OHB,had inverse correlations between,cystatin c
genetically predicted physical activity,reduced,risk of diabetic nephropathy
genetically predicted serum albumin level traits,were not associated with,"HF, CAD and T2DM"
genetically predicted serum albumin levels,were associated with,AF
genetically predicted serum albumin levels,were associated with,Stroke
genetically predicted SGLT2 inhibition,was associated with,reduced risk of prostate cancer
genetically predicted SGLT2 inhibition,was associated with,reduced risk of prostate-specific antigen
genetically predicted SGLT2 inhibition,was associated with,reduced risk of type 2 diabetes mellitus
genetically predicted T1DM,was associated with,increased risk of primary sclerosing cholangitis
genetically predicted T2DM,is causally associated with,GBM
genetically predicted Type 2 Diabetes Mellitus Fasting Glucose,is associated with,increased risk of PUs
genetically predicted uric acid increases,is between,diabetic microvascular complications
genetics,plays a role in,development of mental illness
Genome-Wide Association Studies (GWAS) database,analyzed to assess,causal effects of blood glucose and lipid risk factors on SHL and ISHL
Genome-Wide Association Studies (GWAS) database,from,European populations
genotype of rs7901695,was associated with,genetic susceptibility to T2DM
genotype of rs7901695,was associated with,genetic susceptibility to T2DM in recessive models
"Genus Acinetobacter, class Alphaproteobacteria, and genus Bacteroides in the skin microbiome",are associated with,increased risk of T2DM
genus RuminococcaceaeUCG010,being significantly associated with,decreased risk of T2DM
gestational diabetes,may be in part due to,low postnatal diabetes screening rates
gestational diabetes mellitus,does not support a causal relationship between,autism spectrum disorder
gestational diabetes mellitus,was not associated with,risk of ASD
Gestational diabetes mellitus,was not associated with,the risk of ASD
Gestational diabetes mellitus (GDM),increases the risk of,future type 2 diabetes (T2DM)
gestational diabetes mellitus (GDM),increases the risk of,future type 2 diabetes (T2DM)
gestational diabetes mellitus (gdm),increases the risk of,future type 2 diabetes (t2dm)
getting up in the morning,reduced,risk of angina pectoris SAP
getting up in the morning,is negatively associated with,stable angina pectoris
GKAs,led to increases in,body weight
GKAs,led to,increase in body weight
GKAs,led to,increase in liver enzymes
GKAs,led to,increase in triglycerides
GKAs,led to,increases in body weight
GKAs,led to increases in,liver enzymes
GKAs,led to increases in,triglycerides
Glargine,caused,hypoglycemia
Glargine,causes,less hypoglycemia
glaucoma,is the leading cause of,irreversible blindness worldwide
glial dysfunction,is closely associated with,hippocampal neuroinflammation
Glial dysfunction,is closely associated with,tau hyperphosphorylation
Glimepiride,causes,hypoglycemia
Glioblastoma (GBM),prevalence of,globally
Glioblastoma (GBM),rises,globally
global health crisis,due to,cardiovascular disease (CVD)
Global Lipids Genetics Consortium genome-wide association study (GWAS),extracted,genetic variants associated with lipid traits and variants of genes encoding seven lipid-related drug targets
global neurological disability,is caused by,Migraine
global population-attributable fractions for deaths,due to,type 2 diabetic nephropathy
GLP-1 receptor agonists,are a type of,drug
GLP-1 receptor agonists,were associated with,greatest reduction in Lung cancer risk
GLP-1 receptor agonists,impact on,Lung cancer risk
GLP1 agonists,reduce,all-cause mortality
GLP1 agonists,reduce,MACE
GLP1 agonists,compared to,type 2 diabetes mellitus care
GLP1R agonism,decreased,BMI
GLP1R agonism,had causal effect on,HF
GLP1R agonism,was partially mediated through,LDL-C
GLP1R agonism,significantly reduced,risk of T2DM
GLP1R agonism,reduced,risk of T2DM
GLP1R agonists,with,reduced risk of HF
glucagon,have stimulatory effects on,insulin release
glucagon,may lead to,recurrent hypoglycemia
Glucagon-like peptide-1 receptor agonists,are associated with,higher risk of chronic tubulo-interstitial nephritis
Glucagon-like peptide-1 receptor agonists,impacts of,need to be evaluated
Glucagon-like peptide-1 receptor gene expression,leads to,cAMP release
glucagon-like peptide-1 receptor gene expression,leads to,glucagon-like peptide-1 receptor protein synthesis
glucocorticoid medication use,is associated with,iridocyclitis
glucolipid metabolism in the offspring,is caused by,maternal preconception hyperglycaemia
glucose and insulin homeostasis,are related to,influence of fats
glucose and insulin homeostasis,are related to,influence of melatonin
glucose elevation,occurs as a result of,peripheral insulin resistance
glucose fluctuations,increase,risk of AD
glucose metabolism,impact on,cognitive impairment
glucose metabolism,impact on,insulin signaling pathways
glucose metabolism,impact on,mitochondrial function
glucose metabolism,associated with,tau biomarkers
glucose metabolism abnormalities,are associated with,elderly obese patients
glucose reduction effect,is likely due to,expressing intestinal MRs
glucose reduction effect,may be caused by,expressing intestinal MRs
glucose reduction effect,is likely due to,one of two causes
glucose reduction effect,is likely due to,regulating Melatonin levels
glucose reduction effect,of,Transcutaneous auricular vagus nerve stimulation
glucose regulation,are both positively impacted by,single session of moderate-intensity exercise
glucose regulation,is impacted by,this exercise
Glucose Tolerance,has a predictive role for,mortality in obesity
Glucose Tolerance,have a predictive role for,mortality in obesity
Glucose Tolerance,are predictive factors for,mortality in obesity
glucose uptake,is associated with,upregulation of GLUT1 mRNA
glucose utilization,is increased by,medications
Glucose variability,is associated with,all-cause and cardiovascular mortality
Glucose variability,associated with,all-cause mortality
Glucose variability,associated with,cardiovascular mortality
glucose-dependent insulinotropic polypeptide receptor agonists,causal role on,Non-alcoholic fatty liver disease
Glucose-dependent insulinotropic polypeptide receptor agonists,on reducing the risk of,Non-alcoholic fatty liver disease
glucose-lowering effects of dapagliflozin,are influenced by,genetic variants
glucose-lowering effects of dapagliflozin,are unclear,genetic variants
glucotoxicity,is a cause of,hyperglycemia
Glucotoxicity,is a cause of,impaired insulin secretion
Glucotoxicity,is a cause of,impaired insulin sensitivity
Glucotoxicity,are caused by,β-cell failure
Glucotoxicity,causes,problem
glycated hemoglobin,were positively associated with,calcific aortic valvular stenosis (CAVS)
glycated hemoglobin,were positively associated with,coronary artery calcification
glycated hemoglobin,associated with,vascular and valvular calcifications
Glycated hemoglobin (HbA1c),does not provide information on,glycemic variability (GV)
Glycated hemoglobin (HbA1c),is widely used to assess,long-term glycemic control
glycated hemoglobin (HbA1c),moderates,relationship between APOE4 and its impacts on cognition and olfaction
glycated hemoglobin (HbA1c),does not mediate,relationship between APOE4 and its impacts on cognition and olfaction
glycated hemoglobin (HbA1c),does not moderate,relationship between APOE4 and its impacts on cognition and olfaction
glycated hemoglobin A1c (HbA1c) variation,was known to be,independent predictor of all-cause mortality in patients with type 2 diabetes mellitus (T2DM)
glycated hemoglobin levels,increasing,risk of pancreatic cancer
glycemic conditions,seen in,diabetes
glycemic control,impact of,brain atrophy
glycemic control,has impact on,brain atrophy
glycemic control,may be,changes in cognitive function in diabetic patients
glycemic control,is associated with,diabetes severity
glycemic control,is believed to be associated with,heart failure development
glycemic control,is associated with,heart failure development
glycemic management,assessed the impact of,cardiovascular disease progression
glycemic management,on,individuals with type 2 diabetes mellitus
glycemic traits,had no significant impact on,aortic dissection
glycemic traits,had no significant influence on,aortic dissection
glycemic traits,did not show a significant impact on,aortic dissection susceptibility
glycemic traits,impact on,aortic dissection susceptibility
glycemic traits,had no significant impact on,aortic dissection susceptibility
glycemic traits,did not significantly influence,aortic dissection susceptibility
glycemic traits,had no significant influence on,aortic dissection susceptibility
glycemic traits,such as,fasting glucose
glycemic traits,such as,fasting insulin
glycemic traits,such as,HbA1c levels
glycemic traits,did not have,significant impact on aortic dissection susceptibility
glycemic variability,influences,cognitive decline
glycemic variability,is positively associated with,increased risk of cardiovascular disease
glycemic variability,was associated with,QSM values of subcortical nuclei
glycemic variability,influences,risk of AD
Glycemic variability (GV),contributes to,diabetes-related complications
glycolipid toxicity,caused,markers
glycolipid toxicity,caused,the
glycometabolic points of action,are not,points of action
glycometabolic points of action,are the,points of action
glycosuria,has not yet influenced,calorie balance
goal,was to incorporate,available changes in the predictive variables
goal,was to determine,causal association between group disorders and type 2 diabetes mellitus
goal,was to cause,damage
goal,was to examine,intermediary roles of risk factors associated with pancreatitis
goal,is to contribute to,managing diabetes mellitus and its complications
goal,to clarify,Type 2 diabetes mellitus causal relationship and mechanisms
greater amyloid burden,was associated with,greater increases in functional difficulties
greater BMI and FMI level,is associated with,greater risk of progressive insulin resistance
greater circulating IL-17A,associated with,poorer performance on tests of executive function/attention
greater circulating IL-17A,was associated with,poorer performance on tests of executive function/attention
greater circulating IL-17A levels,were associated with,poorer executive function in midlife
greater improvements,especially in,IHL
greater iron accumulation in the posterior caudate,is associated with,poorer cognitive performance
greater iron accumulation in the posterior putamen,is associated with,poorer cognitive performance
greater reduction in HbA1c,achieved with,IDegAsp
greater reduction in HbA1c,compared to,IGlar
greater reduction in HbA1c,was associated with,impaired GLP-1 response
greater reduction in HbA1c,in individuals with,T2DM
groups,had,elevated waist circumference
groups,had,obesity by body mass index
groups,associated with,prediabetes
groups,associated with,T2DM
growing evidence,emerged on,impact of T2DM on Parkinson's disease
growing interest in natural therapies,has led to,exploration of propolis
growing literature,suggests that,phenotypic switching in SMCs
Growing literature,suggests that,phenotypic switching in SMCs
gut dysbiosis,contributes to,pathophysiology of type 2 type 2 diabetes mellitus (T2DM)
gut microbiota,contribute to,degree of causal association between group disorders and type 2 diabetes mellitus
gut microbiota,plays a direct causal role in,hypoglycemic effect of Roux-en-Y gastric bypass
gut microbiota,contributes to,metabolic syndrome pathophysiology
gut microbiota,causal relationships between,novel adult-onset type 2 diabetes mellitus(T2DM) subtypes
gut microbiota,via,plasma metabolites
gut microbiota,impact via,plasma metabolites
gut microbiota,had a potential causal association with,T2DM
gut microbiota,has significant impact on,Type
gut microbiota,have significant impact on,Type 2 diabetes
gut microbiota,has significant impact on,Type 2 diabetes
gut microbiota,associated with,type 2 diabetes mellitus
gut microbiota,may be associated with,type 2 diabetes mellitus
gut microbiota,has causal relationship with,type 2 diabetes mellitus
gut microbiota composition,associated with,type 2 diabetes mellitus
gut microbiota composition,causal association between,type 2 diabetes mellitus
gut microbiota dysbiosis,was caused by,HFD
gut microbiota signatures,associated with,subtype of nephropathy
gut microbiota-based therapies,may be developed,based on new insights
gut microbiota-based therapies,for,type 2 diabetes mellitus
gut-brain axis,impacts,neuroprotection
GV,acts as a mediator of,neural impact of Type 2 diabetes mellitus
GWAS data,were on,spinal stenosis
GWAS data,were on,T2DM
GWAS-derived GRSs,do not offer,improved predictive ability
GWAS-derived GRSs,do not offer improved over,predictive ability
GWAS-derived GRSs,for,T2DM and CKD
H. pylori IgG antibody,is associated with,increased risk of obesity
haemoglobin,were identified as mediators of,GV and 1-year all-cause mortality
Hamilton Depression Rating Scale,with,additional research
having a less negative attitude toward insulin treatment,is associated with,achieving good glycemic control in Thai adults with insulin-treated T2DM
hazard ratio,for,all-cause mortality
hazard ratio,is a measure of,relative risk of all-cause mortality
hazard ratios,were for,all-cause mortality risk during the follow-up period
hazard ratios,were computed for,all-cause mortality risk during the follow-up period among patients with varying disease onset ages
hazard ratios and their corresponding 95% confidence intervals,for,all-cause mortality risk during the follow-up period
hazard ratios and their corresponding 95% confidence intervals,were for,all-cause mortality risk during the follow-up period among patients with varying disease onset ages
HbA(1c) ≥ 8.0%,was associated with,CAD risk
HbA(1c) ≥ 8.0%,was associated with,CAD risk among participants
HbA(1c) ≥ 8.0%,was associated with,CAD risk among participants with the Hp2-2 phenotype
HbA(1c) ≥ 8.0%,only among,participants
HbA(1c) ≥ 8.0%,only among,participants with the Hp2-2 phenotype
HbA(1c) 7.0-7.9%,compared with,HbA(1c) < 6.5%
HbA1c,was not associated with,anxious affective temperaments
HbA1c,contributes to,APOE4-related cognitive and olfactory
HbA1c,contributes to,APOE4-related cognitive and olfactory impairment
HbA1c,contributes to,APOE4-related cognitive impairment
HbA1c,contributes to,APOE4-related cognitive impairment in individuals with T2DM
HbA1c,contributes to,APOE4-related olfactory impairment
HbA1c,contributes to,APOE4-related olfactory impairment in individuals with T2DM
HbA1c,was not associated with,depressive affective temperaments
HbA1c,was not associated with,"depressive, anxious, and irritable affective temperaments"
HbA1c,is associated with,diabetes severity
HbA1c,not associated with,diabetic peripheral neuropathy
HbA1c,were not associated with,diabetic retinopathy
HbA1c,influenced by,gestational age
HbA1c,is associated with,glycemic control
HbA1c,is associated with,heart failure development
HbA1c,was not associated with,irritable affective temperaments
HbA1c,was not associated with,lifestyle factors as mediating factors
HbA1c,influenced by,pregestational body mass index
HbA1c,significantly predicted,QoL
HbA1c,was not associated with,regression analysis
HbA1c,are positively associated with,serum ferritin
HbA1c,are associated with,this condition
HbA1c ≥ 7%,independently predicted,cognitive impairment
HbA1c < 7.0 % group,compared to,HbA1c ≥ 7.0 % group
HbA1c benefit of IDegAsp,was associated with,IGlar
HbA1c levels,have an impact on,six-month mortality outcomes
HbA1c levels,impact on,six-month mortality outcomes
HbA1c levels,were taken after,three to six months of treatment
HbA1c variation,were significant predictors of,all-cause mortality in patients with T2DM
HbA1c-CV,with,mortality from any causes
HBP,was not associated with,rotator cuff syndrome
HDL cholesterol,within,triglycerides pathways
HDL-C,is impacted by,BMD
HDL-C,is related to,BMD
HDL-C,as a mediator,causal relationship
HDL-C,mediated,causal relationship
HDL-C,is influenced by,insulin resistance
HDL-C,was found to be mediating,portion of this causal relationship
HDL-C,mediated,this causal relationship
HDL-C,was a mediator of,this causal relationship
HDL-C levels,were associated with,reduced T2DM risk
HDL-C levels,causal link between,T2DM
health actions,through,culinary interventions
health actions,through,public food and nutrition policies
health behaviour intervention,maximise,its impact
health behaviour intervention,should be scaled,nationwide
health benefits,adjusting for,having a less negative attitude toward insulin treatment
health risk factors,were associated with,higher incidence of urine ACR
healthcare professionals,contributed to the design of,physical activity programme
healthcare professionals,contributed to,study protocol
healthcare provider visits,were higher in,FreeStyle Libre group
healthcare provider visits,due to,hyperglycemia
healthy controls,demonstrated,"significant improvements in FBS, insulin levels, and HOMA-IR"
healthy eating behavior,is a significant factor contributing to,blood sugar control
heart and/or blood vessels,are the leading cause of,global mortality
heart failure,is caused by,type 2 diabetes
heart failure development,is associated with,diabetes severity
heart failure development,is associated with,glycemic control
heart failure development,is associated with,HbA1c
heart failure with preserved ejection fraction,is associated with,impaired activation of the Heart failure with preserved ejection fraction signaling pathway
Heart failure with preserved ejection fraction,correlated with,increased cardiomyocyte passive stiffness
heart failure with preserved ejection fraction,is caused by,the disease
hearts from diabetic HFpEF patients,increase in,inflammation
heated condition,resulted in,concentrations of 380±194 pmol/L/120 min
Helicobacter pylori,induces,hepatic inflammation
Helicobacter pylori,induces,insulin resistance (IR)
Helicobacter pylori,induces,microbiota-mediated liver injury
hemiplegia,is associated with,type 2 diabetes mellitus (T2DM)
Hemoglobin A1c (HbA1c),is a key glycemic control indicator,links β cell function to complications
hemoglobin A1c level,was significantly associated with,N-acetylaspartate/choline (NAA/Cho)
hemoglobin A1c level,was significantly associated with,triglyceride
hepatic function,are intimately associated with,facial and tongue features
hepatic insulin resistance,causes,elevated glucagon levels
hepatic transcriptomic analysis,showed that,combination of C. morifolium and probiotics modulated the expression of genes associated with lipid metabolism
hepatitis C virus infection,caused,decrease in ATP levels
hepatitis C virus infection,is caused by,downregulating hepatitis C virus expression of GnT-IVa
heterogeneity in clinical trial results,due to,limited synthesis of human evidence
heterogeneity in the causal effects,was assessed using,MR-Egger regression and IVW analyses
heterozygous genotype of rs12255372,was strongly associated with,Polycystic ovary syndrome
HF344,caused,increased glucose uptake into skeletal muscle
HF344,caused by,increased glucose uptake into skeletal muscle
HG condition,induced,cells into the M2 phenotype
HG condition,caused,shift to the M2 phenotype
HG condition,caused,upregulation of CD206
HG conditions,led to,severe mitochondrial damage
HG injury,caused,cells to be protected
HgCl(2) exposure,of,synergistic impact
HIBCH,showed,inverse causal relationship
hierarchical composite endpoint HCE,was defined as,ranked composite of all-cause mortality
high blood sugar,can cause,death
high blood sugar,can cause,death in serious cases
high blood sugar,due to,insulin malfunction
high blood sugar levels,can be caused by,diabetes
high DII and DIL diet,is associated with,development of metabolic syndrome
high glucose levels,are associated with,increased risk of type 2 diabetes mellitus
high glucose levels in mothers,are associated with,increased risk of type 2 diabetes mellitus
high incidence of infections,due to,high frequency of invasive devices
high incidence of infections,is due to,high frequency of invasive devices
high LE8 scores,is associated with,lower risk of developing CMM
high LE8 scores,leads to,lower risk of developing CMM
high LE8 scores,results in,lower risk of developing CMM
high level of blood sugar,can lead to,death
high level of blood sugar,can lead to,death in serious cases
high level of blood sugar,can cause,death in serious cases
high levels of hs-CRP,are associated with,mental state
high levels of hs-CRP,are associated with,oxidative stress
High mobility group box 1,is associated with,kidney inflammation
high mobility group box 1,has been confirmed as biomarker with,predictive and therapeutic value
High mobility group box 1,is associated with,systemic inflammation
high mobility group box 1,has been confirmed in,various diseases
High Pericoronary adipose tissue attenuation,was associated with,non-calcified plaque burden progression
High Pericoronary adipose tissue attenuation levels,uniquely predict,non-calcified plaque burden progression
High Pericoronary adipose tissue attenuation levels,suggest that,PCATa may serve as a marker for subclinical atherosclerosis progression
High Pericoronary adipose tissue attenuation levels,may serve as a marker for,subclinical atherosclerosis progression
high rate of inflation,can be caused by,various factors
high remnant cholesterol remnant cholesterol level,leads to,increased risk of cardiovascular disease events
high risk of different malignancies,leads to,worse mortality outcomes
high risk of substantial biases,due to,results of the study are not conclusive
high total cholesterol,are a predictive factor for,higher risk
high triglycerides,are a predictive factor for,higher risk
high waist circumference,resulted in,higher prevalence of insulin resistance (HOMA-IR)
high-calorie diet,leads to,insulin resistance
high-density cholesterol (HDL),was negatively associated with,NTG risk
high-fat diet (HFD),are key factors contributing to,hepatic fat accumulation
high-fat diet (HFD),are key factors contributing to,type 2 diabetes mellitus (T2DM)
high-fat diet-induced obesity,is associated with,expression of tripartite motif-containing protein 32
high-fiber diet,impact on,bone
high-fiber diet,impact on,bone and glucose control
high-fiber diet,impact on,glucose control
high-fiber diet,impact on,men and women with T2DM
high-fiber diet,impact on,T2DM
high-grade hypertension,is the second top risk factor associated with,heart failure
"high-protein, low-fat diabetes-specific nutritional shake",leads to,favorable changes in GLP-1 response
"high-protein, low-fat Diabetes-specific nutritional shake",impact of,GLP-1 response
"high-protein, low-fat diabetes-specific nutritional shake",led to,increase in insulin pAUC
high-sensitivity C-reactive protein at 2 mg/L,was associated with,major adverse cardiovascular and cerebrovascular events
high-sensitivity C-reactive protein at 2 mg/L,associated with,major adverse cardiovascular and cerebrovascular events
high-sensitivity C-reactive protein levels,are repeated,excessively
high-throughput RNA sequencing,used to investigate,role of insulin in T2DM and its molecular changes
higher ALM,is independent of,adiposity-related indices
higher ALM,has a causal protective effect on,ischemic stroke
higher ALM,is independent of,physical activity
Higher ALM,reduces,vascular risk factors
Higher ALM,reduces partially,vascular risk factors
higher baseline HbA1c,is associated with,higher rates of primary open-angle glaucoma surgery
higher BMI,is associated with,higher odds of diabetes remission
higher BMI and FMI level,is associated with,greater risk of progressive insulin resistance
Higher C-reactive protein-triglyceride-glucose index levels,were associated with,increased risks of both all-cause mortality
Higher C-reactive protein-triglyceride-glucose index levels,were associated with,increased risks of cardiovascular mortality
higher caloric intake,was due to,additional fiber
higher clinical frailty scale,was associated with,higher visit-to-visit glycated hemoglobin variability
higher CMI,was significantly associated with,increased odds of CAS
higher concentrations of adiponectin,were associated with,reduced risk
higher fluctuations in glucose levels,increase,risk of AD
higher genetically predicted chronotype,was significantly associated with,risk of MS
higher genetically predicted chronotype,was significantly associated with,the risk of MS
higher glucose fluctuations,are associated with,higher risk of AD
higher glucose levels,increase the risk of,AD
higher glucose levels,increase,risk of AD
higher glucose levels,increase,risk of dementia
higher glycated hemoglobin levels,are a predictive factor for,higher risk
higher HbA1c,was associated with,cognitive impairment
higher HbA1c levels,were associated with significantly increased odds of,insulin usage
higher high-sensitivity C-reactive protein,appeared to be associated with,future major adverse cardiovascular and cerebrovascular events
higher homeostasis model assessment of insulin resistance (HOMA-IR),were independently associated with,progression
Higher Insulin-like growth factor 1 levels,were associated with,more favorable changes
higher LE8 scores,had,hazard ratio of 0.65 per 10-point increase
higher LE8 scores,were significantly associated with,reduced CMM risk
higher level of glycated hemoglobin (HbA1c),is associated with,cognitive impairment
higher level of glycated hemoglobin (HbA1c),is associated with,olfactory dysfunction
higher levels,associated with,reduced risk of type 2 diabetes mellitus
higher levels of genus gut microbiota,correspond to,reduced risk of type 2 diabetes mellitus
higher levels of genus gut microbiota,associated with,reduced risk type 2 diabetes mellitus
higher levels of hemoglobin A1c (HbA1c),are associated with,fibrosis risk
higher levels of Insulin-like growth factor 1,compared to,lower levels of Insulin-like growth factor 1
higher levels of serum insulin,are associated with,fibrosis risk
higher levels of the genus Eubacterium oxidoreducens group,were associated with,reduced risk of type 2 diabetes mellitus
higher levels of the genus Ruminococcaceae UCG010,associated with,reduced risk of type 2 diabetes mellitus
higher lumbar BMD,is associated with,higher serum HDL-C
higher MAGE,was associated with,cognitive impairment
higher mean hemoglobin A1c levels,are associated with,increased risk of cognitive impairment
higher physical activity variability,was associated with,elevated risk type 2 diabetes mellitus t2dm
higher predictive value,than,triglyceride/high-density lipoprotein cholesterol ratio
higher QSM values in the anterior putamen,were associated with,slower processing speed
higher QSM values in the posterior caudate,were associated with,poorer cognitive performance
higher QSM values in the posterior caudate,were associated with,reduced memory performance
higher QSM values in the posterior putamen,were associated with,slower processing speed
higher rates of POAG,may be associated with,type 2 diabetes mellitus insulin
higher red and processed meat intakes,predict,greater risks of developing or dying from cardiovascular diseases (CVD) and type 2 diabetes mellitus (T2DM)
higher risk of developing senile cataracts,had,"OR, 1.03; 95% CI, 1.01-1.05; P < 0.05"
Higher Triglyceride-Glucose Index,associated with,increased all-cause mortality
Higher Triglyceride-Glucose Index,associated with,increased all-cause mortality in the whole cohort
higher urine albumin-to-creatinine ratio (UACR),were independently associated with,progression
higher vitamin D levels,were associated with,lower odds of E3/E4 and E4/E4 genotypes
highest dose of the methanolic extract,from,aerial parts of Cymbopogon proximus
highest dose of the methanolic extract,exhibited,significantly greater antioxidant impact
highest metabolic score for IR quartile,Hazard ratios comparing,all-cause mortality
HNMT gene,associated with,diabetic retinopathy risk
holistic therapeutic strategy,to mitigate,root causes of Obesity-induced insulin resistance
HOMA-IR,remained,unchanged
Home-based lifestyle modification intervention,is on,diabetes prevention
hormonal shift,may result in,dyslipidemia
hormonal shift,may result in,hypertension
hormonal shift,may result in,increased risk of developing abdominal adiposity
hormonal shift,may result in,insulin resistance
hormonal shift,may result in,metabolic dysfunction-associated fatty liver disease (MAFLD)
hormonal shift,may result in,metabolic syndrome (MetS)
hormonal shift,may result in,type 2 diabetes mellitus (T2DM)
hormonal shift,may result in,vascular dysfunction
housing instability,results in,food insecurity
hs-CRP,may contribute to,cardiovascular risk
hs-CRP,through,non-lipid pathways
hs-CRP levels,are associated with,inflammation-driven endothelial dysfunction
hs-CRP levels,have an impact on,six-month mortality outcomes
hs-CRP levels,impact on,six-month mortality outcomes
hs-CRP/HDL ratio,indicates,its potential as a predictive biomarker for T2DM
hs-CRP/HDL ratio,indicates,its potential as a predictive biomarker for the condition
hs-CRP/HDL ratio,is associated with,likelihood of developing T2DM
hs-CRP/HDL ratio,is associated with,the condition
hs-CRP/HDL ratios,interaction between,sex and smoking
hsa-miR-30b-3p,is associated with,Type 2 diabetes mellitus
hsCRP,are associated with,early glucose metabolism abnormalities
HSP administration,led to,Heart
HSP administration,led to,Heart failure with preserved ejection fraction improvements in cardiomyocyte mechanical properties
HSP27 and HSP70 expression levels,were reduced,increased cardiomyocyte passive stiffness
HSR,can be improved to prevent,chronic complications associated with T2DM
HSR,can be improved to prevent,complications associated with T2DM
HTN,have a positive causal effect on,COPD
Human Immunodeficiency Virus infection,leads to,chronic inflammation
Human Immunodeficiency Virus infection,contribute to,increased cardiometabolic risk
Human Immunodeficiency Virus infection,is associated with,increased cardiometabolic risk
Human Immunodeficiency Virus infection,association between,increased cardiometabolic risk
human insulin,increases,risk of hypoglycaemia
human placental extract,has impact on,cognitive decline
human placental extract,has impact on,memory
hyperandrogenemia,are major covariates,insulin resistance
hyperglycemia,leads to,activation of astrocytes
hyperglycemia,relating to,cardiovascular complications
Hyperglycemia,have a synergistic impact,HgCl(2) exposure
hyperglycemia,has synergistic impact with,HgCl(2) exposure
hyperglycemia,is a cause of,severe periodontitis
hyperglycemia,causes,severe periodontitis
hyperglycemia,of,synergistic impact
hyperglycemia and HgCl(2) exposure,exacerbates,cognitive decline
hyperglycemia and HgCl(2) exposure,exacerbates,neuroinflammation
hyperglycemic conditions,are associated with,changes in microglia
hyperglycemic conditions,cause,oxidative stress
hyperglycemic conditions,through,pathways involving ceramide
hyperglycemic conditions,through,pathways involving Rac1-nicotinamide adenine dinucleotide phosphate oxidase (NOX)-mediated redoxosome formation
hyperglycemic conditions,through,pathways involving thioredoxin-interacting protein (TXNIP)
hyperglycemic conditions,cause,redoxosome formation
Hyperinsulinemia,associated with,several cancer types
hyperphosphorylated tau protein,aggregates in,the brain
hypertension,increase,all-cause mortality
hypertension,negative effects of,all-cause mortality
hypertension,associated with,cardiovascular diseases
hypertension,may mediate,causal pathways from mood swings to CAD
hypertension,may mediate,causal pathways from mood swings to HF
hypertension,may mediate,causal pathways from mood swings to MI
hypertension,mediate,causal pathways from mood swings to stroke
hypertension,mediates,causal relationship between narcolepsy and angina pectoris
Hypertension,is a cause of,increased risk of MI
hypertension,increase,medical complexity of management
hypertension,is associated with,metabolic syndrome
hypertension,increase,something
hypertension,associated with,type 2 diabetes mellitus
hypertensive disorders of pregnancy,may increase the risk of,gynecologic tumors
hypertensive disorders of pregnancy,are associated with,increased risk
hypertensive disorders of pregnancy,have been associated with,increased risk of gynecologic tumors
hypertensive/ischaemic stress,predispose to,it
hyperthymic affective temperament,mediated by,BDI
hyperthymic affective temperament,was indirectly associated with,lower HbA1c
hypertrophic scars,are associated with,type 2 diabetes mellitus
hyperuricemia,is associated with,Type 2 Diabetes Mellitus (T2DM)
hypoglycemia,is one of the most common causes of,altered mental status
hypoglycemia episodes,were associated with,neurological features
hypoglycemic effect of Roux-en-Y gastric bypass,is caused by,gut microbiota
hypoglycemic effects of EA,were associated with,"regulation of gut microbiota, SCFAs, and GLP-1"
hypoglycemic effects of Mao Jian Green Tea flavonoids,are due to,"luteolin, luteolin-7-O-glucoside, eriodictyol, and eriodictyol-7-O-glucoside"
hypomagnesemia,is associated with,development of Type 2 DM
hyposalivation caused by T2DM,needs to be,confirmed
hypothesis,is that,SGLT2i influence mitochondrial function
IAS,should be considered particularly in,patient
IAS,should be considered particularly in,patient with transient hypoglycemia
IBD,is associated with,AMPK
IBD,no causal relationship was found between,T2DM
identify,between,relationships
Identify,between,relationships entities
identify relationships,based on,"verbs, prepositions, semantic meaning"
IF,results in,decreased expression of ALDH1a3
IF,results in,"enhanced NKX6.1, MAFA"
IF,could modulate,metabolic pathways associated with glycolipid metabolism
IF,results in,protection against loss of beta cell identity
IFG,does not cause,any symptoms
IFG,increase the risk of,developing T2DM later on
IFG,increase the risk of developing,T2DM
IGF-1,predict,success of lifestyle interventions
IGFBP-1,predict,success of lifestyle interventions
IL-1β,is the abbreviation for,interleukin-1 beta
IL-22 levels,were associated with,T2DM risk
IL-6,as,supportive diagnostic test
IL-6 inhibition,led to,Heart
IL-6 inhibition,led to,Heart failure with preserved ejection fraction improvements in cardiomyocyte mechanical properties
"IL-6 inhibition, Mito-TEMPO, and HSP administration",led to,Heart failure with preserved ejection fraction improvements in cardiomyocyte mechanical properties
IL-6-174G/C polymorphism,shows that,CC genotype
IL-6-174G/C polymorphism,shows,CC genotype is associated with higher MS risk
IL-6-174G/C polymorphism,shows that,CC genotype is associated with higher MS risk
IL-6R,impacts,anti-ionized calcium-binding adaptor molecule 1 (IBA-1)
IL-6R,impacts,dopaminergic neurons
Immune cell,leads to,proliferation
immune cell proliferation,results in,chronic inflammation
immune imbalance,may be a cause of,epilepsy
Immune-inflammatory responses,influence,onset of isolated REM sleep behavior disorder
immune-inflammatory responses,may influence,onset of isolated REM sleep behavior disorder
immunometabolic dysfunction,is associated with,AIP
immunometabolic dysfunction in established diabetes,is associated with,AIP
impact,was on,control
impact,is on,glycemic control
impact,was examined,in vivo and in vitro
impact,is on,intestinal flora
impact,on,intestinal flora
impact,will be evaluated through,meta-analysis
impact,was on,overall effect size in mean difference HbA1c%
impact,on,overbasalization
impact,is via,plasma metabolites
impact,is on,society
impact,was on,T2DM patients
impact,has been investigated,that
impact,is on,their families
impact,is on,type 2 diabetes mellitus
impact assessment,occurred over,six months
impact of Alzheimer's disease risk factors,on,declines in daily functioning
impact of CGM,on,long-term glycemic control
impact of cholecalciferol on depression,was investigated in,patients with type 2 diabetes mellitus
impact of continuous glucose monitoring,on,anxiety
impact of continuous glucose monitoring,on,depression
impact of continuous glucose monitoring,on,diabetes-specific quality of life
impact of continuous glucose monitoring,on,pregnancy-related anxiety
impact of DiabeText,assess,main aim
impact of dietary interventions and intermittent fasting,remains,uncertain
impact of different anti-diabetic medications on the skeleton,remains,unclear
impact of Dipeptidyl peptidase-4 inhibitors IL-1β and IL-18,needed to be explored with,more studies
impact of exercise training,remains to be fully elucidated,these aspects
impact of exercise training on brain structure and function,needs to be identified,T2DM
impact of glycemic traits on aortic dissection susceptibility,was not,significant
impact of human placental extract,on,cognitive decline
impact of IL-6R expression on the IL-6/signal transducer and activator of transcription 3/hypoxia-inducible factor-1α inflammatory signaling pathway,within,mouse model of PD with T2DM as co-morbidity
impact of insomnia on LBP,was mediated by,modifiable factors
impact of insulin,on,retinal microvasculature
impact of insulin on the retinal microvasculature,provides support for linking to,increased risk of DR
impact of LRa05,with,hypoglycemic medications
impact of medications on the GFR decline and mortality rate,will be,studied
impact of omega-3 polyunsaturated fatty acids,on,liver gene expression
impact of Parboiled rice consumption,needs,further study
impact of Parboiled rice consumption,is still,not well understood
impact of SGLT2 inhibition on kidney function,regarding,influence of metabolites in circulation
"impact of SGLT2 inhibitors on cardiovascular risk scores, metabolic parameters, and laboratory profiles",over,six months
impact of SGLT2 inhibitors on depression in type 2 diabetes mellitus patients,was not,significant
impact of SGLT2 inhibitors on mortality following MI,remains,uncertain
impact of T2DM,on,Parkinson's disease incidence and progression
impact of T2DM on Parkinson's disease incidence and progression,was analyzed in,Parkinson's disease cohorts
impact of T2DM on serum testosterone levels,was more significant than,impact of obesity
impact of the very-low-calorie ketogenic diet,on,"anthropometric, metabolic, and lifestyle parameters"
impact of vitamin D,correlating,HbA1c and FPG levels
impact on cardiovascular outcomes,is compared to,something
impact on health equity,was related to,proposed recommendations
impact on health equity,was of,recommendations that were proposed
impact on overbasalization,was determined by,evaluating the doses
impacts,are on,metabolic health
impacts of IL-6R,on,level of tyrosine hydroxylase (TH)
impacts of metabolic factors on semen parameters,are still,unclear
impaired bioavailability,was associated with,impaired activation of the Heart failure with preserved ejection fraction signaling pathway
impaired cognition,is caused by,blood-brain barrier damage
impaired fasting glucose,would increase the risk of,developing T2DM
impaired fasting glucose,would increase the risk of developing,T2DM
impaired GLP-1 response,was the cause of,facilitation of personalized insulin therapy
impaired GLP-1 response,led to,facilitation of personalized insulin therapy
impaired GLP-1 response,resulted in,facilitation of personalized insulin therapy
impaired GLP-1 response,was the underlying cause for,facilitation of personalized insulin therapy
impaired glucose homeostasis,leading to,disrupt insulin signaling and β-cell function
impaired glucose homeostasis,occurs,multiple organs
impaired IDE function,may contribute to,both diabetes and neurodegeneration
impaired IDE function,may contribute to,diabetes
impaired IDE function,contribute to,diabetes
impaired IDE function,may contribute to,neurodegeneration
impaired IDE function,contribute to,neurodegeneration
impaired insulin signaling,may contribute to,insulin resistance
impaired insulin signaling pathways,contribute to,immune cell activation
impairment,leads to,gradual loss of cognitive and executive capacities
impairment,leads to,gradual loss of cognitive capacities
impairment,accompanied by,T2DM
impairments,are caused by,Migraine
Impairments,are caused by,Migraine
implementation of the policy,will be delayed,lack of consensus
improved health care expenditures,can result in,better quality of life
improved health care expenditures,can lead to,improved quality of life
improved health care expenditures,can result in,improved quality of life
improved lipid metabolism,was indicative of,this
improved lipid profiles and hs-CRP levels,as,cardio-predictive
improved methodological consistency,would lead to,better-defined exercise program
improved pathways,led to,increased insulin sensitivity
improved predictive ability,over,traditional clinical factors
improved quality of life,can result in,reduced health care expenditures
improved quality of life,can lead to,reduced health care expenditures
improvement in diabetes,is caused by,regulating endoplasmic reticulum stress
improvement in diabetes and its complications,is due to,regulating endoplasmic reticulum stress
improvement in diabetes and its complications,is due to,regulation of endoplasmic reticulum stress
improvement in insulin resistance,may be associated with,decrease in inflammatory cytokine levels
improvement in insulin resistance,is associated with,decrease in inflammatory cytokine levels
improvement in insulin resistance,associated with,decrease in inflammatory cytokine levels
improvement in insulin resistance,is due to,decrease in inflammatory cytokine levels
improvement in type 2 diabetes,was primarily due to,modulation of Faecalibacterium in the gut microbiota
improvement in weight,may be associated with,decrease in inflammatory cytokine levels
improvement in weight,is associated with,decrease in inflammatory cytokine levels
improvement in weight,associated with,decrease in inflammatory cytokine levels
improvement in weight,is due to,decrease in inflammatory cytokine levels
improvement of DPN,was associated with,curcumin supplementation
improvement of DPN,associated with,curcumin supplementation
improvement of metabolic abnormalities,due to,this
improvements,are due to,low-volume high-intensity interval training with progressive resistance training
"improvements in fibrosis recovery, extracellular matrix remodeling, and muscle regeneration",via,proteomics data analysis
improvements in muscle strength,were significantly associated with,enhancements in glucose metabolism
improving blood pressure,reduces,risk of cardiovascular complications
improving glycated hemoglobin,reduces,risk of cardiovascular complications
improving lipid profiles,reduces,risk of cardiovascular complications
improving the HSR,may be important in preventing,chronic complications associated with T2DM
improving the HSR,can prevent,chronic complications associated with T2DM
improving the HSR,is important for,preventing chronic complications associated with T2DM
improving the indicators,led to,effectiveness of gastric bypass surgery
in vivo diet-induced obesity mouse models,were used to assess,impact of miR-4472 on glucose uptake and insulin sensitivity
inability to maintain glycolytic metabolism,is due to,impaired alanine-dependent GNG
inadequate education,are key factors contributing to,increased mortality among diabetic individuals
incidence,is among,young adults
incidence of metabolic diseases,such as,diabetes mellitus
incidence of metabolic diseases,has risen sharply,worldwide
incidence of metabolic diseases such as diabetes mellitus,caused by,over-nutrition
incidence of metabolic diseases such as diabetes mellitus,has risen sharply,worldwide
incidence of Type 2 diabetes mellitus,is associated with,lifestyle factors
incidences of all-cause death,were significantly lower in,HbA1c < 7.0 % group
incidences of cardiac death,were significantly lower in,HbA1c < 7.0 % group
incidences of MACCEs,were significantly lower in,HbA1c < 7.0 % group
inconsistency in results,may be due to,form of supplementation
inconsistency in results,is caused by,form of supplementation
inconsistent findings,are partly due to,heterogeneity in event definitions
incorporating yoga in daily life,reduces the risk of,complications in people with diabetes
incorporating yoga in daily life,helps to attain,glycaemic control
increase,was significant in,HbA1c ≥ 7.5% stratification
increase,results in,lowering TG and TC concentrations
increase in acetylcarnitine concentration,may be due to,beneficial effect on insulin sensitivity
increase in Artificial light at night,increases,risk of developing Type 2 diabetes Mellitus
increase in Artificial light at night,increases,risk of Type 2 diabetes Mellitus
increase in dietary pulse intake,was significantly associated with,reduction in HbA1c
increase in dietary pulse intake,was associated with,reduction in HbA1c
increase in ED incidence,was associated with,T2DM
increase in hepatic peroxisome proliferator-activated receptor (PPAR) α,results in,lowering TG and TC concentrations
increase in hepatic SREBP-2 expressions,results in,lowering TG and TC concentrations
increase in inflammation,was associated with,impaired activation of the Heart failure with preserved ejection fraction signaling pathway
increase in light,increases,risk of Type 2 diabetes Mellitus
increase in ROS formation,causes,upregulation of chronic inflammatory markers
increase in ROS formation,is the cause of,upregulation of chronic inflammatory markers
increase in temperature,had,significant impact on the local ecosystem
increase in the money supply,causes,it
increase in the severity of depressive symptoms,was associated with,increase in variability
increase in Tirzepatide doses,caused,increase in proportions of type 2 diabetes mellitus with weight loss >5%
increase of 1 standard deviation in TITRE,was associated with,all-cause mortality
increase of 1 standard deviation in TITRE,was associated with,reductions in CVD risk
increased ASMI,is associated with,improved insulin sensitivity
increased awareness,underscores the need for,rare complications associated with anesthesia
increased cardiometabolic risk,is due to,chronic inflammation
increased cardiometabolic risk,is due to,effects of antiretroviral therapy
increased cardiomyocyte passive stiffness,because of,reduced HSP27 and HSP70 expression levels
increased cheese consumption,was significantly associated with,reduced risk of T2DM
increased complexity of the interaction network,led to,decrease in insulin sensitivity
increased complexity of the interaction network,led to,decreased insulin sensitivity
increased COPD incidence,is associated with,odds ratio of 1.18
increased expression of CPT1α,led to,activated FAO
increased global prevalence of type II diabetes mellitus (T2DM),is associated with,consumption of low fibre 'Western diets'
increased glucose uptake,is associated with,HF344
increased glucose uptake into skeletal muscle,was caused by,HF344
increased insulin resistance,are associated with,this condition
increased insulin sensitivity,resulted in,enhanced glucose tolerance
increased intermediate,among,male patients
increased levels of BMI,associated with,greater risk of progressive insulin resistance
increased levels of FMI,associated with,greater risk of progressive insulin resistance
increased levels of sedentary behavior during prediabetes,may contribute to,the development of prediabetes T2DM
increased lipid oxidation during the diurnal period,due to,hypoglycaemia
increased longevity,is associated with,heightened risks of new medical problems
increased MGO production,leads to,protein glycation
Increased MGO production,leads to,protein glycation
increased microRNA-375 expression,resulted in,proportionately enhanced insulin sensitivity
increased mortality,is associated with,type 2 diabetes mellitus complications
increased odds of CAS,had,"OR = 1.48, 95% CI: 1.21-1.81, P < 0.001"
increased rate of mortality,is due to,type 2 diabetes mellitus complications
increased relative abundance of family Oxalobacteraceae,was associated with,higher odds of T2DM
increased relative abundance of genus Oxalobacter,was associated with,higher odds of T2DM
increased relative abundance of species faecis,was associated with,lower odds of T2DM
increased relative abundance of species faecis of species faecis,was associated with,lower odds of T2DM
increased risk,is due to,chronic inflammatory state
increased risk,caused by,chronic inflammatory state
increased risk,is due to,chronic inflammatory state associated with type 2 diabetes
increased risk,is associated with,iridocyclitis
increased risk for Type 2 diabetes mellitus,likely driven by,increase in insulin resistance
increased risk of cardiovascular events,is associated with,T2DM
increased risk of hypoglycaemia,is associated with,increased treatment burden
increased risk of hypoglycaemia,is associated with,therapies
increased risk of hypoglycaemia,is associated with,weight gain
increased risk of MI,because of,endothelial dysfunction
increased risk of MI,is due to,endothelial dysfunction
increased risk of MI,because of,hyperlipidemia
increased risk of MI,is due to,hyperlipidemia
increased risk of MI,because of,hypertension
increased risk of MI,because of,inflammation
increased risk of MI,is due to,inflammation
increased treatment burden,is associated with,weight gain
increased WC,had its greatest effect,body mass index by waist circumference
increased weight gain,was associated with,Insulin Icodec
increases in functional difficulties,found in,Veterans with T2DM
increasing impact of obesity on pregnancy outcomes,due to,obesity
increasing impact of obesity on pregnancy outcomes,underscores the importance of,optimal nutrition and management of insulin sensitizing medications during prenatal care for PPM
increasing ROS formation,results in,upregulation of chronic inflammatory markers
increasing ROS formation,is the cause of,upregulation of chronic inflammatory markers
increasing TyG index,was associated with,increased risk for ASCVD
increasing TyG index,was associated with,increased risk for T2DM
increasing waist circumference,is associated with,eGFR decline
increment,was associated with,increase in conversion of IFG to T2DM
index,has been associated with,inflammation
index,is a marker reflecting,inflammation
index,has been associated with,insulin resistance
index,is a marker reflecting,insulin resistance
index,associated with,poor prognosis
index,has been associated with,poor prognosis
index,been associated with,poor prognosis in various populations
index,has been associated with,poor prognosis in various populations
index,has been associated with,various populations
individual genetic variants,on,overall outcomes
individuals aged 55 to 75,on,oxidative and inflammatory markers
individuals taking sulfonylureas,had lower odds of,insulin usage
Individuals with PDM,should receive,care
individuals with PDM,should receive,care
individuals with T2DM,have a higher risk of developing,Alzheimer's disease
individuals with T2DM,initiated,basal insulin treatment
individuals with T2DM,had,clear indications for basal insulin
individuals with T2DM,were associated with,impaired GLP-1 response
individuals with T2DM,initiated,treatment
individuals with Type 2 diabetes mellitus,are at increased risk of developing,complications associated with macrovascular pathologies
individuals with Type 2 diabetes mellitus,are at increased risk of developing,complications associated with microvascular pathologies
individuals with type 2 diabetes mellitus T2DM,were the focus of,impact of educational interventions
industry,contribute to,emissions
infection,is caused by,hepatitis C virus
infections,could result in,another serious outcome
infections,could result in,death
Infections,could result in,death
Infections,could result in,septic shock
infections,could result in,septic shock
infections,could result in,serious outcome
inferior cardiac function,is associated with,senescence
inflammation,caused by,acute counteraction of short-chain fatty acids
inflammation,caused by,adipocytokines and macrophages infiltrating adipose tissue
Inflammation,is associated with,adiposity
inflammation,may influence,association between diabetes mellitus and IPF
inflammation,jointly influence,cardiovascular outcomes
Inflammation,contributes to,complications
inflammation,are associated with,diabetic heart
inflammation,caused by,insulin resistance
inflammation,contributes to,insulin resistance
inflammation,is associated with,major adverse cardiovascular and cerebrovascular events
inflammation,is probably predicted by,NLR
inflammation,contributes to,T2DM
inflammation,was due to,TNF-α
inflammation,is associated with,upregulation of IL-6
inflammation,is associated with,upregulation of NF-κB
inflammation,is associated with,upregulation of NLRP3 inflammasome
inflammation caused by adipocytokines and macrophages infiltrating adipose tissue,causes,insulin resistance
inflammation caused by adipocytokines and macrophages infiltrating adipose tissue,causes,type 2 diabetes
inflammation of adipose tissue,can contribute to,insulin resistance
inflammation of adipose tissue,contribute to,insulin resistance
inflammation of adipose tissue,are causes of,insulin resistance and β cell dysfunction
inflammation of adipose tissue,can contribute to,β cell dysfunction
inflammation of adipose tissue,contribute to,β cell dysfunction
inflammation of adipose tissue,leads to,secretion of adipocytokines
inflammatory biomarkers,relationship between,diabetes status (glycosylated hemoglobin)
Inflammatory bowel disease,could be found,causal associations
inflammatory bowel disease,are conditions associated with,epidemiological research
inflammatory bowel disease,no causal associations could be found,other direction
inflammatory bowel disease,mediate,pancreatitis
inflammatory bowel disease,are associated with,pancreatitis
inflammatory bowel disease,associated with,pancreatitis
inflammatory bowel disease,is associated with,pancreatitis
inflammatory bowel disease,does not influence,risk of T2DM
Inflammatory bowel disease,causal relationship between,T2DM risk
inflammatory bowel disease,might reduce the risk of,ulcerative colitis
inflammatory bowel disease (IBD),causal relationship between,diabetes mellitus
Inflammatory bowel disease IBD,causal impact of was not supported,Type 2 diabetes mellitus
inflammatory cytokines,are associated with,DN
inflammatory cytokines,positive causal relationship with,type 2 diabetes
inflammatory cytokines,have negative causal relationships with,type 2 diabetes mellitus
inflammatory cytokines,had negative causal relationships with,type 2 diabetes mellitus
inflammatory cytokines,had positive causal relationships with,type 2 diabetes mellitus
inflammatory cytokines,positive causal relationships between,type 2 diabetes mellitus
inflammatory markers,are associated with,progression from pre-diabetes to diabetes
inflammatory processes,are associated with,increased risk
inflammatory processes,are associated with,T2DM
inflammatory response,is caused by,advanced glycation end products
inflammatory response,caused by,advanced glycation end products
inflammatory responses,influence,causal relationship
inflammatory responses,may influence,causal relationship
inflammatory responses,through,T2DM
inflammatory substances,lead to,inflammation of adipose tissue
inflammatory substances,contribute to,inflammation of adipose tissue
inflammatory substances,and,inflammation of adipose tissue
inflammatory substances,can contribute to,insulin resistance
inflammatory substances,contribute to,insulin resistance
inflammatory substances,contribute to,insulin resistance and β cell dysfunction
inflammatory substances,are causes of,insulin resistance and β cell dysfunction
inflammatory substances,can contribute to,β cell dysfunction
inflammatory substances,contribute to,β cell dysfunction
inflammatory substances,lead to,secretion of adipocytokines
influence,is on,blood
influence,is on,blood glucose
influence,on,blood glucose
influence,is on,fasting blood
influence,is on,fasting blood and glucose
influence,is on,fasting blood glucose
influence,is on,fasting glucose
influence,is on,fasting insulin
influence,on,fasting insulin
influence,is on,glucose
influence,is on,insulin
influence,of,interaction of two SNP loci with the environment on CAD
influence of antidiabetic medications on depression risk,is a topic of,ongoing research
influence of fats,is related to,night work
influence of genetic variants on the glucose-lowering effects of dapagliflozin,remains,unclear
influence of metabolites in circulation,is regarding,impact of SGLT2 inhibition
influence of metabolites in circulation,regarding,impact of SGLT2 inhibition
influence of metabolites in circulation,regarding,impact of SGLT2 inhibition on kidney function
influence of metabolites in circulation,regarding the impact of,SGLT2 inhibition
influence of OH,on,cognition in T2DM
influence of OH on cognition in T2DM,was partly mediated by,baseline AD biomarkers
influence of OH on cognition in T2DM,was partly mediated by,complement proteins
influence of SGLT2 inhibitors on depression risk,is a topic of,ongoing research
influence on fasting blood glucose and insulin,could persist into,adulthood in F1 offspring of zebrafish with maternal T2DM
information,is limited on,impact of Type 2 diabetes mellitus and prediabetes on Primary hyperaldosteronism
infusion,is associated with,overall health outcomes
infusion,associated with,overall health outcomes
infusion,led to,prolonged glucose-lowering effects
inherent limitations,impede,confirmation of a causal connection
inherent limitations,include,possibility of reverse causality
inherent limitations,include,vulnerability to confounding factors
inherent limitations of the studies,impede,confirmation of a causal connection
inherent limitations of the studies,include,possibility of reverse causality
inherent limitations of the studies,include,vulnerability to confounding factors
inhibition,was associated with,higher HbA1c
inhibition of 3-hydroxy-3-methylglutaryl-coenzyme A reductase,was associated with,higher risk of T2DM
inhibition of GSK-3β,leads to,suppression of tau phosphorylation
inhibition of insulin receptor pathway activity,causes,neuroinflammation
inhibition of MEF2D/GLUT4,is caused by,miR-4472
inhibition of the expression of MEF2D/GLUT4,leads to,inhibition of the glucose consumption and uptake ability of skeletal muscle cells
initial insulin resistance (IR),and subsequent,β-cell dysfunction
initiation of flash glucose monitoring,was associated with,clinically and statistically significant improvement in HbA1c
insights,are into,gut microbiota signatures
insights,influence,treatment of patients with diabetes
insomnia,increased the risk of,angina pectoris
insomnia,has an impact on,LBP
insomnia,had impact on,LBP
insomnia,impact on,LBP
insomnia,increased,risk
instrumental variables,to assess,causal relationship
instrumental variables (IVs),associated with,IBD
instrumental variables (IVs),were extracted from,largest GWAS meta-analysis
instrumental variables (IVs),associated with,T2DM
insulin,influence on,adulthood
insulin,does not reduce,all-cause mortality and MACE
insulin,influence is on,blood
insulin,contributes to,blood glucose regulation
insulin,impact on,brain glycogen stores
insulin,impact on,brain local glycogen stores
insulin,causal relationship between,EC risk
insulin,causal relationship with,EC risk
insulin,influence on,F1 offspring of zebrafish with maternal T2DM
insulin,and,glucose
insulin,and,glucose uptake
insulin,impacts,glycogen stores
insulin,has the impact on,glycogen stores
insulin,impact on,glycogen stores in the brain
insulin,impacts,glycogen stores in the brain
insulin,is associated with,higher risk of hypoglycaemia
insulin,notably with,human insulin
insulin,is linked to,increased risk of DR
insulin,influenced by,influence
insulin,compared to,type 2 diabetes mellitus care
insulin and glucose uptake,leads to,"increase of CAT, SOD, and GSH production"
insulin and its analogs,are associated with,reduced male infertility
insulin antibodies,are associated with,blood glucose control
insulin autoimmune syndrome (IAS),to cause,hypoglycemic episodes
insulin autoimmune syndrome (IAS),cause,hypoglycemic episodes
insulin autoimmune syndrome (IAS),was suspected to cause,hypoglycemic episodes observed
insulin deficiency in T1DM,was associated with,deterioration of trabecular bone
insulin exocytosis,due to,Ca(2+) influx
insulin exocytosis,occurs in,islet cells
insulin exocytosis,due to,XMT process
insulin granule exocytosis,is influenced by,BAG3
insulin Icodec,led to,better control of HbA1c
insulin Icodec,led to,better control of HbA1c and TIR
insulin Icodec,led to,better control of TIR
Insulin Icodec,led to,higher rate of injection site reaction
Insulin Icodec,led to,increased weight gain
insulin immunoassay,used,discordant insulin and C-peptide levels
insulin immunoassay used,may cause,discordant insulin and C-peptide levels
insulin initiation,is delayed,other treatments failing
insulin malfunction,is due to,it
insulin resistance,causes,abnormal Aβ deposition
insulin resistance,caused by,acute counteraction of short-chain fatty acids
insulin resistance,is associated with,acylcarnitine (AC)
insulin resistance,has an impact on,all processes
insulin resistance,have an impact on,all processes
insulin resistance,associated with,cardiovascular diseases
insulin resistance,is associated with,citrate synthase (CS)
insulin resistance,is associated with,complications
insulin resistance,is associated with,cytochrome c (CC)
insulin resistance,is associated with,decreased insulin receptor levels
insulin resistance,occurs due to,defect in insulin-mediated control of glucose metabolism
insulin resistance,is caused by,defect in insulin-mediated control of glucose metabolism
insulin resistance,lead to,development of type 2 diabetes mellitus
insulin resistance,are factors contributing to,development of Type 2 diabetes mellitus
insulin resistance,leads to,development of type 2 diabetes mellitus
insulin resistance,leads to,elevated blood glucose
insulin resistance,results in,elevated blood glucose levels
insulin resistance,contributes to,elevated TG levels
insulin resistance,leads to,elevated TG levels
insulin resistance,causes,fat accumulation within the liver
insulin resistance,causes,glucose homeostasis perturbation
insulin resistance,associated with,glucose levels
insulin resistance,does,have significant impact on all processes
insulin resistance,has effect on,HDL cholesterol and triglycerides pathways
insulin resistance,affects,HDL-C
insulin resistance,impacts,HDL-C and BMD relationship
insulin resistance,is caused by,hepatic hypoxia
insulin resistance,was defined by,homeostatic model assessment for insulin resistance (HOMA-IR) ≥4.31 (male) or 4.51 (female)
insulin resistance,impacts,immune cells
insulin resistance,leads to,impaired insulin production
insulin resistance,is associated with,incident type 2 diabetes mellitus
insulin resistance,are associated with,"increased risk of cognitive decline and dementia, including Alzheimer's"
insulin resistance,resulted in,insulin sensitivity in hepatocyte
insulin resistance,is caused by,IRS-2
insulin resistance,is associated with,its complications
insulin resistance,is associated with,kidney impairment
insulin resistance,is caused by,low‐grade inflammation
insulin resistance,can lead to,macrovascular complications
insulin resistance,can lead to,microvascular complications
Insulin resistance,is associated with,pancreatic β-cell function
insulin resistance,is associated with,patients with T2DM
insulin resistance,contributes to,progressive β-cell failure
insulin resistance,contributes to,reduced HDL cholesterol
insulin resistance,leads to,reduced HDL cholesterol
insulin resistance,leads to,reduced insulin production
insulin resistance,influences,relationship between HDL-C and BMD
Insulin resistance,is associated with,Retinol binding protein 4 levels
insulin resistance,does not directly impact,sd LDL levels
insulin resistance,leads to,skeletal muscle atrophy
insulin resistance,contributes to,subsequent sd LDL increases
insulin resistance,may lead to,T2D
insulin resistance,is associated with,these pathways
insulin resistance,leads to,type 2 diabetes
insulin resistance,is the main cause of,Type 2 diabetes mellitus
insulin resistance,are associated with,type 2 diabetes mellitus
insulin resistance,associated with,type 2 diabetes mellitus
insulin resistance,are crucial causes of,type 2 diabetes mellitus (T2DM)
insulin resistance,leads to,type 2 diabetes mellitus development
insulin resistance,is associated with,type 2 diabetes mellitus patients
insulin resistance (IR),is the main cause of,type 2 diabetes mellitus (T2DM)
insulin resistance in T2DM,contributes to,chronic inflammation
insulin resistance in T2DM,contributes to,other metabolic abnormalities
insulin resistance in the endothelium,is a contributing factor to,Alzheimer's disease pathology
insulin resistance in the endothelium,could lead to,blood-brain barrier dysfunction
insulin secretion dysfunction,are crucial causes of,type 2 diabetes mellitus (T2DM)
insulin sensitivity,is closely associated with,pancreatic β-cell functions
insulin sensitivity,was the most important predictor for,variation of DLCO
insulin signaling,is impaired by,ceramide production
insulin signaling pathways,are influenced by,Type 2 diabetes mellitus
insulin therapy,provided,additional predictive value
insulin therapy,resulted in,greater reduction in HbA1c
insulin therapy,was associated with,higher incidence of hypoglycemia
insulin therapy,leads to,improved glycemic control
insulin therapy,increases,risk of cardiovascular disease
insulin therapy,was associated with,weight gain
insulin use,is associated with,increased all-cause mortality
insulin use,compared to,oral hypoglycaemic agents
insulin use,is associated with,poor health outcomes
insulin-antibody complexes,may lead to,discordant insulin and C-peptide levels
insulin-degrading enzyme,was increasingly associated with,body mass index (BMI)
insulin-degrading enzyme,was increasingly associated with,C-peptide
insulin-degrading enzyme,was increasingly associated with,fasting blood glucose
insulin-degrading enzyme,was increasingly associated with,hemoglobin A1c (HbA1c)
insulin-degrading enzyme,was increasingly associated with,insulin resistance
insulin-degrading enzyme,was increasingly associated with,triglycerides
Insulin-like growth factor 1 (IGF- 1),predict,type 2 diabetes onset in prediabetes
insulin-like growth factor 1 bioactive IGF-1 levels,might predict,better metabolic outcomes
Insulin-like growth factor 1 receptor,can cause,DNA damage
Insulin-like growth factor 1 receptor,causes,DNA damage
Insulin-like growth factor 1 receptor,is involved in,DNA damage
Insulin-like growth factor 1 receptor,is the mediator of,DNA damage caused by CHK2
Insulin-like growth factor 1 receptor,mediates,DNA damage caused by CHK2
insulin-like growth factor 1 receptor,mediates,DNA damage caused by CHK2
Insulin-like growth factor binding protein 1(IGFBP-1),predict,type 2 diabetes onset in prediabetes
"insulin, tirzepatide, and DPP4 inhibitors",do not reduce,all-cause mortality
intake of these amino acids,for,improving factors associated with cardiovascular health
integration of nutraceuticals,may positively influence,body mass index
integration of nutraceuticals,may positively influence,body mass index and lipid profiles
integration of nutraceuticals,into,diet
integration of nutraceuticals,may positively influence,glucose metabolism
integration of nutraceuticals,may positively influence,gut microbiota composition
integration of nutraceuticals,may reduce,inflammation in obese individuals
integration of nutraceuticals,may positively influence,lipid profiles
integration of nutraceuticals,into,the diet
integration of nutraceuticals into diet,may positively influence,body mass index
integration of nutraceuticals into diet,may positively influence,glucose metabolism
integration of nutraceuticals into diet,may positively influence,gut microbiota composition
integration of nutraceuticals into diet,may positively influence,lipid profiles
integration of nutraceuticals into the diet,may positively influence,body mass index
integration of nutraceuticals into the diet,may positively influence,"body mass index, glucose metabolism, lipid profiles, and gut microbiota composition"
integration of nutraceuticals into the diet,may positively influence,glucose metabolism
integration of nutraceuticals into the diet,positively influence,glucose metabolism
integration of nutraceuticals into the diet,may positively influence,gut microbiota composition
integration of nutraceuticals into the diet,may reduce,inflammation in obese individuals
integration of nutraceuticals into the diet,may positively influence,lipid profiles
integration of nutraceuticals into the diet,positively influence,lipid profiles
integration of nutraceuticals into the diet,may,positively influence gut microbiota composition
integration of nutraceuticals into the diet,may,reduce inflammation in obese individuals
intensive glucose control,was not associated with,significant difference in the hierarchical composite endpoint
intensive glucose control,compared to,standard therapy
interaction,was between,duration of T2DM
interaction,was between,level of blood glucose at baseline
interaction between hs-CRP/HDL ratios and variables such as sex and smoking,resulted in,P value of less than 0.05
interaction between probiotics,impacts,gut microbiota
interaction between probiotics and gut microbiota,impacts,complications of Type 2 diabetes mellitus
interaction between probiotics and the gut microbiota,impacts,onset of Type 2 diabetes mellitus
interaction of the cg06500161 site of the ABCG1 gene and the rs7901695 site of the TCF7L2 gene with environmental factors,may increase,risk of T2DM in Uyghurs
interaction of the cg06500161 site of the ABCG1 gene with environmental factors,may increase,risk of T2DM in Uyghurs
interaction of the rs7901695 site of the TCF7L2 gene and the cg06500161 site of the ABCG1 gene,with,environmental factors
interaction of the rs7901695 site of the TCF7L2 gene and the cg06500161 site of the ABCG1 gene with environmental factors,may increase,risk of T2DM in Uyghurs
interaction of two SNP loci,with,environment
interaction of two SNP loci,influence,evaluated
interaction of two SNP loci with the environment,on,CAD
interference,can lead to,discordant insulin and C-peptide levels
intergenerational risk cycling,occurs due to,autism spectrum disorder
intergenerational risk cycling,occurs in,female patients
intergenerational risk cycling,occurs due to,type 2 diabetes mellitus
Interleukin (IL)-17A,contributes to,hypertension in preclinical models
interleukin-5,is associated with,Montreal Cognitive Assessment (MoCA) scores
Interleukin-5,is associated with,type 2 diabetes mellitus
interleukin-5 level,influences,TMTA
Interleukin-6 levels,were associated with,TyG index
interleukins,associated with,increased risk
intermittent fasting,impact of,High-density lipoprotein functionality
Intermittent fasting,exert positive influences on,weight control and metabolic profile enhancement
intervening for Type 2 diabetes mellitus,reduces,risk of frailty
intervention,leads to,better quality of life
intervention,is expected to have,comparable effectiveness in reducing the risk of T2DM
intervention,has a long-term impact on,diabetes prevention
intervention,produced,epigallocatechin gallate metabolites
intervention,did not significantly influence,fasting glucose concentrations
intervention,to analyze the impact of,HbA1c levels and diabetes treatment satisfaction
intervention,was associated with,improved ABC control rates
intervention,leads to,improved glycemic control
intervention,did not result in,increased quality of life
intervention,positively impacted,insulin injection practices
intervention,did not result in,lower BMI
intervention,may help to reduce,risk of complications
intervention,may help to reduce,risk of macrovascular complications
intervention,may help to reduce,risk of metabolic diseases
intervention,may help to reduce,risk of microvascular complications
intervention,may help to reduce,risk of T2DM
intervention,caused,significant decrease in Bacillota
intervention,caused,significant increase in Bifidobacterium
intervention,led to,significant reduction in systolic blood pressure
intervention group,had,self-efficacy
intervention group,showed,"significant improvements in A1C, FPG, PPG"
intervention group,showed,significant improvements in self-efficacy
intervention group,showed,"significant improvements in weight, health literacy and self-efficacy"
intervention group,in the,subjects
intervention group,increased,type 2 diabetes mellitus proportion
intervention-for-prevention efforts,targeting,obesity reduction
intervention-for-prevention efforts,introducing,PA
interventions,lead to,better quality of life
interventions,target,modifiable risk factors
Interventions,target,modifiable risk factors
interventions,reduce,risk of cardiovascular complications
Interventions that target modifiable risk factors,can lead to,decrease in the burden of type 2 diabetes mellitus attributable to low birth weight
interventions that target modifiable risk factors,can lead to,reduction in the burden of type 2 diabetes mellitus
interventions that target modifiable risk factors,can lead to,reduction in the burden of type 2 diabetes mellitus attributable to low birth weight
interventions that target these modifiable risk factors,have the potential to,reduction in the burden of type 2 diabetes mellitus attributable to low birth weight
intestinal flora,performed,degradation of Scrophularia ningpoensis polysaccharide
intestinal flora,regulated,SCFA composition
intestinal flora,regulated,SCFA production
Intestinal homeostasis,impacts,neuroprotection
intimal hyperplasia,leads to,restenosis
intracellular homeostasis of Hypoxia-inducible factor-1 alpha,is more crucial than,its expression level
intravenous and oral dextrose,have stimulatory effects on,insulin release
intravenous dextrose,may lead to,recurrent hypoglycemia
introducing PA,is a way to reduce,Type 2 diabetes mellitus burden
introducing physical activity,is a way to reduce,Type 2 diabetes mellitus burden
introductory word,was not,Therefore
inverse variance weighted,together with,a series of sensitivity analyses
inverse variance weighted,was used as,main method to infer the causal effect
inverse variance weighted (ivw),were used to examine,causal association between gm and the onset of t2dm
Inverse variance weighted (IVW),was used as,the main analysis to estimate causal effects
"inverse variance weighted (IVW) tests, weighted median, and MR-Egger",were utilized to investigate,causal associations between Diabetes mellitus and BG-related indexes with epilepsy
inverse variance weighting (IVW),was the main analytical method for,assessing the causal effects of exposure and outcome
inverse variance weighting (IVW),was used for,assessing the causal effects of exposure and outcome
inverse variance weighting (IVW) technique,to evaluate,causal relationship between T2DM and CLDs
inverse variance weighting analyses,indicated that,ENMD significantly increased the risk of PTB
inverse variance-weighted (IVW) technique,was employed to assess,causal impact of type 2 diabetes mellitus on hypertrophic scars
inverse-variance weighted (IVW) method,indicated that,genetic susceptibility to type 2 diabetes mellitus
investigation,aimed to identify,causal associations between DM and PBC
investigation,to determine,cause of the contamination
investigation,is due to,hypoglycemic effect and mechanism of action of PP on T2DM mice
investigation,looks at,impact of simvastatin versus placebo
investigation,is needed to identify,potential influencing factors
investigation of the causal effects of Diabetes mellitus,by examining,mediating role of blood metabolites
investigation of the causal effects of Diabetes mellitus,on,risk of Lung cancer
investigation of the causal relationship between Diabetes mellitus and Lung cancer,was further explored by,examining the mediating role of blood metabolites
investigations,are still,relatively limited
investigators,found no,impact
IR,is associated with,AT
IR,is associated with,T2DM
iridocyclitis,was significantly associated with,higher risk of developing senile cataracts
iridocyclitis,is associated with,use of glucocorticoids
Iron deficiency anemia,has causal link with,Diabetic kidney disease
iron supplementation,has no,significant effect
is not the correct answer,to,the interventions lead to better quality of life
ISCA2,were causally associated with,increased risk of T2DM
isolated REM sleep behavior disorder,is associated with,type 2 diabetes mellitus
isolated REM sleep behavior disorder,may be associated with,type 2 diabetes mellitus
ISSI-2,was associated with,delay in glucose peak time in patients with T2DM
ISSI-2,was associated with,OR 0.839; 95% CI 0.776-0.907; P < 0.001
issues,are associated with,diabetes
IVs,were associated with,exposure factors
IVW,was the main analytical method for,assessing the causal effects of exposure and outcome
IVW analysis method,utilized to investigate,T2DM
IVW analysis method,to investigate,T2DM
IVW analysis method,utilized in,this study
IVW analysis method,utilized,this study
IVW estimates,suggested that,T1DM has potential causal associations with epilepsy
IVW method results,indicated,negative causal association between the gene expression of glial cell line-derived neurotrophic
IVW method results,indicated,negative causal association between the gene expression of glial cell line-derived neurotrophic factor (GDNF) and DN
IVW regression analysis,showed,significant causal association between body mass index and rotator cuff syndrome
Jiao-tai-wan administration,caused,necrosis
JNDX,was evaluated for,anti-diabetic activity
Kandleria vitulina species,has causal effect on,type 2 diabetes mellitus
Kandleria vitulina species,have a causal effect on,type 2 diabetes mellitus
Kandleria vitulina species,causes,type 2 diabetes mellitus
Kandleria vitulina species,has causal effect,type 2 diabetes mellitus
KATP channel activation,leads to,brain insulin resistance
KATP channel activation,is associated with,brain insulin resistance
KATP channel activation,is associated with,obesity
KATP channel activation,is associated with,Type 2 Diabetes Mellitus
KD,may be associated with,lower incidence of end-stage renal disease
KD,associated with,lower incidence of end-stage renal disease in diabetic kidney disease patients
KEGG analysis,demonstrated that,genes carried by Extrachromosomal circular DNAs
key subcortical nuclei,associated with,T2DM-related cognitive decline
key subcortical nuclei,associated with,Type 2 diabetes mellitus cognitive decline
kidney hemodynamic effect,suggests,optimal drug dosage
kidney impairment,in patients with,type 2 diabetes type 2 diabetes mellitus (T2DM)
kidneys,are damaged due to,high blood sugar levels over a long period
KLF2 activation,contribute to,blood glucose control
KM,has the potential to influence,energy metabolism in T2DM
KM,has a promising potential for,influencing energy metabolism in T2DM
Kv1.3 blockers,could contribute to,this disruption
Kv1.3 blockers,could contribute to disrupt,vicious cycle of inflammation and insulin resistance
L-pipecolic acid,influenced,cellular glucose metabolism in hepatocytes
lack,due to,oleuropein cannot be confidently used for metabolic diseases
lack of a preclinical model of Alzheimer's disease,is the critical factor that causes,this problem to remain unresolved
lack of awareness,contributes to,high prevalence of smoking-related illnesses in the country
lack of Glucagon-like receptor agonist,contributes to,CNS's incompetence
lack of observed effect,may have been due to,alternative factors
lack of observed effect,may have been due to,relatively young and healthy profile of our cohort
lack of sufficient data,because of,molecular mechanisms relating hyperglycemia to cardiovascular complications not fully understood
Lactobacillus,due to,Beneficial bacteria
Lactobacillus,elevates,levels of SCFAs
large glycaemic variability,is associated with,worse outcomes in patients with Type 2 diabetes mellitus
larger cohort,is necessary for,confirmation
larger cohort,is necessary for,findings to be significant
larger cohort,is necessary for,validation
LAYN,exhibited a negative causal relationship with,GCKR
LC-ESI-MS/MS profiling,resulted in,characterization and tentative identification of 95 metabolites' structures
LDL,associated with,decreased risk
LDL,associated with,decreased risk of liver cancer
LDL-c lowering strategies,increase the risk of developing,type 2 diabetes mellitus
LEAD,associated with,atherogenic index of plasma
lead exposure,may be associated with,obesity
leaf decoction,resulted in,increase in the level of p-IRS-1 (Tyr612)
leave-one-out analysis,was utilized to find,individual SNP associated with exposures influencing outcomes
leave-one-out analysis,assess,potential influence of individual SNPs on the MR analysis results
leave-one-out analysis,was used to evaluate,whether any single SNP significantly influenced the observed effect
leave-one-out meta-analysis,to quantify the impact of,each study
leave-one-out meta-analysis,was used to quantify,impact of each study on the overall effect size in mean difference HbA1c%
leave-one-out meta-analysis,to determine,overall effect size in mean difference HbA1c%
leave-one-out method,to estimate the impact of,individual genetic variants
left ventricular mass,is associated with,mortality from any cause
left ventricular mass index s',was linked with,all-cause mortality
left ventricular mass index s',was linked with,expanded Cardiovascular disease (CVD) mortality
left ventricular mass index s',is associated with,mortality from any cause
leukocyte infiltration,causes,macrophage activation
level,was lower than,predicted from their glycosylated hemoglobin
level of blood glucose at baseline,was between,duration of T2DM
level of hemoglobin A1c,was significantly associated with,P < 0.05
levels,indicated,compensatory hyperinsulinemia
levels,were sustained,over 4 weeks
levels of 25(OH)D at 18.48 ng/mL,were associated with,suppressed prolactin
levels of cancer antigen (CA)199,are associated with,levels of serum tumor markers
levels of hs-CRP and IL-6,change,over time
levels of SCFAs,are elevated,Artemether
levels of SCFAs,are elevated,Beneficial bacteria L
levels of SCFAs,increase due to,Beneficial bacteria Lactobacillus
levels of SCFAs,increase due to,Lactobacillus
levels of SCFAs,are elevated due to,Lactobacillus
levels of serum tumor markers of the digestive tract,associated with,levels of cancer antigen (CA)199
Lglc/Hcp,in regulating,glucose levels
Lglc/Hcp,is associated with,overall pancreatic islet function
Lglc/Hcp in OGTT,is related to,blood glucose control in type 2 diabetes mellitus with T2DM
Lglc/Hcp in OGTT,is potentially due to,overall pancreatic islet function
lifestyle,causal relationship with,inflammatory factors
lifestyle changes,have been shown to reduce,risk of developing T2DM
lifestyle factors,were not associated with,HbA1c
lifestyle factors,were not associated with,HbA1c as mediating factors
lifestyle factors,were not associated with,HbA1c in mediation analysis
lifestyle factors,were not associated with,HbA1c in regression analysis
lifestyle factors,are often influenced by,negative symptoms of schizophrenia
lifestyle intervention,has an impact on,bone health
lifestyle intervention,can have an impact on,bone health
lifestyle interventions,might predict,better metabolic outcomes
lifestyle interventions,can be predicted by,IGF-1 and IGFBP-1
lifestyle interventions,of,impacts
lifestyle interventions,offer only,modest impacts on weight and glucose control
lifestyle interventions,offer,modest impacts on weight and glucose control
lifestyle interventions,for,prevention of type 2 diabetes mellitus
lifestyle interventions,are associated with,reduced CVD risk
Lifestyle interventions,are for,T2DM patients
lifestyle interventions,for prevention of,type 2 diabetes mellitus
lifestyle interventions,offer only modest impacts on,weight and glucose control
lifestyle modification advice,including,physical activity programme
lifestyle modification advice including a physical activity programme,was associated with,"greater decreases in weight: -1.13 kg (95% CI: -2.04, -0.21; p = 0.02)"
limitation,was due to,the data
limitation,was due to,use of peripheral blood-derived single-cell data
limitations,have led to,inconsistent outcomes regarding glycaemic control
limitations,are due to,methods
limitations,due to,methods
limitations,are due to,methods used
limited efficacy of long-term insulin therapy,lead to,insulin resistance
limited efficacy of long-term insulin therapy,is the second cause of,insulin resistance
limited efficacy of long-term insulin therapy,can cause,insulin resistance
limited efficacy of long-term insulin therapy,is due to,side effects of oral hypoglycemic drugs
limited efficacy of long-term insulin therapy,due to,treatment of Type 2 diabetes mellitus
limited insights into blood glucose measurements and fluctuations,contributing to,clinical inertia
limited research,has investigated,impact of antihypertensive medications on type 2 diabetes mellitus
link,is associated with,disease
link between hypertensive disorders of pregnancy and gynecologic tumors,is inconsistent,various studies
linkage disequilibrium score regression,showed that,cardiovascular disease (CVD) was significantly genetically associated with COPD
lipid,was potentially,causal
Lipid,was potentially,causal
lipid metabolism,contributes to,cardiometabolism
lipid metabolism,may contribute to,lowering the risk of HF
lipid metabolism disorders,lead to,lipotoxicity
lipid metabolism-related inflammatory indices,are associated with,occurrence of PAD
lipid predictors at baseline,selecting,predictive power
Lipocalin-2,are associated with,early glucose metabolism abnormalities
lipotoxicity,through,oxidative stress and the inflammatory response
listed variables,associated with,development of stroke
literature,suggests,onset of cardiovascular complications
live microorganisms,are administered in,adequate amounts
live microorganisms,administered in,adequate amounts
live microorganisms,confer,health benefits to the host
liver,from,damage
liver disease,contributes to,cardiovascular risk
liver disease,contributes to,increased liver-related complications
liver enzymes,independent causal effects on,diabetic microvascular complications
liver morphology,was caused by,necrosis
liver-derived procoagulant factors,impact on,atherosclerosis
liver-derived procoagulant factors,do not appear to contribute to,atherosclerosis
liver-derived procoagulant factors,contribute to,atherosclerosis
"LME, back propagation neural network (BPNN), and mixed-effects NN models",to predict,FPG levels
"LME, back propagation neural network (BPNN), and mixed-effects NN models",combine,LME and the back propagation neural network (BPNN)
ln[ALP × Scr],showed,J-shaped association with all-cause mortality
logistic regression,with,ISSI-2
Logistic regression models,were used to estimate,risks of incident peripheral artery disease associated with LMIIs
logistic regression results,showed that,vitamin E was an independent influencing factor for insulin resistance in type 2 diabetes mellitus patients
long COVID-19,is associated with,altered metabolic status
long COVID-19,is associated with,diabetes
long COVID-19,can cause,diabetes
long time interval,is the reason it is difficult to infer,causal relationship
long time of high blood sugar,can cause,death in serious cases
long-term complications,can be predicted using,NLR
long-term effects,need to be confirmed,its impact on insulin sensitivity and metabolic health
long-term high-glucose environment,leads to,nuclear DNA damage
long-term high-glucose environment,leads to,reactive oxygen species (ROS) production
long-term impact,of,diabetes prevention
long-term inflammatory conditions,affect,different organs of the body
long-term insulin therapy,has limited efficacy,insulin resistance
long-term outcomes,need to be,predicted
longer course of Type 2 diabetes mellitus,could lead to,decrease in the abundance of probiotics
longer course of Type 2 diabetes mellitus,could lead to,decrease in the abundance of probiotics in the intestinal microbiome
longer diabetes duration,provided,additional predictive value
longer diabetes duration,associated with,dyslipidemia
longer diabetes duration,due to,longer diabetes duration
longer diabetes duration,led to,more nerve damage
longer diabetes duration,due to,progressive nerve damage over time
longer sleep duration,increased,risk of death in Young-onset T2DM
longitudinal associations,between,multiple pesticides
longitudinal associations,remain unclear,type 2 diabetes mellitus
loss of cholesterol sulfotransferase SULT2B1,may have contributed to,increased energy expenditure
loss of circulating oestrogen,led to,changes in glucose tolerance
loss of circulating oestrogen,led to,changes in insulin sensitivity
loss of circulating oestrogen,led to,dysfunctional lipid homeostasis
loss of circulating oestrogen,led to,rapid changes in GLUT4 expression
loss of cognitive capacities,leads to,gradual loss of executive capacities
loss of the PGRP-LB gene,leads to,phenotype resembling human autoinflammatory conditions
low abundance of Bacteroides,may lead to,decrease of the production of tryptophan microbial derivative skatole
low abundance of Bacteroides,may lead to,increase of blood glucose
low abundance of probiotics,can lead to,inflammatory response
low educational level,associated with,higher diabetes risk
low glucagon-like peptide-1 (GLP-1) ratio at 30 minutes,relative to,baseline
low glycemic response foods,reduce,risk of developing T2DM
low glycemic response foods,were changes to,the
low maternal Vitamin D levels,are associated with,higher GDM risk
low PNI group,compared to,other groups
low postnatal diabetes screening rates,may be due to,lack of awareness of gestational diabetes mellitus status
low postnatal diabetes screening rates,due to,women with gestational diabetes mellitus not aware of their status
low probiotic abundances,is a potential consequence of,inflammatory response
low serum albumin,is a predictive factor in,patients with cardiovascular diseases
low tooth brushing frequency,is a predictive factor for,higher risk
low-density lipoprotein,was associated with,higher incidence of urine ACR
low-density lipoprotein cholesterol (LDL-C),associated with,GLP1R agonism
low-density lipoprotein cholesterol (LDL-C),associated with,HF
low-density lipoproteins,were inversely associated with,endometrial carcinoma
low-density lipoproteins,were associated with,OR of 0.91
low-grade inflammation,is caused by,increased production of pro-inflammatory cytokines and adipokines
lower baseline Insulin-like growth factor binding protein 1 levels,were associated with,greater improvements
lower extremity peripheral artery disease,is a cause of,disability
lower extremity peripheral artery disease,is a cause of,mortality
Lower extremity peripheral artery disease,risk of,TyG index
lower glycemic index,may be due to,benefits of Parboiled rice
Lower Insulin-like growth factor 1 levels,were associated with,less favorable changes
lower levels of Insulin-like growth factor 1,were associated with,less favorable changes
lower odds of E3/E4 and E4/E4 genotypes,among,obese cases with T2DM
lower risk of developing CMM,is partially mediated by,reductions in IR and inflammation
lower serum IGFBP-3 levels,are associated with,shorter duration of education
lower serum IGFBP-3 levels,are associated with,T2DM-MCI
lower socioeconomic status,associated with,higher diabetes risk
lowered motivation,can result in,poor adherence
lowering NLRP3 expression,reduces,inflammation in T2DM patients
LPD,is associated with,inflammation
LPD,can improve,sleep quality in patients with T2DM without depression
LRa05,with,hypoglycemic medications
LRa05 with hypoglycemic medications,are explored to impact,glycemic control
LRa05 with hypoglycemic medications,are explored to,impact glycemic control
LRa05 with hypoglycemic medications,are explored to impact,intestinal flora
machine learning models,incorporating,connectivity features
machine learning models,were developed for,predicting 1-year all-cause mortality in the training cohort
machine learning models incorporating connectivity features,were developed to,classify Type 2 diabetes mellitus brains and predict disease duration
macrophage activation,contributes to,metabolic disease
Macrophage colony-stimulating factor 1 levels,are associated with,increased risk of T2DM
macrophage infiltration,inhibiting,Kv1.3 blockers
Macrophage Kv1.3 channels,of,BPH female mice
Macrophage Kv1.3 channels,did not contribute to,metabolic profile
Macrophage Kv1.3 channels,did not contribute to,phagocytosis
Macrophages,infiltrating,adipose tissue
Macrophages infiltrating adipose tissue,contribute to,chronic low-grade inflammation
macrophages infiltrating adipose tissue,contribute to,chronic low-grade inflammation
macrophages infiltrating adipose tissue,cause,insulin resistance
magnesium deficiency,significantly impacts,metabolic profile of T2DM patients in Riyadh
magnitude,of,effect
main goals,to reduce,risk of long-term
maintaining high LE8 scores,is associated with,lower risk of developing CMM
maintaining high LE8 scores,leads to,lower risk of developing CMM
maintaining high LE8 scores,results in,lower risk of developing CMM
maintaining high LE8 scores,is partially mediated by,reductions in IR and inflammation
maintaining stable glycemic levels,among,individuals with or without T2DM
maintaining stable glycemic levels,may reduce,risk of cognitive decline
maintaining sufficient muscle mass,may reduce,risk of ischemic stroke
major adverse cardiac and cerebrovascular events (MACCE),were the primary outcome,"all-cause mortality, nonfatal myocardial infarction (MI), and nonfatal strokes"
major adverse cardiovascular and cerebrovascular events,were defined as,the composite of all-cause mortality
major cause,of,significant morbidity and mortality
major diseases,cause,death
major risk factors,does not predict,DR pathogenesis in the clinic
majority of the population,is unaware of,risks associated with smoking
majority of these drugs,have shown,promising results in clinical trials
male participants' AT power,was associated with,new-onset diabetes
male rats,causes,infertility
male sex,associated with,increased mortality
malignancy,increase the risk of,cardiovascular complications
managing diabetes mellitus,lead to,better
managing diabetes mellitus,lead to,managing its complications
Mannose,has strong causal association with,T2DM
many circumstances,include,when other agents are less desirable
many significant complications,impact,patients' quality of life
mapped genes,have causal associations with,diseases
marker,reflects,inflammation
marker,reflects,insulin resistance
marker,has been associated with,poor prognosis
markers,were of,cardio-predictive
markers,are associated with,prediabetes patients
markers,were of,predictive
markers,are associated with,T2DM patients
MASLD,causes,heart failure with preserved ejection fraction
MASLD,is associated with,hyperlipidemia
MASLD,is associated with,obesity
MASLD,is associated with,T2DM
MASLD,is caused by,the disease
maternal high glucose,is associated with,offspring susceptibility to type 2 diabetes mellitus
maternal preconception hyperglycaemia,causes,effect on glucolipid metabolism in the offspring
maternal preconception hyperglycaemia,causes,mechanism's action on glucolipid metabolism in the offspring
maternal preconception hyperglycaemia,is the cause of,mechanism's effect on glucolipid metabolism in the offspring
maternal preconception hyperglycaemia,causes,mechanism's effect on glucolipid metabolism in the offspring
maternal preconception hyperglycaemia,causes,mechanism's impact on glucolipid metabolism in the offspring
maternal preconception hyperglycaemia,causes,mechanism's influence on glucolipid metabolism in the offspring
maternal Vitamin D supplementation,has a positive impact on,pregnant women's health
May,be a,promising candidate drug for cognitive impairment
Mazdutide,has been shown to reduce,comorbidities associated with obesity
Mazdutide,is associated with,mitigating cognitive deficits
Mazdutide,is associated with,something
Mazdutide,is associated with,something else
mean score,of,studies
meaningful entities,includes,"nouns, noun phrases, proper nouns, concepts"
"measurements of 25-hydroxyvitamin D, VK1, and VK2",could have,predictive value for T2DM
"measurements of 25-hydroxyvitamin D, VK1, and VK2",could have predictive value for,T2DM
measures,are associated with,vitiligo
mechanism,leads to,cardiomyopathy
mechanism,leads to,diabetes
mechanism's action,on,glucolipid metabolism in the offspring
mechanism's effect,on,glucolipid metabolism in the offspring
mechanism's influence,on,glucolipid metabolism in the offspring
mechanisms,are not understood,because of the lack of sufficient epidemiological data
mechanisms,relating,hyperglycemia to cardiovascular complications
mechanisms,between,T2DM and IBD/UC
mechanisms contributing to the pathogenesis of pancreatic beta-cell dysfunction,have not been completely,elucidated
mechanisms of Intranasal insulin effects,on,resting-state functional connectivity
mechanisms of Intranasal insulin effects on resting-state functional connectivity,require,validation in a larger trial
mechanisms of the impact of exercise,on,insulin sensitivity
mechanisms of the impact of exercise,on,lipid metabolism
mechanistic target of rapamycin,is associated with,insulin resistance
median UACR,at,baseline
mediating effect of Echocardiographic measurements of cardiac structure and function,in the association of,Glucose variability with all-cause and cardiovascular mortality
mediation analysis,indicated,hypertension may mediate causal pathways from mood swings to stroke
Mediation analysis,was employed to examine,potential mediating impacts
mediation analysis,indicated that,serum vitamin D accounted for 24.3% of the association between the composite biomarker and all-cause mortality
mediation MR,used to investigate,genetic causal relationship of Sarcopenia and 11 respiratory diseases
mediation MR analysis,investigated,genetic causal relationship of Sarcopenia and 11 respiratory diseases
mediators,cause,cerebrovascular damage
medically tailored meals (MTM),with,medical nutrition therapy (MNT)
medically tailored meals (MTM) with medical nutrition therapy (MNT),on,clinical outcomes among adults with DM
medications,impact on,GFR decline
medications,impact of,GFR decline
medications,impact on,mortality rate
medications,impact of,mortality rate
Mediterranean diet,on,gut microbiota
melatonin,is related to,glucose and insulin homeostasis
melatonin,is related to,glucose homeostasis
melatonin,is related to,insulin homeostasis
melatonin,is related to,night work
MemAID trial,was associated with,increased mPFC-basal ganglia resting-state
MemAID trial,was associated with,increased mPFC-basal ganglia resting-state functional connectivity
memory and cognitive impairment,have emerged as,significant comorbidities associated with diabetes
Mendelian randomization,provided evidence for,causal association
Mendelian randomization,is used in,evaluating the causal impact of these factors on stroke
Mendelian randomization,used to,examine the intermediary roles of risk factors associated with pancreatitis
Mendelian randomization,utilized to investigate,potential causal effects of metabolites on the outcomes of pancreatitis
Mendelian randomization,used to examine,potential causal effects of metabolites on the outcomes of pancreatitis
mendelian randomization (MR),used to assess,causal impact of type 2 diabetes mellitus on hypertrophic scars
Mendelian randomization (MR),to investigate,causal link between Type 2 diabetes mellitus and IBD
Mendelian randomization (MR),was used to evaluate,causal relationship between HDL-C and T2DM
Mendelian randomization (MR),utilized to predict,causal relationships of EA with hypertension
Mendelian randomization (MR),utilized to predict,causal relationships of EA with hypertension and type-2 type-2 diabetes (T2DM)
Mendelian randomization (MR),was employed to,evaluate potential causal associations
Mendelian randomization (MR),through,investigate causal relationship between diabetes and gangrene
Mendelian randomization (MR) analysis,employed,investigate the potential causal association
Mendelian randomization (MR) method,investigate,potential causal associations of Blood glucose indexes with epilepsy
Mendelian randomization (MR) method,investigate,potential causal associations of Diabetes mellitus and Blood glucose indexes with epilepsy
Mendelian randomization (MR) method,to investigate,potential causal associations of Diabetes mellitus and Blood glucose indexes with epilepsy
Mendelian randomization (MR) method,investigate,potential causal associations of Diabetes mellitus with epilepsy
Mendelian randomization (MR) studies,were conducted to explore,causal relationship between type 2 diabetes mellitus and pancreatic cancer
Mendelian randomization (MR) study,aims to clarify,potential impact of antidiabetic drugs on the risk male infertility
Mendelian randomization analyses,to evaluate,causal relationship between Appendicular lean mass and the risk of stroke and Alzheimer's disease
Mendelian randomization analyses,provided evidence of,unidirectional causal relationship between type 2 diabetes mellitus and gallstone disease
Mendelian randomization analysis,supported,bidirectional causal relationship
Mendelian randomization analysis,was used to investigate,causal relationship between Type 2 diabetes mellitus and Nonalcoholic fatty liver disease
Mendelian randomization analysis,determine if,these factors influence MS risk
Mendelian randomization approach,utilized to,assess the influence of hypertensive disorders of pregnancy
Mendelian randomization approach,utilized,influence of hypertensive disorders
Mendelian randomization method,indicated,significantly positive unidirectional causal relationship between Type 2 diabetes mellitus and Nonalcoholic fatty liver disease
mendelian randomization methodology,comprehensively examine,influence of metabolites in circulation
Mendelian randomization methods,used to,clarify Type 2 diabetes mellitus causal relationship and mechanisms
Mendelian randomization study,did not support,causal effect of mtDNA copy number in the development of cardiometabolic disease
mendelian randomization study,was used to investigate,potential protective and risk elements associated with endometrial cancer
menopausal hormone therapy,reducing the risk of developing,type 2 diabetes mellitus in menopausal women
meta-analysis,was to evaluate,CRP in T2DM due to statins
meta-analysis,aim of,evaluate CIMT progression due to statins
meta-analysis,aim of,evaluate CRP in T2DM due to statins
meta-analysis,showed that,first acupuncture intervention
meta-analysis,aims to evaluate,impact of allulose on blood glucose levels in patients with type 2 diabetes mellitus (T2DM)
meta-analysis,aimed to evaluate,impact of myricetin supplementation on glucose metabolism and lipid profiles in mouse models of metabolic diseases
meta-analysis,evaluates,impact of these supplements on inflammatory cytokines in adults with prediabetes and type 2 diabetes mellitus (T2DM)
meta-analysis,aimed to evaluate,influences of Dipeptidyl peptidase-4 inhibitors on alanine aminotransferase (ALT) and aspartate aminotransferase (AST)
meta-analysis,found,no significant causal link between Type 2 diabetes mellitus and Alzheimer's disease
meta-analysis,was used to,quantify the impact of each study
metabolic abnormalities,cause,accumulation of fat in the liver
Metabolic abnormalities,cause,cerebrovascular injury
Metabolic abnormalities,cause,inflammation
metabolic abnormalities,are the underlying cause of,mechanisms
metabolic abnormalities,are the underlying cause of,mechanisms leading to epilepsy
metabolic alterations,linked to,high-fat diet
metabolic benefit,might have been due to,cholesterol sulfotransferase SULT2B1
metabolic challenges,are associated with,clinical manifestations of OLP
metabolic derangements,through,T2DM
metabolic disarrangement,is characterized by,increased lipid oxidation during the diurnal period
metabolic disarrangement,is characterized by,low respiratory exchange ratio (RER)
Metabolic disease phenotype,associated with,increased CD36 expression
metabolic diseases,impact of,cardio-cerebrovascular events (CCBVEs) and chronic kidney disease (CKD)
metabolic diseases,such as,diabetes mellitus (DM)
metabolic diseases,are associated with,macrovascular complications
metabolic diseases,are associated with,microvascular complications
metabolic diseases,caused by,over-nutrition
metabolic diseases,are associated with,T2DM
metabolic disorders,cause,vascular damage
metabolic disturbances,include,cardiovascular disease
metabolic disturbances,include,dyslipidemia
metabolic disturbances,include,increased risk of type 2 diabetes (T2DM)
metabolic disturbances,include,insulin resistance (IR)
metabolic dysfunction,was associated with,Insulin availability
metabolic dysfunction-associated steatotic liver disease,may cause,atherosclerosis
metabolic dysfunction-associated steatotic liver disease,is associated with,atherosclerotic cardiovascular disease
metabolic dysfunction-associated steatotic liver disease,is associated with,cardiovascular disease morbidity and mortality
metabolic dysfunction-associated steatotic liver disease,with,MASLD
metabolic dysfunction-associated steatotic liver disease,through,mixed hyperlipidemia
metabolic dysfunction-associated steatotic liver disease fibrosis,is associated with,HbA1c
metabolic dysfunction-associated steatotic liver disease fibrosis,is associated with,HOMA-IR
metabolic dysfunction-associated steatotic liver disease fibrosis,is associated with,Type 2 diabetes mellitus
metabolic dysfunction-associated steatotic liver disease with MASLD,is associated with,atherosclerotic cardiovascular disease events
metabolic dysfunctions,influence,Alzheimer's disease progression
metabolic dysregulation,had impact on,cognition
metabolic dysregulation,can lead to,higher risk of cardiovascular disease
metabolic dysregulation,was significantly associated with,higher subcortical susceptibility
metabolic dysregulation,characterised using,most predictive lipid ratio
metabolic dysregulation,causes,PTB pathogenesis
metabolic factors,include,factors
metabolic factors,impacts,semen parameters
metabolic factors,impacts of,semen parameters
metabolic imbalance,is caused by,hyperglycemia
metabolic imbalance,is caused by,insulin resistance
metabolic impacts,were further probed through,hepatocyte cellular experiments
metabolic inflammation,is associated with,incident type 2 diabetes mellitus
metabolic pathway analysis,highlighted,six significant pathways
metabolic processing of EGCG,produced,numerous epigallocatechin gallate metabolites
metabolic status,is associated with,cardiac function
metabolic status,are intimately associated with,facial and tongue features
metabolic status,is associated with,hemoglobin
metabolic status,is associated with,proportion of blood cells in Type 2 diabetes mellitus
metabolic status,is associated with,thyroid function
metabolic stress,causes,plasma glucose to rise much higher
Metabolic Syndrome,characterized by,a cluster of symptoms
metabolic syndrome,include,all-cause mortality
metabolic syndrome,has components,aortic aneurysm
metabolic syndrome,increases the risk of,cardiovascular diseases
metabolic syndrome,associated with,cardiovascular diseases
metabolic syndrome,include,cardiovascular diseases
Metabolic syndrome,link between,cardiovascular diseases
Metabolic syndrome,is not influenced by,cardiovascular diseases
metabolic syndrome,is the leading cause of,death in patients
metabolic syndrome,is the leading cause of,death in these patients
metabolic syndrome,is associated with,higher risk of mortality
metabolic syndrome,is associated with,higher risk of various health problems
metabolic syndrome,is associated with,hypertension
Metabolic Syndrome,were all associated with,increased all-cause mortality in the whole cohort
metabolic syndrome,is associated with,increased risk of various health problems
metabolic syndrome,is associated with,insulin resistance
Metabolic Syndrome,has a predictive role for,mortality in obesity
Metabolic Syndrome,have a predictive role for,mortality in obesity
Metabolic Syndrome,are predictive factors for,mortality in obesity
Metabolic syndrome,due to,other factors
metabolic syndrome,is associated with,range of other health problems
metabolic syndrome,is the leading cause of death in,these patients
metabolic syndrome,associated with,type 2 diabetes mellitus
metabolic syndrome,include,various other health problems
Metabolic Syndrome quartiles,were all associated with,increased all-cause mortality in the whole cohort
metabolism,of,effect
metabolism,had,latent effect
metabolite ratios,demonstrated,significant causal relationship with T2DM
metabolites,play a causal role in,development of T2DM
metabolites,influence,impact of SGLT2 inhibition
metabolites,have potential causal effects on,outcomes of pancreatitis
metabolites,have potential causal effects on,pancreatitis outcomes
metabolites,may contribute to,preventing and alleviating T2DM
metabolites,were with,risk factors
metabolites,were between,risk factors
metabolites and ratios,were predicted by,genetics
Metformin,due to,affordability
metformin,are causally associated with,diminished risk of EC
Metformin,was stopped,dyspepsia
metformin,causal relationship with,EC risk
metformin,results in,improved survival rates for diabetic patients with lung cancer
Metformin,leads to,improved survival rates in diabetic patients with Lung cancer
Metformin,is used,it
Metformin,is used because,it is low cost
Metformin,is due to,its affordability
metformin,is used due to,its relative safety
Metformin,is due to,its safety
metformin,associated with,lower all-cause mortality
Metformin,influences,metabolic pathways
metformin,influences,metabolic pathways
metformin,is associated with,reduced male infertility
Metformin,is associated with,risk of developing IBD
Metformin,due to,safety
Metformin monotherapy,is followed by,insulin
metformin monotherapy,with,lifestyle changes
Metformin monotherapy,is followed by,other noninsulin antihyperglycemic agents (NIAHAs)
metformin monotherapy with lifestyle changes,results in,improvement in glycated hemoglobin
metformin monotherapy with lifestyle changes,results in,improvement in plasma glucose
metformin monotherapy with lifestyle changes,results in,improvement in the WHR
Metformin plus glimepiride,was less better tolerated than,combination of Group A and Group B
Metformin plus glimepiride,had a worse lipid profile compared to,combination of Group A and Group B
Metformin use,is associated with,lower all-cause mortality
methanolic extract from the aerial parts of Cymbopogon proximus,had an impact on,Glucose Transporter-4 (GLUT4)
methanolic extract from the aerial parts of Cymbopogon proximus,had an impact on,pancreatic tumour necrosis factor-α (TNF-α)
method,is used for,predicting NAFLD in patients with type 2 diabetes mellitus
methodology,is used to elucidate,"causal associations between T2DM, medication treatments, and EC"
methods,were used to evaluate,causal association between inflammatory cytokines and DN
methods,contribute to,clinical inertia
methods,were employed to,evaluate the causal link between these metabolites and Type 2 diabetes
MetS,is associated with,AT
MetS,is associated with,T2DM
METS-IR,has not been investigated in relation to,all-cause mortality
METS-IR,be a useful predictive marker for,all-cause mortality and cancer mortality
METS-IR,may be,useful predictive marker for all-cause mortality and cancer mortality
"MetS, hypertension, fasting blood glucose and HDL-C",between,relationship
MGO production,leads to,protein glycation
MGO production,causes,protein glycation
mHealth education intervention,yielded a notably positive impact on,quality of life among T2DM patients
MHO,is associated with,type 2 diabetes mellitus
MHO/MNHO phenotypes,were associated with,high-risk diabetes scores
mice,were made,apolipoprotein E knock-in mice
mice,were made,apolipoprotein E ε3/ε3
mice,were made,apolipoprotein E ε3/ε3 apolipoprotein E knock-in mice
mice,were made,knock-in
mice,were made,knock-in mice
mice,were impacted by,something
microbial changes,offering insights into,gut microbiota signatures associated with a subtype of nephropathy
microbial changes,identified in,type 1 diabetes nephropathy
microbial changes,differed from,type 2 diabetes nephropathy
microbiota,causative link between,disease
MicroRNA levels,are associated with,Type 2 diabetes mellitus
MicroRNAs,are associated with,these pathways
microRNAs expression levels,were quantified using,quantitative real-time PCR (qRT-PCR)
midlife cardiovascular risk factors,associated with the later development of,cognitive impairment
midlife cardiovascular risk factors,associated with the later development of,dementia
midlife cardiovascular risk factors,such as,obesity
midlife cardiovascular risk factors,such as,Type 2 Diabetes (T2DM)
migraine,causes,global disability
migraine,is the cause of,global neurological disability
migraine,exert,health burdens
Migraine,causes,impairments
migraine,is caused by,increased excitability of the central nervous system
migraine,ranks as,second-leading cause of global neurological disability
migraine,causes,severe disability
migraine,causes,severe disability globally
migraine,causes,severe global impairments
migraine,causes,severe impairments
migraine,causes,severe impairments globally
migraine,causes,severe quality-of-life impairments
migraine,causes,severe worldwide disability
migraine,causes,severe worldwide impairments
Migraine,exerts,substantial health burdens
mild cognitive impairment,is associated with,something
mild cognitive impairment,is associated with,type 2 diabetes mellitus patients
mild cognitive impairment (MCI),is partly associated with,cerebrovascular lesions
misdiagnosis,to avoid,Parkinson's disease clinical practice
misdiagnosis in Parkinson's disease clinical practice,is essential to establish,causal links
Misdiagnosis in Parkinson's disease clinical practice,needs to be avoided,establishing causal links
Mito-TEMPO,led to,cardiomyocyte mechanical properties improvements
Mito-TEMPO,led to,Heart
Mito-TEMPO,led to,Heart failure with preserved ejection fraction improvements
Mito-TEMPO,led to,Heart failure with preserved ejection fraction improvements in cardiomyocyte mechanical properties
"Mito-TEMPO, HSP administration, and IL-6 inhibition",led to,Heart failure with preserved ejection fraction improvements in cardiomyocyte mechanical properties
mitochondrial dysfunction,caused,cadmium Cd
mitochondrial dysfunction,contributes to,these complications
mitophagy and mitochondrial dysfunction,caused,cadmium Cd
mixed-effects NN models,predict,FPG levels
mixed-effects NN models,combine,LME and the BPNN
mnemonic AEIOU TIPS,includes causes related to,Alcohol and acidosis
mnemonic AEIOU TIPS,includes,causes related to Alcohol and acidosis
mnemonic AEIOU TIPS,includes,causes related to Electrolytes
mnemonic AEIOU TIPS,includes,causes related to Encephalopathy
mnemonic AEIOU TIPS,includes,causes related to Insulin
mnemonic AEIOU TIPS,includes,causes related to Stroke
mnemonic AEIOU TIPS,includes,causes related to Trauma
mnemonic AEIOU TIPS,includes causes related to,Overdose
mnemonic AEIOU TIPS,includes causes related to,Underdose
mobile health (mHealth) education intervention,affects,quality of life
mode of T2DM induction,influenced,muscular adaptations
model,predicted,all-cause mortality
model,predicted,mortality due to all causes
model,predicted,mortality from all causes
model,predicted,risk of death from all causes
model,exhibited,"sensitivity and specificity of 0.863 and 0.828, respectively"
model,demonstrated,strong predictive performance for 1-year all-cause mortality
model's performance,was evaluated,positive predictive value
models,performed better with,addition of prognosis nutritional index MACCE and all-cause mortality prediction models
models,performed significantly better,addition of prognosis nutritional index MACCE and all-cause mortality prediction models
models,incorporated,changes in the predictive variables
models,predict,FPG levels
models,combine,LME and the BPNN
modifiable factors,were associated with,LBP
modifiable factors,associated with,migraine
modified DASH diet,impact of,insulin resistance and glycemic control among adults with T2DM
Modified Si-Miao granule,mechanism of,potential
modulation of insulin resistance,causes or is a consequence of,differential effects on beta-cell function
modulation of insulin resistance,causes or is a consequence of,differential effects on body weight
modulation of insulin resistance,causes or is a consequence of,differential effects on glycemic parameters
modulation of insulin resistance,causes or is a consequence of,differential effects on specific lipids
modulation of insulin resistance,causes or is a consequence of,differential effects on UA
modulation of insulin resistance,with,therapies
modulation of insulin resistance with therapies,causes or is a consequence of,beta-cell function
modulation of insulin resistance with therapies,results in,differential effects on beta-cell function
modulation of insulin resistance with therapies,results in,differential effects on body weight
modulation of insulin resistance with therapies,causes or is a consequence of,differential effects on glycemic parameters
modulation of insulin resistance with therapies,results in,"differential effects on glycemic parameters, beta-cell function, specific lipids, body weight, or UA"
modulation of insulin resistance with therapies,results in,differential effects on specific lipids
modulation of microRNAs,is associated with,promising therapeutic target
molecular docking,help,predict potential mechanism of Modified Si-Miao granule
molecular dynamics simulation analysis,has led to the discovery of,small molecule Quercetin
molecular dysfunctions,are associated with,Heart failure with preserved ejection fraction
molecular dysfunctions,are associated with,population having Type 2 diabetes mellitus
molecular dysfunctions,are associated with,the population
molecular mechanisms,relating,cardiovascular complications
molecular mechanisms,underlying,Dorzagliatin's action
molecular mechanisms,relating,hyperglycemia
molecular mechanisms,relating,hyperglycemia to cardiovascular complications
molecular mechanisms,are not understood,lack of sufficient epidemiological data
molecular targets and signaling pathways of dihydromyricetin,disturbed associated with,Type 2 diabetes mellitus
monocyte toll-like receptor (TLR)-2 levels,were significantly associated with,TyG index
monocyte toll-like receptor (TLR)-4 levels,were associated with,TyG index
mood swings,has a significant causal impact on,development of CAD
mood swings,has a significant causal impact on,"development of CAD, MI, HF, and stroke"
mood swings,has significant causal impact on,"development of CAD, MI, HF, and stroke"
mood swings,has a significant causal impact on,development of HF
mood swings,has a significant causal impact on,development of MI
mood swings,has a significant causal impact on,development of stroke
mood swings,causal pathways from to were mediated by,heart failure
mood swings,causal pathways to,MI
mood swings,has significant causal effects on,stroke
mood swings,causal pathways to,stroke
mood swings,causal pathways from,stroke
mood swings,has a significant causal impact on,the
morbidity and mortality,associated with,type 2 diabetes mellitus
Morris water maze test,was used to assess,impact of S-9-PAHSA (fatty acid) on cognition in the mice
mortality from any causes,was not mediated by,Cardiovascular disease CVD
most comparisons,as,very low certainty
MR,explore,causal relationship between type 2 diabetes mellitus and pancreatic cancer
MR,showed,FGF-4
MR,showed,sulfhydryl oxidase 2
MR,showed,type 2 diabetes mellitus insulin treatment
MR analyses,reveal,novel causal relationships between gut microbiota and adult-onset T2DM subtypes
MR analyses,showed,significant causal
MR analyses,showed,significant causal link between Glucagon-like peptide-1 receptor agonists use and chronic tubulo-interstitial nephritis (CTIN)
MR analysis,through,abnormal spermatozoa
MR analysis,underscores,causal association between inflammatory cytokines and DN
MR analysis,further supported,causal association of pesticides exposure with T2DM risk
MR analysis,revealed,causal associations between T2DM and CLDs in East Asians and Europeans
MR analysis,confirmed,causal links between fasting glucose and insulin
MR analysis,suggests,causal relationship
MR analysis,from the perspective of,causal relationship between T2DM and AD
MR analysis,was conducted to assess,causal relationship between UC and diabetes
MR analysis,of,IBS on Type 2 diabetes mellitus
MR analysis,revealed,significant causal effects of mood swings on MI
MR analysis,from the perspective of,T2DM and AD relationship
MR analysis methods,including,"inverse variance weighted (IVW) tests, weighted median, and MR-Egger"
MR analysis perspective,from the perspective of,causal relationship between T2DM and AD
MR analysis perspective,from,causal relationship between T2DM and AD
MR analysis perspective,from the,causal relationship between T2DM and AD
MR methods,were used to reveal,causal relationship between insomnia and LBP
MR methods,used to reveal,causal relationship between insomnia and LBP
MR studies,investigated,causal association between DM and TB
MR studies,goal of,explore the causal relationship between type 2 diabetes mellitus and pancreatic cancer
MR studies,was the goal of,explore the causal relationship between type 2 diabetes mellitus and pancreatic cancer
MR study,supports,causal effect between Kandleria vitulina species and type 2 diabetes mellitus
MR study,supports,causal link between severe autoimmune T2DM and focal epilepsy
MR study results,support,causal relationship between FI and multiple MDs
mr-egger,were used to examine,causal association between gm and the onset of t2dm
MR-Egger regression,was used to assess,their causal relationship
MR-PRESSO,used to,identify and remove SNP outliers associated with liver cancer
Mtb sensitization,was not associated with,β-cell dysfunction
Mtb sensitization,was associated with,T2DM
mtDNA copy number,is associated with,cardiometabolic disease
MtDNA copy number,was found to be,reduced in people with CAD
multiple logistic regression,was used to assess,impact of demographic and socioeconomic factors on risk factor control
multiple metabolic diseases,have a significant impact on,clinical features of T2DM
multiple metabolic diseases,impact of,T2DM
multiple methods,were employed,causal link between these metabolites and Type 2 diabetes
multiple methods,were employed to evaluate,causal link between these metabolites and Type 2 diabetes
multiple methods,including,MR-Egger
multiple MVMR approaches,including,extended versions of IVW
multiple MVMR approaches,including,extended versions of MR-Egger
multiple MVMR approaches,including,MR-Egger
multiple MVMR approaches,including,Q-minimization methods
multiple regression modeling,based on,variation of DLCO
multiple stepwise linear regression analysis,indicated that,serum 25-hydroxyvitamin D levels were an independent influencing factor for TIR
multistrain probiotic supplementation,had impact on,telomere length
Multivariable Mendelian randomization,utilized to disentangle,causal effects
multivariable Mendelian randomization,supported,causal link between T2DM and PaCa
Multivariable MR (MVMR) analysis,investigated,independent impact of Type 2 Diabetes Mellitus on lung function
Multivariate Cox proportional hazards models,were used to,"evaluate the associations of Glycaemic variability with 90-day, 1-year, and 3-year all-cause mortality"
Multivariate Cox regression models,were used to,evaluate the association between Triglyceride-glucose index and all-cause/cause-specific mortality
multivariate logistic regression,was employed to identify,factors associated with the prevalence of dyslipidemia
multivariate MR,clarify,direct influence of T2DM on spinal stenosis
multivariate MR (MVMR),used to investigate,genetic causal relationship of Sarcopenia and 11 respiratory diseases
multivariate MR (MVMR) analysis,investigated,genetic causal relationship of Sarcopenia and 11 respiratory diseases
murine model,was affected by,supplementation
muscle contractions,cause,reflexive increase in blood pressure
muscle contractions,causes,reflexive increase in blood pressure
muscle contractions,causes,reflexive increase in sympathetic nerve activity
muscle contractions,cause,sympathetic nerve activity
muscle-building interventions,on,elderly T2DM patients with sarcopenic obesity
muscle-building interventions,impact of,glucose metabolism
muscle-building interventions,of,impact
muscle-derived myokines,contribute to,regulating glucose metabolism
mutations at the rs4355801 locus of the osteoprotegerin gene,were associated with,reduced risk of ABM in postmenopausal women
mutations in the glucokinase gene,caused by,fundamental deficiency in glucose sensing for GCK-MODY
muti-omics MR analyses,assessed,causal associations of mapped genes with diseases
MVMR,utilized to estimate,causal effects of lipid traits on NTG
MVMR,further verified,idiopathic pulmonary fibrosis (IPF)
MVMR results,indicated that,causal effect of Type 2 Diabetes Mellitus on PUs
Mycobacterium tuberculosis,might impact,clinical practice in the foreseeable future
Mycobacterium tuberculosis,causes,infection
Mycobacterium tuberculosis,might impact,public health practice
Mycobacterium tuberculosis (Mtb),cause,Type 2 diabetes mellitus (T2DM)
Mycobacterium tuberculosis (Mtb) infection,may lead to,Type 2 diabetes mellitus (T2DM)
Mycobacterium tuberculosis (Mtb) infection,causes,Type 2 diabetes mellitus (T2DM)
myokine modulation,are both positively impacted by,single session of moderate-intensity exercise
n-3 PUFAs,on,cardiovascular indices
n-3 PUFAs,has impact on,cardiovascular indices
n-3 PUFAs,has impact,impact
n-3 PUFAs,has impact on,indices
n-3 PUFAs,has impact of,something
N-acetyl-cysteine (NAC),used to confirm,role of oxidative stress in mitophagy and mitochondrial dysfunction
N-acetyl-cysteine (NAC),are used to confirm,role of oxidative stress in mitophagy and mitochondrial dysfunction
NAB1,was associated with,negative effects
napping >30 minutes (min),increased the risk of,T2DM
napping for more than 30 minutes,is associated with,adiposity
napping for more than 30 minutes,is associated with,T2DM
naps,may influence,onset and progression of T2DM
narcolepsy,increased the risk of,angina pectoris
narcolepsy,increased,risk
national educational program,is needed,Egyptian patients diabetes education
national sample of patients with Type 2 diabetes mellitus,in the,United States
NCK Program,impact on,cooking skills of Brazilian individuals with T2DM
near-normal blood glucose levels,are associated with,reduced risk
network,accompanied by,T2DM
network pharmacology,help,predict potential mechanism of Modified Si-Miao granule
network pharmacology,was employed to predict,regulatory mechanism differences between High-Protein Mulberry leaves and Traditional Mulberry leaves
neural impact of Type 2 diabetes mellitus,on,reward prediction-error circuits
neurodegeneration,fueling,AD
neurodegeneration,leading to,AD
neurodegeneration,is associated with,systemic inflammation
neurodegenerative markers,in the brain were assessed,brain
neuroinflammation,caused by,autoantibodies
neuroinflammation,caused by,central sensitization
Neuroinflammation,can contribute to,cognitive decline
neuroinflammation,causes,insulin resistance
neuroinflammation,are exacerbated due to,interaction
neuroinflammatory conditions,induced by,high glucose concentrations
neurological complications,increase in severity,over time
neurological complications,increase in severity as,the disease progresses
neuronal complications,are associated with,these diseases
"neuronal loss, brain atrophy, and gliosis",culminating in,neurodegeneration
neutrophil-to-lymphocyte ratio,was associated with,eGFR
new-onset diabetes,with a coefficient of,β=-0.053
new-onset diabetes,with a P value of,P=0.010
new-onset diabetes mellitus,is associated with,pancreatic cancer risk
NF-kβ,is associated with,carbonyl stress
NF-κB,contributes to,aggravation of peripheral diabetic neuropathy
NF-κB,enhancing,endothelial dysfunction
NF-κB,regulating,inflammatory gene expression
NF-κB's involvement,in the regulation of,inflammatory gene expression
NF-κB's involvement,leads to the aggravation of,peripheral diabetic neuropathy
NHANES and MR analysis,have revealed,causal relationship between serum albumin levels and both metabolic syndrome and hypertension
NHANES and MR analysis,have revealed,causal relationship between serum albumin levels and hypertension
NHANES and MR analysis,have revealed,causal relationship between serum albumin levels and metabolic syndrome
NHANES data,showed,blood pressure impact on renal function
NHGRI-EBI analysis,resulted in,odds ratio of 1.07
night work,is related to,fats
night work,is related to,influence of fats
night work,is related to,influence of melatonin
nighttime light exposure,impacts,Type 2 diabetes risk
nighttime light exposure,can impact,Type 2 diabetes risk
nine of these genes,are influenced by,met
nine of these genes,are influenced by,metformin
nitrotyrosine levels,were significantly associated with,TyG index
NLR,were associated with,estimated glomerular filtration rate eGFR
NLR,predicts,inflammation
NLRP3 inflammasome,plays a key role in,inflammatory processes associated with T2DM
NMG,may have a significant causal effect on,Type 2 diabetes mellitus
NMG,has a significant causal effect on,Type 2 diabetes mellitus
no other metabolic factors,exhibited,significant causal effects on SHL
no significant impact,on,all processes
non-calcified plaque burden progression,was predicted by,high pericoronary adipose tissue attenuation
non-calcified plaque burden progression,was associated with,high pericoronary adipose tissue attenuation
non-communicable diseases (NCDs),are becoming,increasingly important health concern
non-insulin antidiabetic drugs,is the impact of,GLP-1 receptor agonists
non-insulin antidiabetic drugs,compared to,insulin
non-insulin antidiabetic drugs,have impact on,Lung cancer risk
non-insulin antidiabetic drugs,have impact on,lung cancer risk
non-insulin antidiabetic drugs,were associated with,reduced Lung cancer risk
Non-T2DM group,in the,high-sensitivity C-reactive protein at 2 mg/L
Non-T2DM group,associated with,major adverse cardiovascular and cerebrovascular events
nonalcoholic fatty liver disease,contributes to,cardiovascular risk
nonalcoholic fatty liver disease,increases the risk of,cardiovascular risk
nonalcoholic fatty liver disease,contributes to,increased liver-related complications
nonalcoholic fatty liver disease,increases the risk of,liver-related complications
Nonalcoholic fatty liver disease,is strongly associated with,type 2 diabetes
nontoxic goitre traits,has potential causal relationship with,T2DM
Nontoxic goitre traits,relationship with,type 2 diabetes mellitus
Nontoxic goitre traits,relationship between was unclear due to,type 2 diabetes mellitus
nontoxic goitre traits,has potential protective causal relationship with,Type 2 diabetes mellitus
nontoxic goitre traits,has a potential protective causal relationship with,Type 2 diabetes mellitus
normal insulin concentrations,were associated with,decreased VCAM1 expression
novel variant rs77487659 (PGLS),was significantly associated with,insulin resistance
Nrf2 activation,contribute to,blood glucose control
Nrg4,can also predict,severity of cardiovascular diseases
Nrg4,can also predict,severity of gestational diabetes mellitus
Nrg4,can predict,severity of type 2 diabetes mellitus
NUCB1,was associated with,negative effects
nuclear localization of PPARα,contributed to,reduced expression of Cidea and Cidec
nuclear translocation of sterol regulatory element-binding protein 1c,results in,increased expression of TRIM32
numerous epigallocatechin gallate metabolites,may contribute to,preventing and
nurse-led diabetic follow-up clinics,compared to,conventional care
nurse-led diabetic follow-up clinics,is compared to,conventional care
nurse-led diabetic follow-up clinics,impact on,diabetes treatment satisfaction
nurse-led diabetic follow-up clinics,impact on,glycated hemoglobin (HbA1c) levels
nurse-led DSME,impact of,lipid profiles
nurse-led DSME,will be evaluated,lipid profiles
nurse-led DSME,impact of,self-efficacy in adults with type 2 diabetes mellitus
Nutrition and Culinary in the Kitchen (NCK) Program,investigate the impact of,cooking skills of Brazilian individuals with type 2 diabetes mellitus (T2DM)
obese,due to,diet
obesity,caused,adipose tissue inflammation
obesity,are characterized by,altered adipokine profiles
obesity,associated with,altered adipokine profiles
obesity,increases the risk of,atherosclerotic-cardiovascular disease
obesity,associated with,cardiovascular diseases
Obesity,associated with,changes in insulin sensitivity
obesity,cause,changes in insulin sensitivity
obesity,result in,changes in insulin sensitivity
obesity,is associated with,comorbidities
obesity,can lead to,development of pathologies
obesity,associated with,dyslipidemia
obesity,is associated with,glucose metabolism disorders
obesity,are key factors contributing to,hepatic fat accumulation
obesity,led to,hepatic steatosis
Obesity,led to,insulin resistance
obesity,led to,insulin resistance
obesity,increases the risk of,metabolic dysfunction-associated steatotic liver disease (MASLD)
obesity,is associated with,metabolic syndrome
obesity,associated with,pathologies
obesity,is a cause of,PDM
obesity,is associated with,peripheric glycemia
obesity,has increasing impact on,pregnancy outcomes
Obesity,led to,related insulin resistance
obesity,may be associated with,risk of T2DM
obesity,associated with,several cancer types
Obesity,associated with,severe metabolic risks
obesity,cause,severe metabolic risks
obesity,result in,severe metabolic risks
obesity,contribute to,T2DM
obesity,is associated with,T2DM
obesity,increases the risk of,type 2 diabetes mellitus
obesity,is associated with,Type 2 diabetes mellitus
obesity,are key factors contributing to,type 2 diabetes mellitus (T2DM)
obesity,can lead to,Type 2 Diabetes Mellitus (T2DM)
obesity,is associated with,UA
obesity,increases the risk for,wide spectrum of co‐morbidities
obesity-induced adipokine dysfunction,leads to,development of insulin resistance
obesity-induced adipokine dysfunction,leads to,development of type 2 diabetes mellitus
Obesity-induced insulin resistance,include,resistance
Obesity-induced insulin resistance,include,root causes
obesity-related phenotype,with,severe insulin resistance
obesity-related phenotype with severe insulin resistance,was associated with,increased intermediate
objective,was to determine,impact of ertugliflozin on improving Nonalcoholic fatty liver disease in patients with Type 2 diabetes mellitus
objective,was to identify,risk factors associated with all-cause mortality
objectives,are to,assess and compare the impact of nurse-led diabetic follow-up clinics compared to conventional care
observation,indicates,no reverse causal association was observed
observation,indicates,TB does not increase the risk of DM
observation,suggests,TB does not increase the risk of DM
observation,demonstrates,TB does not increase the risk of DM
observation,reveals,TB does not increase the risk of DM
observation,proves,TB does not increase the risk of DM
observation,shows,TB does not increase the risk of DM
observation,demonstrated by,TB does not increase the risk of DM
observation,confirmed,TB does not increase the risk of DM
observation,indicating,TB does not increase the risk of DM
observational research,suggests,higher red and processed meat intakes
observed trends,suggest that,vitamin D may influence glycemic control
obstructive sleep apnea,is independently associated with,higher risk of diabetic complications
obstructive sleep apnea,is independently associated with,impaired glucose metabolism
obstructive sleep apnea,is independently associated with,increased insulin resistance
occurrence of colorectal cancer,does not influence,risk of T2DM
occurrence of PAD,is associated with,Lipid metabolism-related inflammatory indices
occurrence of ulcerative colitis,does not influence,risk of T2DM
odds ratio,was associated with,genetically predicted increase in Serum Urea
odds ratio,increased due to,merger of two coronary risk markers
ηp(2) value,indicates,effect size
ηp(2) value,were both,statistically significant
β-cell depletion,may lead to,T2D
β-cell dysfunction,can lead to,onset of T2DM
β-cell failure,causes,glucotoxicity
β-cell failure,is caused by,glucotoxicity
β-cell failure,causes,oxidative stress
β-cell failure,is caused by,oxidative stress
β-cell failure,is caused by,ROS production
β-cell malfunction,is caused by,sustained exposure to GLP-1RA
β-secretase 1,could cleave,insulin receptor (InsR)
ΔHbA1c,was predicted by,ΔAlbumin
ΔHDL,with,p = 0.016
ΔHDL,had,predictive value of 0.61
OGIS,were associated with,delayed peak glucose time
OH,has influence on,cognition
oily fish intake,is associated with,lower risk of type 2 diabetes
oleuropein,cannot be confidently used for,metabolic diseases
OLP,associated with,DM
OLP,is associated with,increased risk
OLP,is associated with,metabolic challenges
OLP,is related to,potential causal relationships between diabetes type and glycated hemoglobin (HbA1c) levels
omega-3 family,is of,the
omega-3 family (n-3 PUFA),impact on,patients with obesity
omega-3 polyunsaturated fatty acids,impact on,liver gene expression
omega-3 polyunsaturated fatty acids,impact on,people with obesity
Omentin-1 Val109Asp polymorphism,is reported to be associated with,insulin resistance
Omeprazole Cxcl5 mRNA expression,is associated with,pancreatic cancer risk
once-daily insulin regimens,did not lead to,better control of HbA1c and TIR
once-daily insulin regimens,led to,side effects
ongoing pandemic,has led to,significant increase in production of personal protective equipment
ongoing research,is the topic of,influence of antidiabetic medications on depression risk
onset and progression of T2DM,may be influenced by,naps
onset of isolated REM sleep behavior disorder,is influenced by,immune-inflammatory responses
onset of T2DM,may be influenced by,naps
onset of T2DM,is caused by,β-cell dysfunction
optimal model,was used to predict,FPG levels
OR values and 95% CI,to determine,causal relationship between UC and diabetes
oral agents,resulted in,reduction in blood glucose
oral agents,resulted in,reduction in HbA1c
oral dextrose,may lead to,recurrent hypoglycemia
oral hypoglycemic agent monotherapy,was associated with,elevated serum ferritin
oral hypoglycemic drugs side effects,causes,insulin resistance
Oral Lichen Planus (OLP),has causal relationship with,diabetes mellitus (DM)
Oral Lichen Planus (OLP),causal relationships between,diabetes mellitus (DM)
Oral Lichen Planus (OLP),has causal relationship with,glycemic control
Oral Lichen Planus (OLP),causal relationships between,glycemic control
OSCC patients with T2DM,is due to,rapid progression to the advanced stage
OSCC patients with T2DM,is due to,reduced survival
Oscillospira,has been associated with,metabolic disorders
OSHA exposure limits,could result in,adverse metabolic health in exposed workers
osteocalcin,associated with,glucose control
osteocalcin,associated with,insulin sensitivity
other agents,are less desirable,due to comorbidities
other confounding factors,not associated with,diabetic peripheral neuropathy
other confounding factors,were not associated with,diabetic retinopathy
other group,was in,Self-Monitoring Blood Glucose (SMBG) intervention package
other treatments failing,may cause,delay in insulin initiation
other treatments failing,causes,delay in insulin initiation
our aim,was to understand,impact of polyunsaturated fatty acids
our findings,reveal,significant causal association between T2DM and an increased risk of GBM
our use of SNOMED CT hierarchy,may have been due to,this
outcomes,are influenced by,factors like body mass index
outcomes,improving,important
Outcomes,can be,improved
over-digestive adaptation,is caused by,Western dietary patterns
over-nutrition,has risen sharply worldwide,incidence of metabolic diseases
over-nutrition,has caused,rise in incidence of metabolic diseases
over-sampling methods,achieved,highest AUC results
overall impact,with,p < 0.001
overweight conditions,lead to,several other comorbidities
overwhelming evidence,that the brain contains,hyperphosphorylated tau protein
Oviductal HG,caused,glucose intolerance
Oviductal HG,induced by,streptozotocin injection
oxidative stress,caused,cadmium Cd
oxidative stress,is a surrogate marker of,cardiovascular risk
oxidative stress,are factors contributing to,development of Type 2 diabetes mellitus
oxidative stress,was associated with,diminished nitric oxide bioavailability
oxidative stress,contributing to,disorder progression
oxidative stress,is associated with,glucose variability
oxidative stress,contributes to,impaired beta cell function
oxidative stress,causes,inflammatory responses
oxidative stress,contributes to,insulin resistance
oxidative stress,causes,insulin resistance
oxidative stress,can lead to,macrovascular complications
oxidative stress,can lead to,microvascular complications
oxidative stress,role of,mitochondrial dysfunction
oxidative stress,role of,mitophagy
oxidative stress,are caused by,β-cell failure
oxidative stress,contribute to,β-cell impairment
oxidative stress,contributing to,progression of Type 2 diabetes mellitus
oxidative stress,through,T2DM
oxidative stress and the inflammatory response,causes,destruction of the structure and function of tissues and cells
oxidative stress and the inflammatory response,results in,destruction of the structure and function of tissues and cells
oxidative stress in mitophagy and mitochondrial dysfunction,caused,cadmium Cd
P value,for,risk of all-cause mortality in the low PNI group
p-AMPK/AMPK ratio increase,resulted in,downregulation of hepatic gluconeogenic enzymes
p-value,associated with,higher risk
p-value,for,interaction
p-value,was greater than,significance level
p-value,exceeded,significance level of 0.05
p-value,were both,statistically significant
P. alkekengi polysaccharides,from,damage
P. alkekengi polysaccharides,protect,the liver
P<0.001,because,result was highly significant
pancreas,is affected by,autoimmune destruction
pancreas,from,damage
pancreas,releases,insulin
Pancreatic β-cell function,is associated with,insulin resistance
Pancreatic β-cell function,is associated with,Retinol binding protein 4 levels
pancreatic β-cell function,are associated with,type 2 diabetes mellitus
Pancreatic β-cell function,are associated with,type 2 diabetes mellitus
pancreatitis and its subtypes,were associated with,risk factors and phenotypes
pandemic,disproportionately impacted,individuals with type 2 diabetes mellitus (T2DM)
pandemic,increased,risk of severe illness and mortality
pandemic,increased,risk of severe illness and mortality for individuals with type 2 diabetes mellitus (T2DM)
parasite's virulence,is linked to,severity of the disease symptoms
Parboiled rice consumption,has impact on,incretin hormone responses
Parboiled rice consumption,impact of,incretin hormone responses
Parboiled rice consumption,impact on,incretin hormone responses
Parboiled rice consumption,impact of,insulin sensitivity
Parboiled rice consumption,has impact on,insulin sensitivity
Parboiled rice consumption,impact on,insulin sensitivity
Parboiled rice consumption,has impact on,β-cell function
Parboiled rice consumption,impact of,β-cell function
Parboiled rice consumption,impact on,β-cell function
Parkinson's disease,is caused by,deficiency of dopamine
Parkinson's disease,leads to,dementia
Parkinson's disease,can lead to,dementia
Parkinson's disease,can progress and lead to,dementia
Parkinson's disease,is caused by,energy metabolism disorders
Parkinson's disease,is caused by,glucose metabolism disorders
Parkinson's disease,is associated with,inverse relationship
Parkinson's disease,can lead to,Parkinson's disease dementia
Parkinson's disease,progresses,Parkinson's disease dementia
Parkinson's disease (PD),caused by,presence of Lewy bodies
Parkinson's disease (PD),caused by,progressive loss of dopaminergic neurons in the substantia nigra
Parkinson's disease clinical practice,needs to be strengthened by,avoiding misdiagnosis
Parkinson's disease clinical practice,needs to be strengthened by,establishing causal links
Parkinson's disease cohorts,was analyzed,impact of T2DM on Parkinson's disease incidence and progression
partially adjusted regression analyses,significantly increased the risk of,elevated AHI
participants,were obtained from,blood and urine samples
participants,with,fasting plasma glucose level lower than predicted
participants in the 4th ALP quartile,compared to,other levels
participating in the trial,reduced by,reduced risk of coronary heart disease
participating in the trial,reduced,risk of coronary heart disease
participation in moderate aerobic training interventions,resulted in,significant reduction in BMI
participation in moderate aerobic training interventions,resulted in,significant reduction in fasting blood sugar
participation in moderate aerobic training interventions,resulted in,significant reduction in glycosylated haemoglobin
participation in moderate aerobic training interventions,resulted in,significant reduction in lipid profile parameters such as T-Cholest
participation in moderate aerobic training interventions,resulted in,significant reduction in TG
participation in moderate to vigorous physical activity,may reduce,risk of MS
PAT ecological niche,influenced,progression from obesity to T2DM
pathogenesis of DCM,may be caused by,tau hyperphosphorylation
pathogenesis of DCM,is contributed to by,tau hyperphosphorylation
pathogenesis of DCM,is caused by,tau hyperphosphorylation
pathogenesis of type 2 diabetes mellitus (T2DM),is caused by,β-cell dysfunction
pathological analyses,were performed to assess,neurodegenerative markers in the brain
pathological processes,lead to,brain atrophy
pathological processes,lead to,gliosis
pathological processes,lead to,neuronal loss
pathologies,are associated with,peripheric glycemia
pathologies above described,were associated with,metabolic syndrome
pathophysiology of T2DM,is influenced by,implications
pathways,are commonly associated with,diabetes
pathways,are commonly associated with,gangrene
pathways,are within,HDL cholesterol
pathways,lead to,hepatic complications
pathways,are associated with,insulin resistance
pathways,associated with,insulin resistance
pathways,directly or indirectly associated with,insulin resistance
pathways,could lead to,MI
pathways,are within,triglycerides
pathways,are in,type 2 diabetes mellitus patients
pathways in type 2 diabetes mellitus patients,are associated with,insulin resistance
pathways in type 2 diabetes mellitus patients,are directly or indirectly associated with,insulin resistance
patient,should be considered particularly in,patient with transient hypoglycemia
patient,had,transient hypoglycemia
patient,with,transient hypoglycemia
patient characteristics,associated with,cognitive decline condition
patient characteristics,identify,cognitive decline condition in patients with diabetes
patient characteristics,to identify,patients with diabetes
patient characteristics,identify,patients with diabetes directly associated with cognitive decline condition
patients,with,ACS and T2DM
patients,had,acute ischemic stroke
patients,died from,all causes
patients,due to,angina
patients,were enrolled due to,angina
patients,received,another type of care
patients,underwent,coronary angiography
patients,were admitted with,COVID-19
patients,received,different lipid formulas
patients,due to,dyslipidemia
patients,had,eGFR decline
patients,had,high risk of 1-year all-cause mortality
patients,were admitted to,hospitals
patients,were admitted to,hospitals in Kuwait
patients,were admitted to,hospitals in Qatar
patients,were receiving,hypoglycemic medication
patients,are hesitant to use,insulin
patients,with,longer diabetes duration
patients,due to,metabolic disorders
patients,can be predicted,radiological parameters
patients,based on,radiological parameters
patients,had,T2DM
patients,with,T2DM
patients,due to,their angina
patients,with,type 2 diabetes mellitus
patients,due to,Type 2 diabetes mellitus
patients,were excluded,uncertain type of diabetes
patients,received,usual care
patients who participated in Shared decision-making,comparison involved,patients who received usual care
patients with acute myocardial infarction and type 2 diabetes mellitus,evaluated,hs-CRP and HbA1c levels
patients with cancer and T2DM,who were treated with,anthracyclines
patients with diabetes ketoacidosis at admission,were more frequently associated with,cognitive deterioration
patients with diabetes mellitus type 2,revealed,ameliorative impact on IL-17
patients with long COVID-19,are at risk for,diabetes
patients with longer diabetes duration,had,more common symptoms
patients with MASLD,are associated with,type 2 diabetes mellitus
patients with T2DM,exerts a profound impact on,PN lipid composition
patients with type 2 diabetes,contributed to the design of,physical activity programme
patients with type 2 diabetes,known as,T2DM
patients with type 2 diabetes mellitus,can experience,compromised therapeutic outcomes
patients with type 2 diabetes mellitus,experience,compromised therapeutic outcomes
patients with type 2 diabetes mellitus,have a predictive value for,MACE
patients with type 2 diabetes mellitus,should receive,regular cardiovascular risk assessments
patients with type 2 diabetes mellitus,have a predictive value for,severity of coronary artery disease
patients' ability,to reverse,type 2 diabetes mellitus
patients' knowledge,assessed,was assessed
patients' satisfaction,with,health care professionals
patients' satisfaction,with,healthcare
patients' satisfaction,with,healthcare professionals
PBC,causal relationship with,DM(T1DM or T2DM)
PBC,causal relationship between,DM(T1DM or T2DM)
PBC probability,causal connection between,T2DM
PCATa,may serve as a marker for,subclinical atherosclerosis progression
PCOS,is associated with,metabolic disturbances
PD,is a condition associated with,dementia
PDM,is a condition associated with,increasing impact of obesity on pregnancy outcomes
PDM,is a condition associated with,obesity
Pdpn,contributes to,cognitive decline
Pdpn,contributes to,T2DM-induced neuroinflammation
Pdpn gene,is associated with,T2DM astrocytes
people with diabetes,influences,cognitive decline
people with diabetes,influences,risk of AD
people with obesity,with,liver gene expression
people with or without diabetes,influences,cognitive decline
people with or without diabetes,influences,risk of AD
people with or without diabetes,was about,the review
people without diabetes,influences,cognitive decline
people without diabetes,influences,risk of AD
performing better diabetes self-management,is associated with,achieving good glycemic control in Thai adults with insulin-treated T2DM
performing SMBG at least 3 times per week,is associated with,achieving good glycemic control in Thai adults with insulin-treated T2DM
periodic counseling,is to be used to improve,diastolic blood pressure
periodic counseling,is to be used to,improve diastolic blood pressure
periodontal inflammation,part of,chemical and immunological mediators released into the circulation
periodontal inflammation,as part of,chemical and immunological mediators released into the circulation
periodontal inflammation,negatively influenced,glycemic control
periodontitis,may have been influenced by,progression of DR
periodontitis,influence,Type 2 Diabetes mellitus (T2DM)
peripheral insulin resistance,lead to,multiple long-term health conditions
peripheral nerve damage,is associated with,T2DM and neuropathic signs
peripheral neuropathy symptoms,were more common in,patients
peripheral neuropathy symptoms,were more common in,patients with longer diabetes duration
peripheral neuropathy symptoms,due to,peripheral neuropathy symptoms
peripheric glycemia,is associated with,brain insulin resistance
peripheric glycemia,is associated with,KATP channel activation
peripheric glycemia,is associated with,obesity
peripheric glycemia,is associated with,Type 2 Diabetes Mellitus
perirenal adipose tissue accumulation,was independently associated with,risk of lower-extremity peripheral arterial disease
peroxidation,is one of the important causes of,insulin resistance
persistent hyperglycemia,results in,constellation of symptoms
persistent hyperglycemia,due to,impaired insulin resistance
persistent hyperglycemia,due to,low insulin secretion
persistent hyperglycemia,has downstream impacts on,the body
persons at risk for type 2 diabetes type 2 diabetes mellitus (T2DM),examined,impact of Fos Biomedical non-transdermal patch system (NTPS)
PG,increased threefold under,GCG-DF and INS-DF
PGRP-LB (Δ) strain,leads to,phenotype resembling human autoinflammatory conditions
pharmacological therapy,for,diabetic peripheral neuropathy
pharmacological therapy,causes,multiple adverse effects
Pharmacotherapy,can cause,side effects
phenotypes,associated with,pancreatitis and its subtypes
phenotypes,were associated with,pancreatitis and its subtypes
phenotypic switching in SMCs,lead to,arterial wall remodeling
PHN,causal relationship between,diabetes mellitus
PHN,has causal relationship with,diabetes mellitus
PHN,associated with,type 2 diabetes mellitus
phosphate to mannose ratio,had a strong causal association with,T2DM
phosphorylation of sterol regulatory element-binding protein 1c at S372,is associated with,expression of tripartite motif-containing protein 32
physical activity,include,factors
physical activity,could lead to,major reductions in the Type 2 diabetes mellitus burden
physical inactivity,can contribute to,development of cardiovascular disease
physical inactivity,associated with,higher diabetes risk
physical inactivity,contribute to,T2DM
physiological indicators,among,HbA1c
pioglitazone treatment,had no impact on,ADICs
Pipecolinic acid,influenced,cellular glucose metabolism in hepatocytes
PK parameters,were not obtained,because the blood SY-009 concentrations were below the limit of quantitation
PK parameters,were not obtained,because the blood SY-009 concentrations were below the limit of quantitation in all subjects
PK parameters,were not obtained,because the limit of quantitation was below the blood SY-009 concentrations in all subjects
PK parameters,were not obtained,because the limit of quantitation was below the SY-009 blood concentrations in all subjects was incorrect
PK parameters,were not obtained,because the SY-009 concentrations were below the limit of quantitation
plantamajoside,had been found to enhance,expression of factors associated with the xCT/GPX4 pathway
Plantamajoside,has protective effect on,pancreatic β-cell damage
Plantamajoside,had protective effects,protective effects
plasma glucose,rise threefold to,around 12 mmol/l
plasma metabolites,impact of,explored
plasma metabolites,suggest,potential metabolic pathways for therapeutic targeting
plasma proteins,have significant causal associations with,CVDs
plasma proteins,associated with,CVDs
plasma proteins,are associated with,CVDs
plasma proteins,linked to,ED
plasma proteins,influenced by,T2DM
plasma proteins,identified in,this study
plasma proteins,to predict,type 2 diabetes mellitus (T2DM) and related traits
plasma proteins identified in this study,are associated with,CVDs
plasma proteins identified in this study,have significant causal associations with,CVDs
plasma proteins influenced by T2DM,linked to,ED
plasma proteins linked to ED,influenced by,T2DM
Platelet GSK-3β activity,suggesting the feasibility of,identifying vulnerable population and implementing early prevention for dementia
Platelet GSK-3β activity,could be,useful biomarker to predict cognitive decline
Plin5,is involved in,various pathological processes
Plin5,involved in,various pathological processes
PM2.5,had potential causal relationships with,insulin metabolism
PM2.5,had a causal relationship with,long-term glucose levels
PM2.5,was causal with,long-term glucose levels
PM2.5,has causal relationship with,long-term glucose levels
PM2.5,causal connection between,T2DM
PM2.5,has potential causal relationships with,T2DM
PN lipid composition,exerts a profound impact on,intestinal permeability biomarkers
PN lipid composition,exerts a profound impact on,proinflammatory biomarkers
PN lipid composition,exerts a profound impact on,prooxidative biomarkers
pneumonia,caused,sepsis
POAG,is associated with,type 2 diabetes mellitus
policy,will be implemented to,reduce environmental impact of factory
pollution,had a significant impact on,ecosystem
polymorphisms,were associated with,lower Adenosine triphosphate-citrate lyase gene expression
polymorphisms in SLC2A2,were not associated with,anti-hyperglycemic effect of dapagliflozin
polymorphisms in SLC2A4,were not associated with,anti-hyperglycemic effect of dapagliflozin in the Chinese population
polymorphisms in SLC5A2,were not associated with,anti-hyperglycemic effect of dapagliflozin
polymorphisms in UGT1A9,were not associated with,anti-hyperglycemic effect of dapagliflozin in the Chinese population
polysaccharides,protect from,damage
polysaccharides,protect,liver
polysaccharides,protect,liver from damage
polysaccharides,protect,pancreas
pooled prospective cohort studies,provide evidence that,general obesity shows an unfavorable association with cardiovascular disease all-cause mortality among the general population
poor glycemic control,lead to,development of type 2 diabetes mellitus
poor physical activity,associated with,dyslipidemia
poor self-management,are key factors contributing to,increased mortality among diabetic individuals
poorer executive function,was predicted by,concentrations of multiple sEH substrates
poorer executive function,was predicted by,depressive symptoms
poorly controlled diabetes,causes,condition
poorly controlled diabetes,causes,the condition
population,is crucial to promote,healthy habits
population,is growing older,significant rate
pork intake,has significant causal associations with,BMI
pork intake,had significant causal associations with,MVPA
pork intake,was associated with,risk of MS
pork intake,has significant causal associations with,T2DM
porphyrin metabolism,was the most enriched,metabolic pathway
Portfolio Diet,raises,blood sugar levels
Portfolio Diet,raises slowly,blood sugar levels
Portfolio Diet,raises,blood sugar levels slowly
Portfolio Diet,lowers,cholesterol levels
Portfolio Diet,was associated with,lower HbA1c
positive causal association,between,Television (TV) viewing
positive control analyses,showed that,GLP1R agonism significantly reduced the risk of T2DM
positive impact,was reached with,no clinically significant changes in resting and exertion HR or blood pressure
positive predictive power,is calculated using,PPH3 and PPH4 values
post-exercise period,demonstrated,"significant improvements in FBS, insulin levels, and HOMA-IR"
posterior probabilities of different causal variations,by evaluating,genetic confounding
posterior probabilities of shared causal variations,by evaluating,genetic confounding
postherpetic neuralgia,has causal relationship with,diabetes mellitus
postherpetic neuralgia,causal relationship with,diabetes mellitus
postherpetic neuralgia,was associated with,type 2 diabetes mellitus
postpartum care for GDM in China,is expected to be,improved
potassium,were identified as mediators of,GV and 1-year all-cause mortality
potential causal association,and,cervical spondylosis (CS)
potential causal association,and,incidence of intervertebral disk degeneration (IVDD)
potential causal association,and,low back pain (LBP)
potential causal association,between,sciatica
potential causal effects of metabolites,were investigated using,Mendelian randomization
potential causal effects of metabolites,were examined using,Mendelian randomization
potential causal effects of metabolites,on,outcomes of pancreatitis
potential causal effects of metabolites,on,pancreatitis outcomes
potential causal factors,of,atherosclerotic cardiovascular disease events
potential causal factors,are evaluated with,stroke risk
potential drugs,were with,diseases
potential impact,was on,T2DM and its complications
potential impact,on,T2DM and its complications
potential impact of prediabetes,on,Pro-opiomelanocortin derivatives and pathways
potential impact of prediabetes,was reviewed in,this study
potential impact of prediabetes on the Pro-opiomelanocortin derivatives and pathways,could lead to,MI
potential mechanism of Modified Si-Miao granule,can be predicted by,molecular docking
potential mechanism of Modified Si-Miao granule,can be predicted by,network pharmacology
potential metabolic mechanism,are to be investigated by,the study
potential metabolic mechanism,and its mediating role are to be investigated by,the study
potential modifiable risk factors,influence,causal relationship between birth weight and type 2 diabetes mellitus
potential modifiable risk factors,impact,causal relationship between birth weight and type 2 diabetes mellitus
potential of KM,for influencing,energy metabolism in T2DM
potential pathophysiological mechanisms of type 2 diabetes mellitus,impact on,PaCa
potential treatment,with,enzyme
PPM,is associated with,increasing impact of obesity on pregnancy outcomes
PPM,is a condition associated with,increasing impact of obesity on pregnancy outcomes
PPM,is associated with,obesity
PPM,is a condition associated with,obesity
pre-existing DM,is a risk factor for,mortality
pre-existing DM,increases,mortality risk
precise analysis of facial and tongue features,through,AI and advanced machine learning
precise analysis of facial and tongue features through AI and advanced machine learning,could be used to,predict Type 2 diabetes mellitus conditions and progression
preclinical model of Alzheimer's disease,is needed to solve,this problem
preclinical model of Alzheimer's disease,is the critical factor that causes,this problem to remain unresolved
preconception care (PCC),reduces the risk of,congenital malformations and other adverse pregnancy outcomes
prediabetes,can have a significant impact on,cardio renal complications in Primary hyperaldosteronism
prediabetes,impact of,cardiovascular response
prediabetes,influenced,complications of PH
prediabetes,is associated with,increased risk of MI
prediabetes,impact on,pathways
prediabetes,impact of,presentation in Primary hyperaldosteronism
prediabetes,influenced,presentation of PH
prediabetes,has significant prevalence in,Primary hyperaldosteronism
prediabetes,associated with,Primary hyperaldosteronism
prediabetes,impact on,Primary hyperaldosteronism
prediabetes,impact on,Pro-opiomelanocortin derivatives
prediabetes mellitus,is closely associated with,obesity
predict the course of disease,is difficult to,clinical and radiological parameters
predict the course of disease,based on,clinical parameters
predict the course of disease,is difficult to,these patients
predicted results,are compared to,food contents
predictive model of hs-CRP measurements,was constructed by,researchers
predictive models,were developed via,hierarchical random forest hierarchical random forest approaches
predictive models,were developed via,random forest (RF) approaches
predictive models,based on,results
predictive models,rely on,risk factors and clinical outcomes
predictive power,could be enhanced for,arm SBP changes
predictive power,enhance by 100%,arm SBP changes in the exercise group
predictive power,could be enhanced for,arm SBP changes in the exercise group
predictive power,was enhanced for,arm SBP changes in the exercise group
predictive power,could be enhanced in,exercise group
predictive power,was enhanced in,exercise group
predictive risk model,is needed to,enhance clinical management strategies
predictive value,is related to,MACE
predictive value,was assessed using,Receiver Operating Characteristic (ROC) curve analysis
predictive value,is related to,severity of coronary artery disease
predictive value of blood glucose levels,was analyzed using,receiver operating characteristic (ROC) curves
predictive value of each lipid ratio,for,Metabolic syndrome
predictive value of imaging features,was evaluated by,receiver operating characteristic curve (ROC)
predictive value of risk of blood glucose fluctuation parameters,evaluate,chronic pain
predictive value of risk of blood glucose fluctuation parameters,evaluate,chronic pain in older patients (≧ 60 years) with type 2 diabetes mellitus (T2DM)
predictive value of risk of blood glucose fluctuation parameters,evaluate,chronic pain in older patients with type 2 diabetes mellitus
predictive value of risk of blood glucose fluctuation parameters,can predict,chronic pain in older patients with type 2 diabetes mellitus
predictive value of risk of blood glucose fluctuation parameters,for,chronic pain in older patients with type 2 diabetes mellitus
predictive value of risk of these parameters,can predict,chronic pain
predictive value of risk of these parameters,for,chronic pain
predictors,were each modest in,their predictive value
preferred first-line treatment,is due to,its
preferred first-line treatment,is due to,its low cost
preferred first-line treatment,is due to,its safety
preferred first-line treatment,is due to,low cost
preferred first-line treatment,is due to,minimal side effects
pregnancy,led to,gestational diabetes
pregnant women,were diagnosed with,T2DM
premature death,is caused by,major diseases
preoperative semaglutide treatment,is used to investigate whether,reduces the risk of bone and joint infections in diabetic and obese mice undergoing intra-articular implants
presence of a new compound,had a significant impact on,environment
presence of diabetic retinopathy,may have influenced,progression of DR
presence of diabetic retinopathy,may have influenced,progression of periodontal destruction
presence of diabetic retinopathy,may have influenced,progression of periodontitis
presence of diabetic retinopathy,may have contributed to,severity of periodontal destruction
presence of long COVID-19,is a major risk for,altered metabolic status
presence of long COVID-19,is a major risk for,diabetes
presence of long COVID-19,is associated with,diabetes
presence of long COVID-19,can cause,diabetes
presence of SGLT2,is associated with,renal function
presence of these mutations,is associated with,adverse clinical outcomes
presence of these mutations,is associated with,increased mortality rates
presence of Type 2 Diabetes Mellitus,contributes to,reduced HDL cholesterol
presence of Type 2 Diabetes Mellitus,contributes to,subsequent sd LDL increases
presence of Type 2 diabetes mellitus and prediabetes,was determined at the same time as,PH
present MR study,indicated,significant inverse associations of genetically predicted ALM
present review,was to analyze,impact of T2DM on Parkinson's disease incidence and progression
prevalence of cognitive decline in patients with diabetes,directly associated with,cognitive decline condition
prevalence of dyslipidemia,were identified by,regression
prevalence of dyslipidemia,identified by,regression
prevalence of T2DM,is associated with,brain networks
prevalence of T2DM,is associated with,link between sleep patterns
prevalence of T2DM,is associated with,modulated sleep patterns
prevalence of T2DM,is influenced by,multiple metabolic diseases
prevalence of T2DM,modulated,sleep patterns
prevalence of type 2 diabetes mellitus,has a significant impact on,public health
preventing or delaying β-cell dysfunction,leads to,delay of β-cell dysfunction
prevention of T2DM,is associated with,adverse side effects
previous published results,showed that,very-low-calorie ketogenic diet had a more beneficial impact than Mediterranean diet on several variables for 3 months of NI
previous result,demonstrated,pharmacokinetic (PK) similarity of LY05008 and the licensed product dulaglutide
previous work or research,led to,"discovery of a small molecule, Quercetin"
primary analysis,utilized,inverse variance weighting (IVW) technique
primary biliary cholangitis/primary sclerosing cholangitis,has bidirectional causal relationships with,T1DM
Primary hyperaldosteronism,associated with,"increased risk for hypertension, cardiovascular diseases, and chronic kidney diseases"
primary hyperaldosteronism,is considered to contribute to,increased risk of developing type 2 diabetes mellitus (T2DM) and prediabetes
pro- and anti-inflammatory biomarkers,can predict,Type 2 diabetes mellitus
Pro-opiomelanocortin derivatives,could lead to,MI
Pro-opiomelanocortin derivatives and pathways,could lead to,MI
Pro-opiomelanocortin pathways,could lead to,MI
probiotic intervention,impact of,glycemic and lipid profiles
probiotic intervention,was evaluated,glycemic and lipid profiles
probiotic intervention,impact on,glycemic and lipid profiles
probiotic intervention,impact of,glycemic profiles
probiotic intervention,impact of,lipid profiles
probiotics,have limited impact on,inflammatory cytokines
problem,because of,importance of standardisation in metabolic assessments
problem,caused by,limited insights into blood glucose measurements and fluctuations
procedure,can improve,metabolic index levels associated with type 2 diabetes mellitus
Process,includes,analyze sentence structure
Process,contains,analyze the sentence structure
Process,includes,analyze the sentence structure
Process,includes,analyze the sentence structure and identify key components
Process,contains,extract all meaningful entities
Process,includes,extract all meaningful entities
Process,includes,extract meaningful entities
Process,includes,form triples
Process,contains,form triples
Process,contains,identify key components
Process,includes,identify key components
Process,includes,identify relationships between entities
Process,contains,identify relationships between entities
process,identify,key components
Process,identify,key components
Process,analyze the sentence structure and identify,key components
process,extract,meaningful entities
Process,extract,meaningful entities
Process,extract all,meaningful entities
process,validate,meaningful semantic information
Process,validate,meaningful semantic information
Process,validate that each triple captures,meaningful semantic information
process,may be caused by,miR-4472
process,identify,relationships between entities
Process,identify,relationships between entities
process,validate,semantic information
process,analyze,sentence structure
Process,analyze,sentence structure
process,form,triples
Process,form,triples
Process,includes,validate meaningful semantic information
Process,includes,validate semantic information
Process,includes,validate that each triple captures meaningful semantic information
Process,includes,validate triples
Process,contains,validate triples
process of insulin granule exocytosis,is influenced by,BAG3
production,leads to,low‐grade inflammation
production of reactive oxygen species,leads to,T2DM
prognosis nutritional index MACCE,addition of,all-cause mortality prediction models
prognosis of OSCC,impact of,DM
prognosis of OSCC,associations between,impact of DM
progression,leads to,cardiac remodelling of Diabetic cardiomyopathy
progression from obesity to T2DM,through,various immunometabolic pathways
progression from pre-diabetes to diabetes,is associated with,blood glucose levels
progression from pre-diabetes to diabetes,is related to,blood glucose levels
progression from pre-diabetes to diabetes,is associated with,inflammatory markers
progression from pre-diabetes to diabetes,is related to,inflammatory markers
progression from pre-diabetes to diabetes,is related to,progression from pre-diabetes to diabetes
progression from pre-diabetes to diabetes,is associated with,progression from pre-diabetes to diabetes
progression of DN,is associated with,interleukin-6 (IL-6) levels
progression of DR,may have been influenced by,presence of diabetic retinopathy
progression of DR,may have been influenced by,severity of periodontal destruction
progression of metabolic dysfunction-associated fatty liver disease (MAFLD),is eventually caused by,accumulation of fat in the liver
progression of T2DM,associated with,DKD
progression of T2DM,may be influenced by,naps
progressive increase in bacterial markers of human health,caused,the diet
prolonged hyperglycemia,is a cause of,severe periodontitis
prolonged hyperglycemia,causes,severe periodontitis
prolonged hyperglycemia,leads to,severe periodontitis
prolonged napping,increases the risk of,developing diabetic nephropathy
prolonged napping,may lead to,diabetic complications
prolonged napping,may increase the risk of,diabetic nephropathy
prolonged napping,increases,risk of T2DM
prolonged napping,may further increase,risk of T2DM
prolonged period of untreated hyperglycaemia,can result in,significant further macrovascular complications
prolonged period of untreated hyperglycaemia,can result in,significant further microvascular complications
propensity score match (PSM),to eliminate,influences of other confounding factors
proper diabetes management,reduces,risk of severe complications
Prophet,used to,predict blood glucose levels
Prophet,used in,time series analysis and forecasting
proportion of type 2 diabetes mellitus,achieving,health literacy goals
proportion of type 2 diabetes mellitus achieving health literacy goals,increased substantially,intervention group
proposed decision tree model,is based on,excessive repetition of high-sensitivity C-reactive protein levels
proposed decision tree model,is based on,high-sensitivity C-reactive protein levels
proposed decision tree model,appears to be,unnecessary
proposed predictive models,may aid in,early risk stratification
proposed predictive models,may aid in,personalized intervention
proposed recommendations,had impact on,health equity
Prostate cancer,is caused by,SGLT2 inhibition
protective effect,on,eGFR
protective effect,was partially due to,mediation by diabetic nephropathy
protective effect on eGFR,was associated with,beta value of 0.05
protective effects on β-cell,are due to,"antioxidant effects of metformin, teneligliptin, and pioglitazone"
protective effects on β-cell,are due to,antioxidant effects of the agents
protective influence of T2DM,on,ALS
protective influence of T2DM,highlights,ALS
protective influence of T2DM,primarily involves,glucose pathways
protective influence of T2DM,highlights,LDL particle diameter
protective role of classical ER,is associated with,insulin resistance
protein,influences,acute postprandial
protein,influences,acute postprandial glucose
Protein,influences,acute postprandial glucose
protein,influences,acute postprandial glucose and insulin
Protein,influences,acute postprandial glucose and insulin responses
protein,influences,acute postprandial insulin
protein,influences,glucose
Protein,influences,glucose
Protein,influences,glucose responses
Protein,influences,insulin
protein,influences,insulin
Protein,influences,insulin and glucose
Protein,influences,insulin responses
protein,influences,insulin responses
protein expressions,associated with,type 2 diabetes mellitus
Protein glycation,is caused by,MGO
protein modifications,associated with,type 2 diabetes mellitus
proteins,are abundant in,AKT pathway
proteins,are abundant in,ERK pathway
proteins,were influenced by,T2DM
proteins,are influenced by,T2DM
proxies,were identified as,cis-SNPs of GIPR
proxies,were associated with,HbA1c
psoriasis,on,diabetes mellitus
psoriasis,causal link between,DM
psychological stress,contribute to,T2DM
PTB pathogenesis,is caused by,metabolic dysregulation
PTPN9,displayed a negative causal relationship with,BMP7
PTPN9,displayed a negative causal relationship with,CCL27
PTPN9,displayed a negative causal relationship with,COMT
PTPN9,displayed a negative causal relationship with,MSMP
PTPN9,displayed a negative causal relationship with,SNUPN
PTPN9,displayed a negative causal relationship with,VAT1
puberty-induced hormonal fluctuations,impact of,we
public health department,has launched,investigation
Pue,caused,reduction
pulmonary damage,triggered,DKA
pure GLB,may lead to,better treatments for Type 2 diabetes
purpose,to investigate,causal relationship between rotator cuff syndrome and low high-density lipoprotein cholesterol
purpose,was to cause,damage
purpose of this trial,is to evaluate,impact of behaviorally based digital intervention on T2DM patients' HbA1c
PyCaret,was used to predict,T2DM
PyCaret,predict,T2DM
Qi and Yin deficiency,is a cause of,elevated blood lipid levels
Qi and Yin deficiency,results in,elevated blood lipid levels
Qi and Yin deficiency,is associated with,elevated blood lipid levels
Qi and Yin deficiency,is a characteristic that is associated with,elevated blood lipid levels
Qi and Yin deficiency,causes,elevated blood lipid levels
Qi and Yin deficiency,is a characteristic that results in,elevated blood lipid levels
Qi and Yin deficiency,is a characteristic associated with,elevated blood lipid levels
Qi and Yin deficiency,is a characteristic that is associated with,type 2 diabetes mellitus
Qi and Yin deficiency,is associated with,type 2 diabetes mellitus
Qi and Yin deficiency,is a characteristic associated with,type 2 diabetes mellitus
Qi and Yin deficiency,results in,type 2 diabetes mellitus
quadruple aims,impact,DHIs
quadruple aims,can impact,DHIs
qualitative interviews,were conducted through,our organization
quality,was indicated by,studies
quality control steps,were taken in,we analysis
quality of life,of,patients with T2DM
quality score,indicated,low quality
radiological parameters,based on,these patients
Randomized controlled trials,exploring,impact of Dipeptidyl peptidase-4 inhibitors on tumor necrosis factor alpha
range of metabolic and inflammatory biomarkers,were associated with,C-reactive protein-triglyceride-glucose index
rapid lowering of HbA1c,was associated with,emergence of neurological signs
rapid progression,results in,advanced stage of OSCC in patients with T2DM
rapidly ageing global population,due to,non-communicable diseases (NCDs) becoming increasingly important health concern
ratio of C-reactive protein (CRP) to high-density lipoprotein cholesterol (HDL-C),is associated with,Diabetic retinopathy in patients with Type 2 diabetes mellitus
rats,had,type 2 diabetes mellitus
rats,were of,type 2 diabetes mellitus (T2DM)
RCS analysis,with,elevated β-OHB levels were associated with improved renal survival and lower risk of end-stage renal disease
RCTs,can lead to,reduction in the burden of diabetes care
RCTs,can lead to,significant reduction of harm
real-world clinical practice in Korea,change of,insulin regimen to insulin degludec/insulin aspart
receiver operating characteristic (ROC) analysis,was performed to assess,predictive value of these vitamins for T2DM
receiver operating characteristic curve,showed that,clinical frailty scale had good predictive value in HVS
receiver operating characteristic curve (ROC),to assess,metabolic status in Type 2 diabetes mellitus
recent novel subgroup classification,contributed to,risk evaluation of diabetic complications
recent observational studies,revealed,association between the components of metabolic syndrome and aortic aneurysm
recessive models,uses,study
Reduced AMPK signaling,is associated with,expression of tripartite motif-containing protein 32
reduced cerebral perfusion,was associated with,impaired cognitive performance
reduced GABA synthesis,led to,enhanced GC secretion
reduced HDL cholesterol,directly contributes to,subsequent sd LDL increases
reduced HDL cholesterol,leads to,subsequent sd LDL increases
reduced HDL cholesterol,contributes to,subsequent sd LDL increases
reduced health care expenditures,can lead to,better quality of life
reduced health care expenditures,can result in,improved quality of life
reduced hepatic PTEN,suggests that,ChREBP downregulation may lead to protection against insulin resistance
reduced insulin production,may lead to,multiple long-term health conditions
reduced insulin production,leads to,multiple long-term health conditions
reduced insulin production,lead to,multiple long-term health conditions
reduced insulin receptor levels,may impair,insulin signaling
reduced male infertility,with a,P-value of 0.004
reduced male infertility,through,TRPM4 and CTPA1 genes
reduced rate sensitivity,was associated with,higher plasma glucose levels
reduced risk,was associated with,HDL-C levels
reduced risk of type 2 diabetes mellitus,is associated with,higher levels of the genus Oscillospira
reduced risk of type 2 diabetes mellitus,is associated with,higher levels of the genus Ruminococcaceae UCG003
reduced skatole,may lead to,increase of blood glucose
reduced sphingosine-1-phosphate levels,impact,T2DM development
reduced survival of OSCC patients,with,T2DM
reduced survival of OSCC patients with T2DM,is due to,rapid progression to the advanced stage
reducing ALS progression,may lead to,focused nutritional interventions
reducing ALS risk,may lead to,focused nutritional interventions
reducing inflammation,leads to,lower risk of developing CMM
reducing IR,leads to,lower risk of developing CMM
reducing PIA prevalence,would lead to,smaller reductions
reducing smoking,would lead to,smaller reductions
reducing smoking or PIA prevalence,would lead to,smaller reductions
reducing the impact of diabetes and its complications,benefits,public health
reducing the risk of cardiovascular complications,is a clinical outcome of,community pharmacist-led interventions
reducing the risk of T2DM,improving,postpartum care for GDM in China
reduction,results in,decreased fatty acid synthesis
reduction,was caused by,Pue
reduction in blood glucose,was observed after,Carnosine supplementation
reduction in blood glucose,occurred after,Carnosine supplementation
reduction in blood glucose,was due to,Carnosine supplementation
reduction in fatty acid synthesis,results in,lowering TG and TC concentrations
reduction in HbA1c,due to,oral agents
reduction in hepatic glycogen synthesis,results in,decrease in peripheral insulin sensitivity
reduction in hepatic glycogen synthesis,causes,decrease in peripheral insulin sensitivity
reduction in LDL-c,is associated with,reduced CVD risk
reduction in mortality,was associated with,HR and CI values
reduction in p70 S6 kinase 1 (S6K1) expressions,to improve,insulin resistance
reduction in patients requiring CGM training,is expected to cause,drop in GP practice-based activity after the first year
reduction in risk,was due to,diabetic nephropathy
reduction in TAR and insulin requirements,was due to,TIR exceeding 70% by day 5
reduction in TAR and insulin requirements,was due to,TIR exceeding 70% from day 2
reduction in the burden of type 2 diabetes mellitus,attributable to,low birth weight
reduction of adenosine triphosphate (ATP) production,is caused by,malfunctioning mitochondria
reduction of left atrium volume index,in the group with,left ventricle dysfunction
reduction of Left atrium volume index,in the group with,Left ventricle dysfunction
reduction of LPS release,led to,intestinal inflammation
reduction of pathogenic bacteria,led to,accumulation of propionic and valeric acids
reduction of pregnancy terminations,associated with,use of contraception
reduction of SGLT2i,results in,reduced levels of growth factors involved in cardiovascular diseases
reduction of unplanned pregnancies,associated with,use of contraception
reduction of unplanned pregnancies,is associated with,use of contraception
reductions,were associated with,HR and CI values
reductions in CVD risk,were associated with,HR and CI values
reflexive increase in blood pressure,is caused by,autonomic nervous system
reflexive increase in blood pressure,through,autonomic nervous system
reflexive increase in blood pressure,is caused by,muscle contractions
reflexive increase in blood pressure,is caused by,muscle contractions through the autonomic nervous system
reflexive increase in sympathetic nerve activity,is caused by,autonomic nervous system
reflexive increase in sympathetic nerve activity,is caused by,muscle contractions
reflexive increase in sympathetic nerve activity,is caused by,muscle contractions through the autonomic nervous system
regimen,is for,targeted metabolic phenotype
regulating endoplasmic reticulum stress,leads to,improvement in its complications
regulating miR-497-5p,provides,lung cancer targeted treatment
regulating miR-497-5p,provides,potential targeted therapy for lung cancer treatment
Regulating miR-497-5p,provides,potential targeted therapy for lung cancer treatment
regulation of HNF-1α and SREBP-1c in the liver,is due to,piperine treatment
regulation of inflammatory gene expression,are caused by,NF-κB
regulation of stress,leads to,improvement in diabetes
REHIT group,significantly improved,BI
REHIT group,significantly improved,FMA-LE
relationship,was associated with,body mass index (BMI)
relationship,was associated with,fasting insulin
relationship,was associated with,frequency of alcohol consumption
relationship,was associated with,lifetime smoking index
relationship,is associated with,pancreatitis
relationship,is influenced by,relevant factors
relationship,was particularly associated with,type 2 diabetes
relationship,was associated with,type 2 diabetes mellitus (T
relationship,was associated with,type 2 diabetes mellitus (T2DM)
relationship and pathomechanism of diabetes-induced gangrene,is still,unclear
relationship between C-reactive protein-triglyceride-glucose index and all-cause and cardiovascular mortality,remains,unclear
relationship between Nontoxic goitre traits and type 2 diabetes mellitus,is unclear due to,confounding variables
relationship between Type 2 diabetes mellitus,and,adverse cardiac remodelling
relationship of T2DM with all-cause mortality,is mediated by,cognitive impairment
relationships,whether there is any,causal connection
relationships,might be,confused
relationships between entities,based on,"verbs, prepositions, and semantic meaning"
reliance on lipid oxidation,is caused by,hypoglycaemia
relief of glucolipid metabolic stress,was due to,contribution of EA at ST25
renal function,are intimately associated with,facial and tongue features
renal function,is impacted by,SGLT2
renal protective effects,contribute to,reducing the incidence of severe chronic kidney disease CKD and renal failure
research,goal of,determine whether CCN5 can serve as a predictive marker
research,is in the context of,non-diabetes states
research,includes,studies in the context of Type 2 diabetes mellitus and non-diabetes states
research,is in the context of,Type 2 diabetes mellitus
researcher,used,algorithms
researchers,examined,causal relationships between IBD and diabetes mellitus
researchers,aimed to investigate,causal role of GIPRAs on Non-alcoholic fatty liver disease
researchers,aimed to investigate,causal role of GIPRAs on non-alcoholic fatty liver disease
researchers,aimed to investigate,causal role of glucose-dependent insulinotropic polypeptide receptor on Non-alcoholic fatty liver disease
researchers,utilized,data mining approach
researchers,highlighted,glucagon-like receptor agonist
researchers,found no,impact
researchers,have investigated,impact of antihypertensive medications on type 2 diabetes mellitus
researchers,found,no significant causal link between Type 2 diabetes mellitus and Alzheimer's disease
researchers,observed,positive causal association between walking pace and leukocyte telomere length
researchers,are investigating,potential pathophysiological mechanisms of type 2 diabetes mellitus impact on PaCa
researchers,found that,presence of a new compound
researchers,conclude that,serum PEN strongly associated with BMI
researchers,undertaking,studies in this field
researchers,conducting,study
researchers,can use,this review
researchers or authors,aimed to investigate,causal role of glucose-dependent insulinotropic polypeptide receptor
researchers or investigators,revealed,influence of psychosocial factors
researchers or investigators,found,no significant impact of SGLT2 inhibitors on depression in type 2 diabetes mellitus patients
researchers or investigators,conducting,the study
researchers or study authors,identified,independent genetic variants strongly associated with 14 metabolic factors
Researchers or study authors,identified,independent genetic variants strongly associated with 5 lifestyle factors
resistin,were causally associated with,abnormal spermatozoa
resistin,associated with,abnormal spermatozoa
resistin,associated with,abnormal spermatozoa in male infertility
response,was due to,upregulating anti-ROS
restoration of sperm production,was due to,regulating ROS levels
restoration of sperm production,was due to,upregulating anti-ROS
restoration of testicular function,was due to,regulating ROS levels
restoration of testicular function,was due to,upregulating anti-ROS
restricted cubic spline (RCS) regression models,were used to,evaluate the association between Triglyceride-glucose index and all-cause/cause-specific mortality
restricted cubic spline analyses,were used to,"evaluate the associations of Glycaemic variability with 90-day, 1-year, and 3-year all-cause mortality"
result,was not significant for,causal association between dysglycemic traits and vitiligo
result,was statistically significant with,p value of 0.018
result,was significant because,P<0.001
result being significant,because,P was less than 0.001
results,suggest,candidate causal regulatory variants
results,indicating,causal relationship
results,should be interpreted with,caution
results,contribute to,development of more effective exercise prescription guidelines
results,contribute to,health actions
results,are due to,heterogeneity in clinical trial results
results,showed,higher predictive value
results,are due to,limited synthesis of human evidence
results,were indicating,no causal relationship
results,were compared to,positive control
results,showed that,vitamin E was an independent influencing factor for insulin resistance
results and conclusions of the study,reveal,blood group A allele is associated with an increased risk of multiple CMD
results and conclusions of the study,reveal that,blood group A allele is associated with an increased risk of multiple CMD under the additive model
results and conclusions of the study,reveal that,blood group A allele is associated with increased risk of multiple CMD
results in the intermittent fasting group,did not meet,criteria
results in the intermittent fasting group,were not meeting,criteria
results in the intermittent fasting group,did not meet,criteria for statistical significance
results in the intermittent fasting group,were not,significant
results in the intermittent fasting group,did not meet,statistical requirements
results in the intermittent fasting group,were not meeting,statistical requirements
results of 26 datasets,showed,no causal relationship between T2DM and AD
results of the GSH analysis,were compared to,positive control
results of the study,are not conclusive,due to
results of the study,referred to as,RESULTS
results of the study,are not conclusive due to,small sample size and high risk of substantial biases
Retinol binding protein 4,effects of were examined,pancreatic β-cell function
Retinol binding protein 4 levels,are associated with,insulin resistance
Retinol binding protein 4 levels,are associated with,pancreatic β-cell function
retinol binding protein 4 levels,are associated with,type 2 diabetes mellitus
Retinol binding protein 4 levels,are associated with,type 2 diabetes mellitus
reverse analyses,no causal relationship was found in,T2DM
reverse causal association,was observed,no
reverse MR analysis,used to determine,causal relationship between PBC and DM(T1DM or T2DM)
reverse MR analysis,was also done to determine,causal relationship between PBC and DM(T1DM or T2DM)
reverse MR analysis,was also performed,causal relationship between Type 2 diabetes mellitus and Inflammatory bowel disease
reverse MR analysis,used for,determining the causal relationship between PBC and DM(T1DM or T2DM)
reverse MR analysis,indicated,no significant causal association between preeclampsia type 2 diabetes mellitus T2DM
Reverse MR analysis,assessed,potential impact of SHL and ISHL on metabolic factors
reversed symptoms,after,years
review,is about,canakinumab
review,examines,effectiveness of menopausal hormone therapy in reducing the risk of developing type 2 diabetes mellitus in menopausal women
review,is on,glycometabolic gastrointestinal hormones
review,focuses on,impact of soluble cereal fiber
review,analyzed,impact of T2DM
review,analyzed,impact of T2DM on Parkinson's disease incidence and progression
review,analyzed,impact of T2DM on Parkinson's disease incidence and progression in Parkinson's disease cohorts
review,analyzes,sex differences
rheumatoid arthritis,causal connections between,ALS
Rheumatoid arthritis,increases the risk of,Alzheimer's disease
rheumatoid arthritis,causal connections between,Alzheimer's disease atypical or mixed (AM) Alzheimer's disease
Rheumatoid arthritis,has a causal impact on,amyotrophic lateral sclerosis
rheumatoid arthritis,causal connections between,early-onset Parkinson's disease
rheumatoid arthritis,associated with,late-onset Alzheimer's disease
rheumatoid arthritis,has a significantly positive causal relationship with,late-onset Alzheimer's disease
Rhodospirillales,was associated with,T2DN
rigorous research approach,examine,causal connection between Nontoxic goitre traits and Type 2 diabetes mellitus
rise in consumption,has been associated with,negative health outcomes
rise in incidence of metabolic diseases,occurred,worldwide
risk,was elevated,administering simvastatin
risk,was associated with,autoimmune T2DM
risk,is due to,dyslipidemia
risk,was associated with,focal epilepsy
risk,was associated with,genetic predisposition
risk,is due to,metabolic disorders
risk,is associated with,Type 2 diabetes mellitus
risk allele of the zinc transporter 8 gene (SLC30A8) single-nucleotide poly-morphism (SNP) rs13266634,may contribute to,type 2 diabetes mellitus susceptibility
risk allele of the zinc transporter 8 gene (SLC30A8) single-nucleotide poly-morphism (SNP) rs13266634,is associated with,type 2 diabetes mellitus susceptibility
risk factors,related to,amino acid metabolism
risk factors,related to,glycolipid metabolism
risk factors,related to,inflammation
risk factors,mediate the causal relationship,No
risk factors,associated with,pancreatitis
risk factors,associated with,pancreatitis and its subtypes
risk factors,were associated with,pancreatitis and its subtypes
risk factors and clinical outcomes,assessed,simultaneously
risk of all-cause mortality,for,low PNI group
risk of all-cause mortality,is the same as,S4
risk of all-cause mortality,increased with,sleep duration that exceeded 9 hours per day
risk of all-cause mortality,was examined,young-onset T2DM patients in China
risk of blood glucose fluctuation parameters,can predict,chronic pain in older patients with type 2 diabetes mellitus
risk of cardiovascular disease CVD,is influenced by,genetic factors
risk of cardiovascular disease CVD,is influenced by,lifestyle choices
risk of death,associated with,blood Glucose (BG) quartiles
risk of death,associated with,Metabolic Syndrome quartiles
risk of death,associated with,Triglyceride-Glucose Index quartiles
risk of developing IBD,is associated with,AMPK
risk of developing T2DM and CAD,is positively associated with,CCN5 serum levels
risk of DKD,could be predicted by,system
risk of DR,is increased in,T2DM
risk of esophageal cancer (EC),is associated with,type II diabetes mellitus (T2DM)
risk of insulin resistance in type 2 diabetes mellitus patients,increases as,serum vitamin E levels
risk of OLP,is related to,potential causal relationships between diabetes type and glycated hemoglobin (HbA1c) levels
risk of T2DM,is influenced by,changed brain functional network connectivity
risk of T2DM,is associated with,changed brain functional network connectivity
risk of T2DM,is associated with,changed sleep habits
risk of T2DM,may be associated with,gut microbiome
risk of T2DM,associated with,lead and arsenic exposure
risk of T2DM,may be associated with,lead and arsenic exposure
risk of T2DM,related to,lead and arsenic exposure
risk of T2DM,may be related to,lead and arsenic exposure
risk of T2DM,is among,middle-aged and older adults
risk of T2DM,is influenced by,sleep habits
risk of Type 2 diabetes mellitus,is being predicted using,standard practice of the QDiabetes score
robust evidence,was demonstrated for,independent causal effect of serum alanine aminotransferase
ROC analysis,revealed that,five insulin resistance-related indices
ROC analysis,indicated,moderate predictive power
ROC analysis,incorporating,ORM2 and metabolic variables
ROC analysis incorporating ORM2 and metabolic variables,demonstrated,strong predictive capability for Metabolic dysfunction-associated fatty liver disease
role of diabetes nurse specialists,strengthening,managing diabetes mellitus and its complications
role of metformin,concerning,inhibition of reactive oxygen species (ROS) formation
ROS production,causes,β-cell failure
rotator cuff syndrome,causal relationship with,several risk factors
rotator cuff syndrome,causal relationship between,type 2 diabetes mellitus
route of Insulin administration,have been shown to influence,bone-related outcomes
Roux-en-Y gastric bypass,may be associated with,increased intestinal glucose excretion
rs11558538 SNP,is associated with,diabetic retinopathy risk
rs11558538 SNP,of,HNMT gene
rs11558538 SNP of the HNMT gene,is associated with,diabetic retinopathy risk
Rs11569562,may be associated with,coagulation molecules
Rs11569562,may be associated with,lipid levels
rs4885322 single-nucleotide polymorphism,is associated with,diabetic retinopathy risk
rs4885322 single-nucleotide polymorphism,of,UCHL3 gene
rs7901695,in the,TCF7L2 gene
rs7901695 site of the TCF7L2 gene,interaction of,cg06500161 site of the ABCG1 gene
rs7901695 site of the TCF7L2 gene,interact with,environmental factors
rs7903146 polymorphism,impact of,different ethnic groups
RSL-3,inhibited,activation of the xCT/GPX4 pathway
RSL-3,inhibited,ferroptosis caused by Plantamajoside
RSL-3,blocked,protective effect of Plantamajoside on pancreatic β-cell damage
RSL-3,attenuated,protective effects of Plantamajoside
RSL-3,blocked,xCT/GPX4 pathway
S1,is a duplicate of,was removed
S12,has causal links with,these genes
S2,is a duplicate of,it
S3,were attributed to,IVs
S4,were attributed to,IVs
S4,is not needed because,the given input sentence has only 3 independent clauses
S9 and S10,are redundant with,S5
SADJB-SG,could contribute to explain,observed glycemia increment
safety,demonstrate,transition to IDegAsp in type 2 diabetes mellitus (T2DM)
Salad/raw vegetable intake,is significantly inversely associated with,PUs
salivary secretion pathway,is where,expression of signaling molecules
salivary secretion pathway,is where,signaling molecules are expressed
samples,were of,Type 2 diabetes mellitus patients
sarcopenia,leads to,low physical performance
sarcopenia,is associated with,lung diseases
sarcopenia-related traits,causal relationship between,ischemic stroke
SARIMA,used to,predict blood glucose levels
SARIMA,used in,time series analysis and forecasting
SARS-CoV-2,causes,the disease
SARS-CoV-2 infection,highlights the,varied and widespread impacts
Satureja Khuzestanica supplementation,led to,significant decrease in LDL-cholesterol levels
SBP,are important mediators in the causal relationship between,Type 2 diabetes mellitus and left ventricular mass index
SBP variation,were significant predictors of,all-cause mortality in patients with T2DM
scan frequency,positive correlation between,protein intake
scan frequency,has negative correlation with,TAR
SCFAs,regulate,SCFA composition
SCFAs,regulate,SCFA production
scientists,have gained considerable attention from,treatment of diabetes
score,as,predictive biomarker
score,indicated,quality
screening for lipid dyslipidemia,may lead to,new personalized treatment approaches
sd LDL,within,HDL cholesterol and triglycerides pathways
SDM,is not commonly utilized,routine care settings
Sechium edule (S. edule),has emerged as,a complementary option
Sechium edule (S. edule),due to,its bioactive compounds
second highest risk factor,associated with,T2DM
second stimulus,is associated with,reduced hepatic PTEN
secondary outcomes,include,All-Cause Mortality (ACM)
secondary outcomes,include,Major Cardiovascular Events (MCVE)
secretion of adipocytokines,lead to,inflammation of adipose tissue
secretion of adipocytokines,leads to,inflammation of adipose tissue
secretion of adipocytokines,contribute to,inflammation of adipose tissue
secretion of adipocytokines,is caused by,inflammatory substances
secretion of adipocytokines,can contribute to,insulin resistance
secretion of adipocytokines,contributes to,insulin resistance
secretion of adipocytokines,contribute to,insulin resistance
secretion of adipocytokines,are causes of,insulin resistance and β cell dysfunction
secretion of adipocytokines,can contribute to,β cell dysfunction
secretion of adipocytokines,contributes to,β cell dysfunction
secretion of adipocytokines,contribute to,β cell dysfunction
secretion of these inflammatory substances,contribute to,inflammation of adipose tissue
sedentary lifestyles,has contributed to,increase in the prevalence of obesity and TD2M
self-awareness of glucose fluctuations,contributed to,behavioral change
self-confidence,was not associated with,blood pressure
self-confidence,was positively associated with,BMI
self-confidence,was not associated with,HbA1c
self-confidence,was not associated with,QoL
self-efficacy,contributes to,treatment satisfaction
self-monitoring,reduced,blood pressure
self-monitoring,reduced,BMI
self-monitoring,was negatively associated with,QoL
Semaglutide,did not significantly influence,ERK1/2
semaglutide,could contribute to,treatment of psoriatic obese patients with T2DM
Semaglutide treatment,improved,glucose tolerance in HFD mice
Semaglutide treatment,led to,significant and sustained reduction in body weight
Semaglutide's pro-apoptotic effects in oral squamous cell carcinoma cells,were related to,P38 pathway activation
senescence of cardiomyocytes,is associated with,inferior cardiac function
sensitivity analysis,was performed to quantify the impact of,each study on the overall effect size in mean difference HbA1c%
sensitivity analysis,was performed using,leave-one-out meta-analysis
sensitivity analysis,was performed with,leave-one-out method
sensitivity tests,supported,causal link between T2DM and PaCa
sensory fibers in the sural nerve,are influenced,conduction velocities
series of analyses,were performed to,select eligible genetic instruments
series of experiments studies,indicate,RBP4 has a significant influence on type 2 diabetes mellitus
serious cases,can lead to,death
serious outcome,include,death
serious outcome,or,death
serious outcome,include,septic shock
serum 25-hydroxyvitamin D levels,were negatively associated with,GV parameters
serum 25-hydroxyvitamin D levels,were negatively associated with,hemoglobin A1c (HbA1c)
serum 25-hydroxyvitamin D levels,were negatively associated with,HOMA-IR
serum 25-hydroxyvitamin D levels,were negatively associated with,time above range
serum alanine aminotransferase level increase per standard deviation,increased,diabetic retinopathy risk
serum albumin levels,are associated with,greater risk of metabolic syndrome (MetS)
Serum albumin levels,were associated with,its components
serum Ca,associated with,TyG index increase
serum calcium,was positively associated with,calcific aortic valvular stenosis CAVS
serum calcium,was positively associated with,coronary artery calcification
serum cholinesterase,is associated with,various chronic inflammatory conditions
Serum cholinesterase concentrations,are associated with,increased insulin resistance
Serum cholinesterase concentrations,are significantly increased in,patients with Type 2 Diabetes mellitus
Serum cholinesterase concentrations,are associated with,poor glycemic control
serum ferritin,is positively associated with,FBs
serum ferritin,is positively associated with,HbA1c
serum IL-22,implies,circulating IL-22 may be a predictive biomarker
serum iron level,was associated with,elevated serum ferritin
serum microRNA-450a-5p content,was significantly positively associated with,cholesterol
serum microRNA-450a-5p content,was significantly positively associated with,low-density lipoproteins-cholesterol levels
serum microRNA-450a-5p content,was associated with,triglycerides
serum PEN,associated with,BMI
serum PEN,have highest levels in,obese women type 2 diabetes mellitus T2DM
serum samples,belonged to,patients
serum soluble asialoglycoprotein receptor 1,demonstrates,limited predictive value for the onset of T2DM
serum soluble asialoglycoprotein receptor 1 levels,are positively associated with,estimated glomerular filtration rate (eGFR)
serum tumor markers of the digestive tract,are associated with,glucose and lipid metabolic disorder
serum uric acid,causal relationship between,diabetic microvascular complications
serum uric acid levels,could predict,islet β-cell activity
serum uric acid-to-high-density lipoprotein cholesterol ratio,was associated with,HOMA-IR in patients with type 2 diabetes insulin resistance
serum uric acid-to-high-density lipoprotein cholesterol ratio,relationship to be examined,insulin resistance
serum vitamin E levels,decreases,risk of insulin resistance in type 2 diabetes mellitus patients
session of this exercise,positively impacts,glucose regulation
session of this exercise,positively impacts,myokine modulation
seven drug targets,associated with,five antidiabetic drugs
seven drug targets,identified as,significantly related to male infertility
several complications,including,complications of kidney disease
several factors,influenced,cognitive function
several SNPs,were associated with,insulin resistance traits
severe autoimmune type 2 diabetes,causal association exists between,focal epilepsy
severe autoimmune type 2 diabetes,causes,focal epilepsy
severe dyslipidemia,is the second top risk factor associated with,heart failure
severe insulin resistance phenotype in female patients,was associated with,increased risk of high CVD
severe insulin resistance phenotype in female patients,was associated with,increased risk of metabolic syndrome
severe periodontitis,caused by,prolonged hyperglycemia
severity of periodontal destruction,may have been influenced by,presence of diabetic retinopathy
sex differences,might cause,dichotomy in responses
sex of the individual,influenced,muscular adaptations
SGLT2,has an impact on,renal function
SGLT2 inhibition,has impact on,kidney function
SGLT2 inhibition,causes,prostate cancer
SGLT2 inhibition,is linked to,prostate cancer
SGLT2 inhibitors,reduce,all-cause mortality
SGLT2 inhibitors,assessed impact on,cardiovascular risk scores
SGLT2 inhibitors,on,"cardiovascular risk scores, metabolic parameters, and laboratory profiles"
SGLT2 inhibitors,had no significant impact on,depression in type 2 diabetes mellitus patients
SGLT2 inhibitors,no significant impact on,depression in type 2 diabetes mellitus patients
SGLT2 inhibitors,impact on,depression in type 2 diabetes mellitus patients
SGLT2 inhibitors,influence,depression risk
SGLT2 inhibitors,compared with,insulin
SGLT2 inhibitors,assessed impact on,laboratory profiles
SGLT2 inhibitors,assessed impact on,metabolic parameters
SGLT2 inhibitors,impact of,mortality
SGLT2 inhibitors,impact on,mortality following MI
SGLT2 inhibitors,are associated with,reduced male infertility
SGLT2 inhibitors,can influence,tumor glycolysis
SGLT2 inhibitors,influence,tumor glycolysis
SGLT2 inhibitors,are medications for,type 2 diabetes mellitus
SGLT2i,can lead to,calcification
SGLT2i,is a potential treatment for,cardioprotective effects of the FOXO1-ANGPTL4 axis
SGLT2i,exerts its action on,FOXO1-ANGPTL4 pathway
SGLT2i,action on,FOXO1-ANGPTL4 pathway
SGLT2i,were associated with,lower rate of cardiac events
SGLT2i,influence,mitochondrial function
SGLT2i,can lead to,reduced vascular stiffness
SGLT2i,influence,various cell types
she,can withstand,her diabetic profile
she,can able to withstand,her diabetic profile
she,needs no,pharmacotherapy intervention
Shen-Ling-Bai-Zhu-San (SLBZS) or prebiotics,combining with,intermittent fasting
short sleep duration,was associated with,risk of MS
short-chain fatty acids,cause,acute counteraction of insulin resistance and inflammation
short-term glucose fluctuations,are associated with,cognition
short-term glucose fluctuations,are associated with,higher risk of PSCI
short-term quantitative impact,of,lipid levels
short-term quantitative impact of exercise,on,lipid levels
short-term quantitative impact of exercise on lipid levels,may be,limited
shorter diabetes duration,is associated with,higher odds of diabetes remission
shorter duration of education,is associated with,lower serum IGFBP-3 levels
shorter duration of education,are associated with,T2DM-MCI
shorter duration of education,is associated with,T2DM-MCI
shorter telomere leukocyte telomere length,has causal relationship with,low muscle mass
shorter telomere leukocyte telomere length,has causal relationship with,low muscle strength
side effects of oral hypoglycemic drugs,lead to,insulin resistance
side effects of oral hypoglycemic drugs,can cause,insulin resistance
side effects of oral hypoglycemic drugs,due to,treatment of Type 2 diabetes mellitus
signaling molecules,are expressed in,salivary secretion pathway
signaling molecules,was detected in,salivary secretion pathway
signatures,are associated with,subtype of nephropathy
significant blood metabolites,contributing to,T2DM-ALS relationship
significant factor,in the link between,T2DM and all-cause mortality in older individuals
significant impact,on,affected population
significant morbidity,leads to,mortality
significant prevalence of Type 2 diabetes mellitus and prediabetes,does not impact,presentation or complications of Primary hyperaldosteronism
significantly higher fasting plasma glucose,as compared to,BE
significantly lower blood glucose,compared to,placebo
significantly lower glucose area under the curve (AUC(0-240)),compared to,soy-based regular smoothie
significantly lower glucose area under the curve (AUC(0-240)),compared to,standard DSNF
significantly lower plasma insulin levels,compared to,placebo
significantly lower postprandial glucose responses in healthy subjects,relative,conventional white rice WR
single causal variant,with,CVDs
single inflammatory parameter,cannot accurately predict,prognosis of Diabetic retinopathy
single lipid parameter,cannot accurately predict,prognosis of Diabetic retinopathy
single lipid parameter,or,single inflammatory parameter
single nucleotide polymorphisms,selected for in,East Asians
single nucleotide polymorphisms,selected for in,Europeans
single nucleotide polymorphisms (SNPs),associated with,confounders or outcomes
single nucleotide polymorphisms (SNPs),excluded by,consulting the PhenoScanner database
single nucleotide polymorphisms (SNPs),were significantly associated with,diabetes
single nucleotide polymorphisms (SNPs),were associated with,diabetes
single nucleotide polymorphisms (SNPs),were selected as,instrumental variables
single nucleotide polymorphisms (SNPs),were selected as,instrumental variables (IVs)
single nucleotide polymorphisms (SNPs),were closely associated with,T2DM
single session of moderate-intensity exercise,positively impacts,glucose regulation
single session of moderate-intensity exercise,positively impacts,myokine modulation
single SNP,was associated with,MCVE - WSF1
single-nucleotide polymorphism,is associated with,diabetic retinopathy risk
Sitagliptin + metformin therapy,compared with,metformin group
Sitagliptin + metformin therapy,led to,"significantly greater improvements in FBS, TC, TG, SGPT, vitD3, and TG-G"
six blood lipids,among,low-density lipoprotein cholesterol (LDL-C)
six out of nine markers,were associated with,diabetic retinopathy
six significant pathways,associated with,T2DM development
sixteen-weeks randomized controlled trial,aimed to assess the impact of,structured exercise manual interventions
skeletal muscle atrophy,is associated with,insulin resistance
skin autofluorescence,can be used to predict,long-term outcomes
skin autofluorescence,is associated with,risk
skin microbiome,is associated with,T2DM
skin microbiome,is a factor in,T2DM
skipping breakfast,led to,higher post-lunch glucose excursions
SLAMF6,was associated with,negative effects
sleep disorders,include,factors
sleep habits,significantly influence,risk of T2DM
sleep habits,contribute to,risk of T2DM
sleep patterns,were associated with,T2DM
sleeping 5-6 hours,increased the risk of,T2DM
sleeping 6-8 hours,increased the risk of,T2DM
sleeping 8-9 hours,increased the risk of,T2DM
sleeping less than 5 hours,increased the risk of,T2DM
sleeping more than 8 hours,increased the risk of,T2DM
small sample size,due to,results of the study are not conclusive
SMMC,resulted in,significantly lower glucose area under the curve (AUC(0-240))
smoking,partially mediated,causal relationship between Type 2 Diabetes Mellitus and FEV1 and FVC
smoking,is associated with,eGFR decline
smoking,associated with,higher diabetes risk
smoking,contribute to,T2DM
smoking initiation,may mediate,causal effect of Television (TV) viewing on diseases
smoking status,influenced,associations between Type 2 diabetes mellitus and glycated hemoglobin with vascular and valvular calcifications
snack,can be suggested as,nutritious and convenient snack for patients with type 2 diabetes mellitus
SNP-CG site cg06500161,of,ABCG1
SNP-CG site cg06500161 of ABCG1,is associated with,T2DM
SNP-module analyses,point to,possible causal dysfunction in innate immunity
SNPs,are associated with,diabetic retinopathy onset
SNPs,are associated with,frailty
SNPs,were associated with,progression to DKD
society,are impacted by,T2DM
Socioeconomic factors,influenced,risk factor control
socioeconomic factors,influenced,risk factor control
Sodium-glucose cotransporter 2 inhibition,reduces,risk of acute kidney injury
sodium-glucose cotransporter-2 inhibitors,impact on,myocardial infarction mortality
Sodium-glucose cotransporter-2 inhibitors,impact on,myocardial infarction mortality
Sodium-glucose cotransporter-2 inhibitors,had an impact on,myocardial infarction mortality
sodium-glucose cotransporter-2 inhibitors,had impact on,myocardial infarction mortality
Sodium-glucose cotransporter-2 inhibitors,impacted on,myocardial infarction mortality
sodium-glucose cotransporter-2 inhibitors,impact,myocardial infarction mortality
Sodium-glucose cotransporter-2 inhibitors,impacts,myocardial infarction mortality
sodium-glucose cotransporter-2 inhibitors,impacts,myocardial infarction mortality
sodium-glucose cotransporter-2 inhibitors,impacts were on,myocardial infarction mortality
soleus muscle,due to,type of exercise and muscle fiber composition
soluble cereal fiber,has impact on,glycometabolic gastrointestinal hormones
soluble cereal fiber,has an impact on,glycometabolic gastrointestinal hormones
soluble cereal fiber,acts through,points of action
some patients,be susceptive to,fiber
something,is associated with,metabolic disorders
something else,causes,the effect
Species Catus,was associated with,increased MOD risk
species faecis,associated with,T2DM
species finegoldii,associated with,T2DM
species longum,associated with,T2DM
Specific BAs,are closely associated with,adiposity indices
specific impact of cheese consumption,remains,unclear
spinal stenosis,is one of the main causes of,pain and dysfunction in older adults
"Spleen-and-stomach-tonifying, yin-fire-purging, and yang-raising decoction",can reduce the risk of,macrovascular lesions in type 2 diabetes mellitus
stable angina pectoris,is associated with,getting up in the morning
stable angina pectoris,increased,risk
standard therapy,had,"WO = 1.03, 95% CI: 0.99-1.07"
statement,is the same as saying,S1 and S2
statin therapy,increases the risk of developing,type 2 diabetes mellitus
statistical notation,indicated,difference was statistically significant
statistically significant evidence,found no,causal association between dys
statistically significant evidence,found no,causal association between dysglycemic traits and vitiligo
stimulatory effects,on,insulin release
stimulatory effects,cause,recurrent hypoglycemia
stimulatory effects of dextrose and glucagon on insulin release,cause,recurrent hypoglycemia
stimulatory effects of intravenous and oral dextrose and glucagon on insulin release,cause,recurrent hypoglycemia
stimulatory effects on insulin release,may cause,recurrent hypoglycemia
straight position,had,highest predictive value
strain,exhibits,dysregulated immune responses
strategies for preventing T2DM,are associated with,adverse side effects
strategy,to reduce,risk of PaCa
strength test (f),were used to examine,causal association between gm and the onset of t2dm
strengthening the role of diabetes nurse specialists,can lead to,improving managing diabetes mellitus and its complications
strengthening the role of diabetes nurse specialists,can contribute to,managing diabetes complications
strengthening the role of diabetes nurse specialists,can contribute to,managing diabetes mellitus
strengthening the role of diabetes nurse specialists,can contribute to,managing diabetes mellitus and its complications
stress,impact of,cardiovascular response
stress,lead to,inflammatory responses
strict criteria,filtering with,eligible genetic instruments
stroke,was complicated by,type 2 diabetes mellitus
strong evidence,support,causal role of Glucose-dependent insulinotropic polypeptide receptor agonists
structural racism,has resulted in,fewer economic and educational opportunities for AAs
structural racism,has resulted in,fewer economic opportunities for AAs
structural racism,has resulted in,fewer educational opportunities for AAs
structured exercise manual interventions,on the biochemical markers of,sedentary prediabetic patients
SUA,had causal effect on,diabetic microvascular complications
subgroup analysis,was done,cause of mortality
subgroup analysis at 3 months,showed that influenced,age
subgroup analysis at 3 months,showed that influenced,BMI
subgroup analysis at 3 months,showed that influenced,comorbidity
subgroup analysis at 3 months,showed that influenced,disease duration
subgroup analysis at 3 months,showed that influenced,education
subgroup analysis results,suggest that,effect of exercise interventions
subgroup analysis results,suggest that,effect of exercise interventions may be influenced
subgroup analysis results,suggest that,effect of exercise interventions may be influenced by various factors
subgroup classification strategy,can be adopted to,predict the risk of onset of diabetic kidney disease in Chinese individuals with T2DM
subgroup classification strategy,can be adopted to,predict the risk of progression of diabetic kidney disease in Chinese individuals with T2DM
subgroup classification strategy,cannot be adopted to predict,risk of onset and progression of diabetic kidney disease in Chinese individuals with T2DM
subjects,used for,final analysis
subjects,met the minimum frequency of,intervention
subjects,being included in the,statistical analysis
substance of tea,is unique in,TP
substance of TP,is most abundant in,tea
substantial biases,due to,small sample size
sufficient muscle mass,maintaining,reduced risk of ischemic stroke
sugar-containing drinks,cause,plasma glucose to rise much higher
suggestive association,was observed,adjusting for T2DM
Sulfonylureas,are associated with,reduced male infertility
summary-data-based MR,was utilized to estimate,causal effects
supplementation,led to,elevated MK-7 serum levels
supplementation,led to,reduction of PIIINP serum levels
supportive diagnostic test,could help rule out,other potential causes of DN in T2DM
suppression of intestinal dietary lipid absorption,led to,downregulation of both systemic fatty acid levels and fatty acid metabolism
suppression of protein tyrosine phosphatase-1B expression,is caused by,insulin resistance
suppression of tau phosphorylation,is associated with,decrease in TGF-β expression
suppression of the C3-C3aR-GSK3β axis,resulted in,significant improvement of cognition
suppression of the interaction between FOXO1 and ANGPTL4,results in,transcriptional synthesis of ANGPTL4
susceptibility to aortic dissection,was not significantly influenced by,glycemic traits
sustained high-fructose intake,led to,prediabetic symptoms in mice
SUVRs in the brain regions,correlated with,alkaline phosphatase
SUVRs in the brain regions,correlated with,apolipoprotein B
SUVRs in the brain regions,related to,blood glucose
SUVRs in the brain regions,associated with,blood pressure
SUVRs in the brain regions,associated with,blood triglycerides
SUVRs in the brain regions,correlated with,blood uric acid
SUVRs in the brain regions,correlated with,creatinine
SUVRs in the brain regions,correlated with,fasting blood glucose
SUVRs in the brain regions,correlated with,glutamic oxalacetic transaminase
SUVRs in the brain regions,associated with,gout
SUVRs in the brain regions,correlated with,potassium
SUVRs in the brain regions,correlated with,total bilirubin
SY-009 blood concentrations,were below,the limit of quantitation in all
sympathetic nerve activity,through,autonomic nervous system
symptoms,caused by,withdrawal
symptoms caused by withdrawal,reverse after,years
synbiotics,have limited impact on,inflammatory cytokines
synergistic methodology,elucidate,"causal associations between T2DM, medication treatments, and EC"
synergistic negative effects of type 2 diabetes and hypertension,increase,all-cause mortality
synergistic negative effects of type 2 diabetes and hypertension,increase,medical complexity of management
synthesis,offers,holistic therapeutic strategy
systematic review and meta-analysis,conducted,influence of emodin on T2DM animal models
systemic cold temperature,through,ambient temperature
systemic cold temperature,influences,organism's blood components
systemic inflammation,is the cause of,elevated risk of CAD in patients with T2DM
systemic lupus erythematosus,involves,neuroinflammation
systolic blood pressure,could increase the risk of,AA
Systolic Blood Pressure,partially mediated,causal relationship between Type 2 Diabetes Mellitus and FEV1 and FVC
systolic blood pressure,influenced,disease progression
systolic blood pressure,was associated with,higher incidence of urine ACR
systolic blood pressure,was favourably influenced in,intervention group
systolic blood pressure,was associated with,type 2 diabetic nephropathy
T allele,via,altered TCF7L2 expression
T allele,may contribute to,type 2 diabetes mellitus
T allele,contributes to,type 2 diabetes mellitus
T allele of the rs7903146 (C/T) Single nucleotide polymorphism,was associated with,two-fold higher risk of Type 2 diabetes mellitus
T1DM,has potential causal associations with,epilepsy
T1DM,have no significant reverse causal associations with,epilepsy
T1DM,has potential causal associations with,generalized epilepsy
T1DM,have no significant reverse causal associations with,generalized epilepsy
T1DM,was associated with,generalized epilepsy
T1DM,also increased the risk of,IBD
T1DM,was associated with,robust epilepsy
T1DM,was associated with,robust generalized epilepsy
T2DM,causal relationship between,AD
T2DM,has causal relationship with,AD
T2DM,causal relationship between remains unclear,AD
T2DM,is related to,all-cause mortality
T2DM,with,all-cause mortality
T2DM,link between,all-cause mortality in older individuals
T2DM,is linked to,all-cause mortality in older individuals
T2DM,exhibited a protective causal association with,ALS
T2DM,has protective influence on,ALS
T2DM,are characterized by,altered adipokine profiles
T2DM,associated with,altered adipokine profiles
T2DM,are risk factors for,Alzheimer's disease
T2DM,is associated with,AT
T2DM,was inversely associated with,benign and malignant cerebral meningiomas
T2DM,accompanies,bone metabolic disorders
T2DM,is associated with,brain networks
T2DM,leads to,CAD
T2DM,caused,cardiac function abnormalities
T2DM,is associated with,cardiovascular events
T2DM,due to,cardiovascular events
T2DM,through,causal links
T2DM,risk of,changed brain functional network connectivity
T2DM,associated with,changes in insulin sensitivity
T2DM,cause,changes in insulin sensitivity
T2DM,result in,changes in insulin sensitivity
T2DM,causes,cognitive decline
T2DM,results in,cognitive decline
T2DM,accompanies,cognitive impairment
T2DM,is influenced by,cold exposure
T2DM,is impacted by,cold exposure
T2DM,through,colocalization evidence
T2DM,is the,condition being studied
T2DM,have a positive causal effect on,COPD
T2DM,is a complication that causes,DACI
T2DM,causes,DACI
T2DM,results in,DACI
T2DM,leads to,DACI
T2DM,caused,decline in ejection fraction
T2DM,caused,decline in fractional shortening
T2DM,is associated with,decreased heart rate variability
T2DM,has causal relationship with,decreased lung function
T2DM,are causally associated with,diminished risk of EC
T2DM,is associated with,disturbance in gut fungi
T2DM,is a type of,DM
T2DM,causal relationship between,EC risk
T2DM,has a direct causal effect on,ED
T2DM,causal association between,Endometrial carcinoma risk
T2DM,is associated with,Endometrial carcinoma risk
T2DM,relationship between remains,GBM
T2DM,causal relationship with,gliclazide
T2DM,causal relationship between,gliclazide
T2DM,causal association was found between,HBV
T2DM,no causal association between,HCV
T2DM,has causal relationship with,hemiplegia
T2DM,increases the risk of,hemiplegia
T2DM,may increase the risk of,hemiplegia
T2DM,causes,hyposalivation
T2DM,can lead to,hyposalivation
T2DM,may cause,hyposalivation
T2DM,was between,IBD/UC
T2DM,are between,IBD/UC
T2DM,are to be explored,IBD/UC
T2DM,mechanisms between,IBD/UC
T2DM,related to,increased all-cause mortality
T2DM,was inversely associated with,increased BMI
T2DM,is associated with,increased risk of cardiovascular events
T2DM,associated with,increased risk of GBM
T2DM,is associated with,increased risk of HCC
T2DM,has causal relationship with,increased risk of liver cancer
T2DM,is a condition that,increases the risk of cardiovascular morbidity and mortality
T2DM,is associated with,inflammation
T2DM,causal relationship with,insulin
T2DM,through,metabolic derangements
T2DM,causal relationship with,metformin
T2DM,causal relationship between,metformin
T2DM,is associated with,modulated brain networks
T2DM,is associated with,modulated sleep patterns
T2DM,has significant causal associations with,MS
T2DM,causes,neuroinflammation
T2DM,results in,neuroinflammation
T2DM,was inversely associated with,obesity
T2DM,did not influence,outcomes in CTO patients undergoing PCI
T2DM,has a negative impact on,overall health
T2DM,causal,PaCa
T2DM,increases the risk of developing,Parkinson's disease
T2DM,impact of,Parkinson's disease incidence
T2DM,impact on,Parkinson's disease incidence
T2DM,impact on,Parkinson's disease incidence and progression
T2DM,impact of,Parkinson's disease incidence and progression
T2DM,impact of,Parkinson's disease progression
T2DM,impact on,Parkinson's disease progression
T2DM,was predicted by,phenotypic variables
T2DM,influences,plasma proteins
T2DM,influences,plasma proteins linked to ED
T2DM,is associated with,prevalence of modulated sleep patterns
T2DM,influences,proteins
T2DM,is associated with,ratio of hs-CRP to HDL
T2DM,is associated with,reduced HRV
T2DM,causes,ROS
T2DM,has impact on,serum testosterone levels
T2DM,associated with,severe metabolic risks
T2DM,cause,severe metabolic risks
T2DM,result in,severe metabolic risks
T2DM,demonstrated,"significant improvements in FBS, insulin levels, and HOMA-IR"
T2DM,is linked to,skin microbiome
T2DM,risk of,sleep habits
T2DM,was associated with,sleep patterns
T2DM,is associated with,sleep patterns
T2DM,has an impact on,society
T2DM,impacts,society
T2DM,causality of,spinal stenosis
T2DM,may be causal,spinal stenosis
T2DM,no causal connection was found between,subtypes of lung cancer
T2DM,impacts,testosterone
T2DM,has an impact on,their families
T2DM,impacts,their families
T2DM,has causal links with,these genes
T2DM,is linked to,these genes
T2DM,is another abbreviation for,Type 2 DM
T2DM,is a type of,Type 2 DM
T2DM,has negative causal relationship with,UC
T2DM,has a negative impact on,well-being
T2DM,can lead to,wide range of complications
T2DM mellitus,is associated with,oxidative stress
T2DM prevention,is a strategy to,reduce the risk of PaCa
T2DM prevention,as a strategy to reduce,risk of PaCa
T2DM rats,had,cardiac function abnormalities
T2DM rats,had,decline in ejection fraction and fractional shortening
T2DM rats,exhibited,increased myocardial fibrosis
T2DM rats,had,increased myocardial fibrosis
T2DM risk,is influenced by,changed brain functional network connectivity
T2DM risk,is influenced by,sleep habits
T2DM-MCI,is associated with,lower serum IGFBP-3 levels
T2DM-MCI,is associated with,shorter duration of education
target population,is seen,diabetes visit
target population,is seen,primary care visit
target population,is seen,reproductive visit
targeted metabolic phenotype,to ensure,optimal therapeutic efficacy
targeted therapeutic interventions,led to,heart failure with preserved ejection fraction improvements in cardiomyocyte mechanical properties
targeting the expression of MEF2D/GLUT4,results in,inhibition of the glucose consumption and uptake ability of skeletal muscle cells
Tau hyperphosphorylation,is closely associated with,energy metabolism disruption
Tau hyperphosphorylation,is parallelly associated with,fibrosis
Tau hyperphosphorylation,is closely associated with,hippocampal neuroinflammation
Tau hyperphosphorylation,is parallelly associated with,inflammation
Tau hyperphosphorylation,may cause,inflammation
Tau hyperphosphorylation,is associated with,inflammation in the diabetic heart
Tau hyperphosphorylation,may be a cause of,pathogenesis of DCM
Tau hyperphosphorylation,contributes to,pathogenesis of DCM
Tau hyperphosphorylation,leads to,pathogenesis of DCM
taxa,associated with,high arsenic exposure
taxa,associated with,high lead and arsenic exposure
taxa,associated with,high lead exposure
TB,were investigated for,DM
TB,does not increase the risk of,DM
TB,have causal relationships with,DM
TB and DM,were investigated for,causal association
TC,cause-effect relationship with,APOA-I
TC,cause-effect relationship with,APOB
TC,associated with,decreased risk
TC,associated with,decreased risk of liver cancer
TC,cause-effect relationship with,LDL
TC,cause-effect relationship with,TG
Television (TV) viewing,and,"sciatica, IVDD and LBP"
terms,were related to,cardiometabolic risk in Type 2 diabetes mellitus
TET2-related CHIP,has potential causal relationship with,development of T2DM
TET2-related CHIP,is potentially causal,T2DM
TET2-related CHIP,has a potential causal relationship with,T2DM
TET2-related CHIP,has a causal relationship with,T2DM
TG,associated with,decreased risk
TG,associated with,decreased risk of liver cancer
TG/HDL-C ratio,was better associated with,Metabolic syndrome
TG/HDL-C ratio,was better associated with,other lipid ratios
the action,prevents,rebound hypoglycemia
the activation of dihydromyricetin,was partially due to,the effect
the extra S6,is redundant with,S5
the findings,harmonize,"causal inference, individualized risk prediction, and global burden mapping for migraine prevention"
the findings,provide,individualized risk prediction
the FreeStyle Libre glucose monitoring system,on,diabetes management
the FreeStyle Libre glucose monitoring system,impact on,treatment progression among T2DM patients
the same diet,was given to,patients with type 2 diabetes mellitus
the score,as,a predictive biomarker
the stroke,was complicated by,type 2 diabetes mellitus
the two clauses,are contradictory because,the first clause is unknown and the second clause is known
the two conditions,remains,uncertain
the two original clauses,are already simple,no additional simplification is needed
the word however,indicates that,the two clauses are in contrast
therapeutic effects of insulin,being compared,therapeutic effects of metformin
therapeutic efficacy,due to,heterogeneity and limited synthesis of human evidence
therapeutic efficacy in individuals with type 2 diabetes mellitus (T2DM) and prediabetes,is due to,heterogeneity
therapeutic strategy,for addressing,neurodegenerative symptoms associated with type 2 diabetes mellitus
therapeutic strategy,could serve as,promising
therapies,cause,changes to metabolic parameters
therapies,result in,changes to metabolic parameters
therapies,modulating,insulin resistance
therapy,can lead to,insulin resistance
therapy,leads to,insulin resistance
therapy,can lead to,IR
therapy,does not cause,physical strain
therapy,impact of,treatment groups
there,is any causal connection,unclear
these 3 methods,using,gene mapping
these aspects,remains to be fully elucidated in,patients with T2DM
these biomarkers,contribute to,early pancreatic cancer detection
these changes,are associated with,insulin resistance
These complications,are associated with,Microvascular complications
these complications,significantly impact,morbidity rates
these deficits,were associated with,enhanced neuroinflammatory markers
these demands,can lead to,lowered motivation
these diseases,have resulted in,significant burdens on healthcare systems
these factors,influence,MS risk
these factors,causally influence,MS risk
these factors,with,serum albumin levels
these factors,have causal impact on,stroke
these factors,impact on,T2DM
these findings,contribute to,our knowledge of the underlying mechanisms
these markers,are associated with,markers of atherosclerosis
these metabolites,play,causal role
these methods,contribute to,clinical inertia
these pathways,may lead to,AD progression and pathology
these pathways,may aggravate,AD progression and pathology
these pathways,are associated with,AD progression and pathology
these predictors,provided,more modest predictive value
these relationships,nature,remains unclear
these taxa,were associated with,elevated BMI
these taxa,were associated with,fasting blood glucose
these treatments,are needed to,reduce impact on health-care systems
this form of diabetes,is associated with,obesity
this trial,investigates,impact of a structured CET program in individuals with Type 2 diabetes mellitus and CAN
this trial,investigates,impact of a structured CET program on cardiorespiratory fitness in individuals with Type 2 diabetes mellitus and CAN
this trial,investigates,impact of a structured CET program on quality of life in individuals with Type 2 diabetes mellitus and CAN
those changes,are associated with,T2DN
Those with Type 1 diabetes mellitus,are as a result dependent on,lifelong insulin therapy
three different ways,could lead to,weight gain
three-month adjuvant yoga intervention,was associated with,improved glycaemic control and QoL among adolescents with T1DM
three-month Yoga intervention,was associated with,improvement in cerebral hemodynamics
TIBC level,was causally associated with,decreased risk of diabetic nephropathy
TIBC levels,can be used as,biomarker
Tier 1 genes,showed causal links with,T2DM
Tier 1 genes,show causal links with,T2DM
time above range,associated with,HbA1c/GA
time below range,was not associated with,HbA1c/GA
time in range,associated with,HbA1c/GA
time in range,was associated with,insulin secretion
time series,to be predicted with,"XGBoost, SARIMA, and Prophet"
time series analysis,done to,predict blood glucose levels
time series analysis and forecasting,done with,"XGBoost, SARIMA, and Prophet"
time series forecasting,done to,predict blood glucose levels
time spent in different fasting glucose target ranges,association of,all-cause mortality
time spent in different fasting glucose target ranges,association of,cardiovascular risk
Tirzepatide,does not reduce,all-cause mortality and MACE
tirzepatide,results in,decreased glucagon release
tirzepatide,results in,increased insulin secretion
tirzepatide,results in,significant weight loss
Tirzepatide,compared to,type 2 diabetes mellitus care
Tirzepatide doses,increase in,proportions of type 2 diabetes mellitus with weight loss >5%
TITRE,was between,all-cause mortality
TITRE,was also between,all-cause mortality
TNF alpha,has impact on,disease progression
TNF-α,cause it to become,activated
TNF-α from its membrane-bound precursor,cause it to become,activated
TNF-α levels,to be established,impact of DM
TNF-α levels,associations between,impact of DM
TNF-α levels,associated with,impact of DM
TNF-α levels,are to be established with,impact of DM
TNF-α levels,can help predict,prognosis of OSCC
TNF-α levels,associations between,prognosis of OSCC
TNF-α levels,associated with,prognosis of OSCC
TNF-α levels,are to be established with,prognosis of OSCC
TNFSF14,associated with,positive effect on DN
TNFSF14,have a positive causal association with,TRANCE
To assess the impact of DiabeText,is the main aim,the main aim
"Total RNA, including miRNA",was extracted from,liver tissue samples
toxic metabolite accumulation,causes,deficits
TP,is unique in,tea
traditional blood glucose monitoring methods,such as,finger stick tests
traditional blood glucose monitoring methods,provide,limited insights into blood glucose measurements and fluctuations
traditional cardiovascular risk factors,is not influenced by,cardiovascular diseases
traditional clinical factors,in the,Czech T2DM population
traditional clinical risk factors,were used to predict,intervention-induced changes in the reduction of arterial stiffness
Traditional Obstructive sleep apnea severity metrics,such as,apnea-hypopnea index (AHI)
trained mice,may have positive impact on,recovery of Type-2 diabetes mellitus-induced sarcopenia
trait,was associated with,variables
traits related to glucose metabolism,are impacted by,ankylosing spondylitis
traits related to glucose metabolism,are impacted by,type 2 diabetes
TRANCE,associated with,positive effect on DN
Transcutaneous auricular vagus nerve stimulation,may have,cause
Transcutaneous auricular vagus nerve stimulation,may be caused by,regulating Melatonin levels
TRB3,were investigated,Delta/Notch-like epidermal growth factor-related receptor
treated patients with diabetes mellitus type 2,revealed,ameliorative impact on IL-1β levels
treated patients with diabetes mellitus type 2,revealed,ameliorative impact on IL-6
treatment,is also associated with,adverse side effects
treatment,caused,amelioration of lipid accumulation
treatment,may be associated with,decrease in oxidative stress
treatment,was given,every other day
treatment,had an effect on,hippocampus
treatment,resulted in,improved autophagy
treatment,with,it
treatment,resulted in,reduced inflammation levels
treatment,was with,vehicle
treatment,involved,vehicle
treatment burden,associated with,the
treatment burden,increased,this
treatment of diabetes,for,scientists
treatment of diabetic rats,with,Brassica carinata Microgreens Ethanolic Extract
treatment of diabetic rats with Brassica carinata Microgreens Ethanolic Extract,led to,reduced expression levels of NFKβ in the liver
treatment of T2DM,is associated with,adverse side effects
treatment of Type 2 diabetes mellitus,is challenging,side effects of oral hypoglycemic drugs
treatment progression,among,T2DM patients
treatment satisfaction,is associated with,psychological well-being
treatment satisfaction,demonstrate,transition to IDegAsp in type 2 diabetes mellitus (T2DM)
treatment with agmatine (100 μM),caused,shift to the M2 phenotype
treatment with agmatine (100 μM),caused,upregulation of CD206
treatment with extract of Phyllanthus emblica L.,contributed to,antidiabetic effect
treatment with HG (100 mM),caused,increase in CD86
treatment with HG (100 mM),caused,shift to the M2 phenotype
treatment with it,has gained,attention
treatment with multi-strain probiotics,resulted in,significant improvement in blood glucose and lipid profiles
treatment with piperine,led to,decrease in blood glucose levels
treatment with piperine,led to,decrease in circulating insulin
treatments,reversed,expression of ferroptosis markers
treatments,reversed,expression of the markers
treatments,reversed,ferroptosis markers
treatments,were explored according to,MMSE scores and cognitive status
trial,demonstrating,direct causal effect of the Portfolio Diet in a diverse group
trial,was conducted to assess,impact of an exercise-based manual program
trial,aims to evaluate,impact of diabetes self-efficacy on T2DM patients
trial,aimed to evaluate,impact of multistrain probiotic supplementation on patients with T2DM
trial,evaluated,impact of multistrain probiotic supplementation on patients with T2DM
trial,evaluated,impact of multistrain probiotic supplementation on patients with type 2 diabetes
trial,aimed to evaluate,impact of multistrain probiotic supplementation on patients with type 2 diabetes
trial,evaluated,impact of multistrain probiotic supplementation on telomere length
trial,aims to evaluate,impact of other indicators on T2DM patients
trial,investigates,impact on body composition in individuals with Type 2 diabetes mellitus and CAN
trial,investigates,impact on CAN
trial,investigates,impact on cardiorespiratory fitness
trial,investigates,impact on cardiorespiratory fitness in individuals with Type 2 diabetes mellitus and CAN
trial,was conducted to assess,impact on daytime sleepiness
trial,investigates,impact on quality of life
trial,investigates,impact on the metabolic profile
trial,is needed to assess,long-term impact of Home-based lifestyle modification intervention augmented with text messages and printed material on diabetes prevention
trial,was over,sixteen weeks
trials,were about,glycemic control in patients with T2DM
trials,were about,impact
trials,were about,impact of probiotics
trials,were about,impact of probiotics on glycemic control
trials,were about,impact of probiotics on glycemic control in patients with T2DM
trials,increased,risk of hypoglycemia
Triglyceride (TG),was positively associated with,NTG risk
triglyceride glucose index,was associated with,higher incidence of urine ACR
triglyceride glucose index (TyG),affects,outlook for DKD patients
Triglyceride-glucose index,associated with,all-cause death
Triglyceride-glucose index,associations between,all-cause/cause-specific death
Triglyceride-glucose index,association between,all-cause/non-CV death
Triglyceride-glucose index,was between,all-cause/non-CV death
triglyceride-glucose index,is elevated,among normal weight individuals
Triglyceride-glucose index,associated with,cause-specific death
triglyceride-glucose index,is associated with,cIMT
Triglyceride-glucose index,association between,patients with Type 2 diabetes mellitus
Triglyceride-glucose index,associations between,Type 2 diabetes mellitus cohort
Triglyceride-Glucose Index quartiles,associated with,increased all-cause mortality
Triglyceride-Glucose Index quartiles,associated with,increased all-cause mortality in the whole cohort
triglycerides,could increase the risk of,AA
Triglycerides (TG),exhibited,significant causal effect on SHL
tripartite framework,harmonizes,causal inference
tripartite framework,harmonizes,global burden mapping
tripartite framework,harmonizes,individualized risk prediction
tripartite framework,for,migraine prevention
triples,contain,Entity 1 -> Relationship -> Entity 2
TT genotypes,were associated with,increased risk of type 2 diabetes mellitus T2DM
tuberculosis,cause,mortality
tuberculosis susceptibility,is influenced by,complex role of metabolic factors
tuberculosis susceptibility,is influenced by,metabolic factors
TUFM,were causally associated with,increased risk of T2DM
Tumor necrosis factor receptor superfamily member 9 levels,are associated with,increased risk of T2DM
tumor necrosis factor-α,is associated with,increased risk
tumor necrosis factor-α,associated with,increased risk
two conditions,is between,potential causal relationship
two diseases,are caused by,oxidative stress
two downstream effector factor,associated with,PUs
two downstream effector factor (FG Fasting Insulin FI),were associated with,PUs
two samples MR analysis,revealed that there were,causal relationships between six gut microbiota and type 2 diabetes mellitus
two types of diabetes mellitus,are associated with,IPF
two-sample bidirectional Mendelian randomization (MR),used,explore causal links between autoimmune liver diseases and diabetes
two-sample Mendelian randomization (MR),was employed to assess,"causal relationships between sleep habits, resting-state functional magnetic resonance imaging (rs-fMRI), and T2DM"
two-sample Mendelian randomization (MR) analyses,were conducted to identify,"potentially causal proteins for adiposity, fitness, and T2DM"
two-sample Mendelian randomization (MR) analysis,utilized to shed light on,potential influence of type 2 diabetes mellitus type 2 diabetes mellitus on preeclampsia at the genetic prediction level
two-sample mendelian randomization (MR) study,conducted,causal effect on nonalcoholic fatty liver disease (NAFLD)
two-sample Mendelian randomization approach,to investigate,causal relationship
two-sample Mendelian randomization approach,to investigate,causal relationship between cheese intake and T2DM
two-sample Mendelian randomization approach,uses to investigate,causal relationship between cheese intake and T2DM
two-sample Mendelian randomization approach,investigate,causal relationship between cheese intake and T2DM
two-sample Mendelian randomization approach,uses,study
two-sample Mendelian randomization study,was conducted to investigate,causal associations between type 2 diabetes mellitus and the risk of pancreatic cancer
two-sample MR analysis,indicated,causal link between type 2 diabetes mellitus and preeclampsia
two-sample MR analysis,was conducted to investigate,causal relationship between Type 2 Diabetes Mellitus and male reproductive functions impairment
two-sample MR analysis,revealed,potential causal relationships between dysregulated miRNAs and Type 2 diabetes mellitus
two-sample MR analysis,used to,verify causal associations between gut microbiota and type 2 diabetes mellitus
two-sample MR analysis,used to,verify the forward and reverse causal associations
two-sample MR analysis,used to,verify the forward and reverse causal associations between gut microbiota and type 2 diabetes mellitus
two-sample MR study,to appraise,causal effects of 16 metabolic factors
two-sample MR study,was conducted to appraise,causal effects of 16 metabolic factors
two-sample MR study,conducted,causal effects of 16 metabolic factors on abnormal spermatozoa
two-sample two-step MR,was used to determine,"causal effects of 1,400 circulating metabolites or metabolite ratios on prostate cancer"
two-step MR,analyzed,significant blood metabolites
two-step MR analysis,indicated that,BMI may mediate the causal effect of Television (TV) viewing on diseases
two-way MR approach,investigates,potential causal relationships between diabetes type and glycated hemoglobin (HbA1c) levels
TyG index,is used to predict,cardiometabolic diseases
TyG index,is crucial for,DKD
TyG index,was associated with,endothelial dysfunction
TyG index,predicted by,Lower extremity peripheral artery disease
TyG index,combined with,obesity indicators
TyG index,was associated with,pro-inflammatory phenotype
TyG index,is used to predict,risk of Lower extremity peripheral artery disease
TyG index combined with obesity indicators,assessed the predictive ability of,Lower extremity peripheral artery disease
TyG-BMI,was associated with,incident type 2 diabetes mellitus
TyG-BMI,was associated with,men
TyG-WC,is positively associated with,Lower extremity peripheral artery disease
TyG-WHR,is positively associated with,Lower extremity peripheral artery disease
Type 1 and 2 diabetes mellitus,relationship with,Meningiomas
type 1 diabetes mellitus,does not support a causal relationship between,autism spectrum disorder
type 1 diabetes mellitus,is a form of,diabetes mellitus
type 1 diabetes mellitus,was associated with,higher risk of primary biliary cirrhosis
Type 1 diabetes mellitus,increased the risk of,idiopathic pulmonary fibrosis
Type 1 Diabetes mellitus,is associated with,increased risk of OLP
Type 1 diabetes mellitus,no causal link,psoriasis and T1DM
Type 1 diabetes mellitus,was not associated with,risk of ASD
type 1 diabetes mellitus (T1DM),associated with,different Insulin availability
type 1 diabetes mellitus (T1DM),had an independent direct causal effect on,idiopathic pulmonary fibrosis (IPF)
type 1 diabetes nephropathy,is a form of,diabetes mellitus
type 2 adapted diabetes complication severity index,aiding,early interventions
type 2 adapted diabetes complication severity index,could predict,risk
Type 2 diabetes,increase,all-cause mortality
type 2 diabetes,negative effects of,all-cause mortality
Type 2 diabetes,jointly influence,cardiovascular outcomes
type 2 diabetes,affects,chinese immigrants in the united states
Type 2 diabetes,is associated with,chronic inflammatory state
Type 2 diabetes,is a cause of,chronic inflammatory state
type 2 diabetes,was about,exploration
type 2 diabetes,is the cause of,heart failure
type 2 diabetes,causes,heart failure
Type 2 diabetes,is the third top risk factor associated with,heart failure
Type 2 diabetes,causes,high blood sugar
type 2 diabetes,have synergistic negative effects with,hypertension
Type 2 diabetes,is a cause of,increased risk
Type 2 diabetes,is the cause of,increased risk
Type 2 diabetes,is caused by,interaction of multiple genes and environmental factors
Type 2 diabetes,is linked to,male rats infertility
Type 2 diabetes,causes,male rats infertility
Type 2 diabetes,increase,medical complexity of management
type 2 diabetes,is associated with,oily fish intake
type 2 diabetes,contributes to,significant morbidity and mortality
Type 2 diabetes,increase,something
type 2 diabetes,has causal relationship with,the study
type 2 diabetes,has impact on,traits related to glucose metabolism
Type 2 diabetes (T2DM),is a major cause of,morbidity and mortality globally
type 2 diabetes diagnosis,is made based on,blood glucose levels
type 2 diabetes diagnosis,is made when,blood glucose levels are too high
type 2 diabetes mellitus,may be associated with,ability to regulate the trimethylamine N-oxide metabolic pathway of intestinal microbiota
Type 2 diabetes mellitus,increases the risk of,ABM
Type 2 diabetes mellitus,is associated with,adverse cardiac remodelling
Type 2 diabetes mellitus,causes,adverse cardiac remodelling
Type 2 diabetes mellitus,directly causes,adverse cardiac remodelling
Type 2 diabetes mellitus,can cause,adverse cardiac remodelling
Type 2 diabetes mellitus,increases the risk of,adverse cardiac remodelling
Type 2 Diabetes Mellitus,has an impact on,all processes
Type 2 Diabetes Mellitus,have an impact on,all processes
Type 2 diabetes mellitus,was reported to be associated with,alterations in microbial composition and function
type 2 diabetes mellitus,is associated with,altered central hemodynamic responses to orthostasis
Type 2 diabetes mellitus,is associated with,altered central hemodynamic responses to orthostasis
type 2 diabetes mellitus,is associated with,altered peripheral hemodynamic responses to orthostasis
Type 2 diabetes mellitus,is associated with,altered peripheral hemodynamic responses to orthostasis
Type 2 diabetes mellitus,causal relationship,Alzheimer's disease
Type 2 diabetes mellitus,and,Alzheimer's disease
Type 2 diabetes mellitus,causal association between,Alzheimer's disease
Type 2 diabetes mellitus,causal association with,Alzheimer's disease
Type 2 diabetes mellitus,is associated with,Alzheimer's disease
Type 2 diabetes mellitus,was associated with,artificial sweeteners
Type 2 diabetes mellitus,was associated with,artificial sweeteners intake in coffee
Type 2 diabetes mellitus,associated with,ASOM
Type 2 Diabetes mellitus,is caused by,both
type 2 diabetes mellitus,was genetically predicted from,both sources
Type 2 diabetes mellitus,had an impact on,both types of calcifications
Type 2 diabetes mellitus,had an impact on,calcific aortic valvular stenosis
Type 2 diabetes mellitus,both had an impact on,calcific aortic valvular stenosis
Type 2 diabetes mellitus,were positively associated with,calcific aortic valvular stenosis (CAVS)
Type 2 diabetes mellitus,had impact on,calcifications
Type 2 diabetes mellitus,had an impact on,calcifications
Type 2 diabetes mellitus,can have a significant impact on,cardio renal complications in Primary hyperaldosteronism
Type 2 diabetes mellitus,is a cause of,cardiovascular disease
Type 2 diabetes mellitus,increases the risk of,cardiovascular disease
Type 2 diabetes mellitus,contributes to,cardiovascular risk
Type 2 diabetes mellitus,is associated with,certain metabolic index levels
type 2 diabetes mellitus,is associated with,chronic complications
Type 2 Diabetes mellitus,caused by,chronic hyperglycemia
Type 2 diabetes mellitus,is associated with,chronic low-grade inflammation
Type 2 diabetes mellitus,impacts,cognitive health
type 2 diabetes mellitus,is associated with,cognitive impairment in T2DM
type 2 diabetes mellitus,does not increase the risk of,colorectal cancer
Type 2 diabetes mellitus,causal association between,common hearing disorders
Type 2 diabetes mellitus,has causal association with,common hearing disorders
type 2 diabetes mellitus,has a type of,complication
type 2 diabetes mellitus,leads to,complications
Type 2 diabetes mellitus,causes,complications
Type 2 diabetes mellitus,leads to,complications
type 2 diabetes mellitus,causes,complications
Type 2 diabetes mellitus,tends to cause,complications
type 2 diabetes mellitus,is imperative to prevent,complications associated with the disease
Type 2 diabetes mellitus,influenced,complications of PH
Type 2 diabetes mellitus,results in,condition
type 2 diabetes mellitus,is the cause of,condition
Type 2 diabetes mellitus,were positively associated with,coronary artery calcification
Type 2 diabetes mellitus,no positive causal relationship between,Crohn's disease
Type 2 diabetes mellitus,causal relationships between,Crohn's disease UC
Type 2 diabetes mellitus,causes,decreased fasting insulin levels
Type 2 Diabetes Mellitus,was associated with,decreased forced expiratory volume in 1s (FEV1)
Type 2 diabetes mellitus,is associated with,decreased signalling within cardiovascular brainstem neurons
type 2 diabetes mellitus,is caused by,defects in insulin secretion and action
Type 2 Diabetes mellitus,is caused by,deficits in insulin action
Type 2 Diabetes mellitus,is caused by,deficits in insulin secretion
type 2 diabetes mellitus,is associated with,development of early-stage diabetic nephropathy
type 2 diabetes mellitus,is a form of,diabetes mellitus
Type 2 diabetes mellitus,causes,diabetic lower extremity arterial disease
Type 2 diabetes mellitus,was associated with,digestive system tumors
Type 2 diabetes mellitus,contributes to,disability and mortality
Type 2 diabetes mellitus,is a significant cause of,disability and mortality
type 2 diabetes mellitus,has a type of,disease
Type 2 diabetes mellitus,leads to,elevated blood glucose levels
Type 2 diabetes mellitus,is a condition associated with,elevated blood lipid levels
Type 2 Diabetes Mellitus,contributes to,elevated TG levels
Type 2 Diabetes Mellitus,leads to,elevated TG levels
type 2 diabetes mellitus,is caused by,endoplasmic reticulum stress
Type 2 diabetes mellitus,possibly causes,endothelial dysfunction
Type 2 diabetes mellitus,are conditions associated with,epidemiological research
type 2 diabetes mellitus,is associated with,esophageal cancer
type 2 diabetes mellitus,is caused by,excessive autophagy
type 2 diabetes mellitus,have grown,exponentially over the last 30 years
Type 2 Diabetes Mellitus,causal relationship with,FEV1 and FVC
Type 2 diabetes mellitus,is associated with,fibrosis risk
Type 2 diabetes mellitus,is the,fifth leading cause of death
Type 2 Diabetes Mellitus,was associated with,Forced Vital Capacity (FVC)
Type 2 diabetes mellitus,is the disease associated with,frailty
Type 2 diabetes mellitus,causal relationship exists between,frailty
type 2 diabetes mellitus,is associated with,gastric cancer
type 2 diabetes mellitus,is a cause of,glucose metabolism disorders
Type 2 Diabetes Mellitus,is associated with,greater dementia risk
Type 2 Diabetes Mellitus,does,have significant impact on all processes
Type 2 Diabetes Mellitus,has effect on,HDL cholesterol and triglycerides pathways
type 2 diabetes mellitus,exert,health burdens
Type 2 Diabetes Mellitus,has major impact on,health in general
Type 2 diabetes mellitus,causes,heart failure
type 2 diabetes mellitus,is associated with,heart failure with preserved ejection fraction
Type 2 diabetes mellitus,causes,heart failure with preserved ejection fraction
Type 2 diabetes mellitus,is the most common cause of,heart failure with preserved ejection fraction
type 2 diabetes mellitus,association between,hemodynamic responses to orthostasis
Type 2 diabetes mellitus,have a relationship,hemodynamic responses to orthostasis
type 2 diabetes mellitus,is characterized by,Hglu ≥ 16.7 mmol/L
type 2 diabetes mellitus,is characterized by,Hglu < 16.7 mmol/L
Type 2 diabetes mellitus,was causally associated with,higher left ventricular mass index
type 2 diabetes mellitus,is associated with,higher levels of hemoglobin A1c (HbA1c)
type 2 diabetes mellitus,is associated with,higher levels of homeostatic model assessment for insulin resistance (HOMA-IR)
Type 2 diabetes mellitus,is associated with,higher levels of plasma fasting glucose
type 2 diabetes mellitus,is associated with,higher levels of plasma fasting glucose
type 2 diabetes mellitus,is associated with,higher levels of serum insulin
Type 2 diabetes mellitus,characterised by,hyperglycaemia
type 2 diabetes mellitus,positive causal relationship with,hypertrophic scars
type 2 diabetes mellitus,causal impact on,hypertrophic scars
type 2 diabetes mellitus,does not increase the risk of,IBD
type 2 diabetes mellitus,was not associated with,idiopathic pulmonary fibrosis
type 2 diabetes mellitus,no significant causal relationship between,idiopathic pulmonary fibrosis
Type 2 Diabetes Mellitus,has been shown to exacerbate,impact of Alzheimer's disease risk factors
Type 2 Diabetes Mellitus,exacerbates,impact of Alzheimer's disease risk factors on daily functioning
type 2 diabetes mellitus,was associated with,impaired cerebral hemodynamic responses to active stand
type 2 diabetes mellitus,was associated with,impaired cognitive performance
Type 2 diabetes mellitus,was reported to be associated with,impaired immune response
type 2 diabetes mellitus,was associated with,impaired peripheral hemodynamic responses to active stand
Type 2 diabetes mellitus,is associated with,increased arterial stiffness
Type 2 diabetes mellitus,is associated with,increased cardiovascular disease risk
Type 2 diabetes mellitus,causes,increased glycated hemoglobin levels
Type 2 diabetes mellitus,contributes to,increased liver-related complications
type 2 diabetes mellitus,was associated with,increased risk of autism spectrum disorder
Type 2 diabetes mellitus,are associated with,"increased risk of cognitive decline and dementia, including Alzheimer's"
Type 2 diabetes mellitus,was associated with,increased risk of liver cancer
Type 2 diabetes mellitus,is associated with,increased risk of pancreatic cancer
type 2 diabetes mellitus,was associated with,increased risk of Postherpetic neuralgia
Type 2 diabetes mellitus,is associated with,increased risk of Postherpetic neuralgia
Type 2 Diabetes Mellitus,was associated with,increased risk of PUs
Type 2 diabetes mellitus,characterised by,inflammation
Type 2 diabetes mellitus,causal relationship between,Inflammatory bowel disease
Type 2 diabetes mellitus,are associated with,inflammatory bowel disease
Type 2 diabetes mellitus,is caused by,inhibiting endoplasmic reticulum stress and excessive autophagy
type 2 diabetes mellitus,caused by,insulin resistance
Type 2 diabetes mellitus,is caused by,insulin resistance
type 2 diabetes mellitus,associated with,insulin resistance
Type 2 diabetes mellitus,is associated with,insulin resistance
Type 2 diabetes mellitus,characterised by,insulin resistance
type 2 diabetes mellitus,is associated with,insulin resistance
Type 2 diabetes mellitus,influences,insulin signaling pathways
type 2 diabetes mellitus,proportion of,intervention group
Type 2 diabetes mellitus,is associated with,isolated REM sleep behavior disorder
Type 2 diabetes mellitus,is compared to,its impact on cardiovascular outcomes
Type 2 diabetes mellitus,is caused by,Kandleria vitulina species
Type 2 diabetes mellitus,is associated with,liver dysfunction
Type 2 diabetes mellitus,could result in,long-term inflammatory conditions
Type 2 diabetes mellitus,is associated with,lower gray matter (GM) volumes
Type 2 Diabetes Mellitus,is closely associated with,male reproductive functions impairment
Type 2 Diabetes Mellitus,is associated with,male reproductive functions impairment
type 2 diabetes mellitus,caused by,malfunctioning pancreatic β-cells
Type 2 diabetes mellitus,was associated with,many features
type 2 diabetes mellitus,is a type of,metabolic disease
type 2 diabetes mellitus,risk of,middle-aged and older adults
Type 2 diabetes mellitus,impacting,millions of individuals
Type 2 diabetes mellitus,is associated with,molecular mechanisms
Type 2 diabetes mellitus,causes,negative causal effect
Type 2 diabetes mellitus,has potential causal relationship with,negative symptoms
Type 2 diabetes mellitus,has a causal relationship with,negative symptoms
Type 2 diabetes mellitus,would have a causal relationship with,negative symptoms
Type 2 diabetes mellitus,have a causal relationship with,negative symptoms
Type 2 diabetes mellitus,causes,neurological complications
Type 2 diabetes mellitus,tends to cause,neurological complications
Type 2 diabetes mellitus,may have a significant causal effect on,NMG
Type 2 diabetes mellitus,has a significant causal effect on,NMG
Type 2 diabetes mellitus,is associated with,obesity
Type 2 diabetes mellitus,may influence,onset of isolated REM sleep behavior disorder
Type 2 diabetes mellitus,may be associated with,onset of isolated REM sleep behavior disorder
type 2 diabetes mellitus,may increase the risk of,osteoporosis
type 2 diabetes mellitus,causal relationship between,osteoporosis
Type 2 diabetes mellitus,is associated with,osteoporosis
Type 2 diabetes mellitus,has an impact on,osteoporosis
type 2 diabetes mellitus,has robust causal relationship with,osteoporosis
type 2 diabetes mellitus,has causal relationship with,osteoporosis
type 2 diabetes mellitus,causal relationship with,osteoporosis
Type 2 diabetes mellitus,is associated with,other
Type 2 diabetes mellitus,is associated with,other factors
Type 2 diabetes mellitus,is associated with,oxidative stress
Type 2 diabetes mellitus,is caused by,oxidative stress
Type 2 diabetes mellitus,has main cause,oxidative stress and insulin resistance
Type 2 diabetes mellitus,impacts,PaCa
type 2 diabetes mellitus,causal relationship between,pancreatic cancer
type 2 diabetes mellitus,associated with,pancreatic β-cell function
Type 2 diabetes mellitus,is associated with,pancreatic β-cell function
Type 2 diabetes mellitus,impact on,Parkinson's disease insulin resistance
type 2 diabetes mellitus,associated with,pathologies
type 2 diabetes mellitus,has a significant impact on,patients' ability to reverse it
type 2 diabetes mellitus,has potential causal association with,PE
type 2 diabetes mellitus,is associated with,peripheric glycemia
Type 2 Diabetes Mellitus,is associated with,physiological indicators
Type 2 Diabetes Mellitus,has an influence on,physiological indicators
Type 2 diabetes mellitus,may be associated with,POAG
Type 2 diabetes mellitus,is associated with,POAG
Type 2 diabetes mellitus,is associated with,Postherpetic neuralgia
type 2 diabetes mellitus,involves,potential modifiable risk factors
Type 2 diabetes mellitus,exacerbates,pre-existing symptoms
Type 2 diabetes mellitus,exacerbate,pre-existing symptoms
type 2 diabetes mellitus,had a positive causal link to,preeclampsia
type 2 diabetes mellitus,positive causal link to,preeclampsia
Type 2 diabetes mellitus,impact of,presentation in Primary hyperaldosteronism
Type 2 diabetes mellitus,influenced,presentation of PH
Type 2 diabetes mellitus,no evidence of causal effect of,primary biliary cirrhosis
Type 2 diabetes mellitus,causal effect on,primary biliary cirrhosis
Type 2 diabetes mellitus,has significant prevalence in,Primary hyperaldosteronism
Type 2 diabetes mellitus,associated with,Primary hyperaldosteronism
Type 2 diabetes mellitus,impact on,Primary hyperaldosteronism
Type 2 diabetes mellitus,is considered a,putative causal risk factor for coronary artery disease
Type 2 diabetes mellitus,is considered,putative causal risk factor for coronary artery disease
Type 2 diabetes mellitus,is characterized by,Qi and Yin deficiency
Type 2 Diabetes Mellitus,is associated with,quality of life
Type 2 Diabetes Mellitus,has an influence on,quality of life
Type 2 Diabetes Mellitus,has major impact on,quality of life quality of life in particular
Type 2 Diabetes Mellitus,leads to,reduced HDL cholesterol
Type 2 Diabetes Mellitus,contributes to,reduced HDL cholesterol
Type 2 diabetes mellitus,is associated with,reduced risk of colorectal cancer
Type 2 diabetes mellitus,is associated with,reduced risk of esophageal cancer
Type 2 diabetes mellitus,is associated with,reduced risk of gastric cancer
type 2 diabetes mellitus,may be associated with,reduced risk of gastric cancer
Type 2 diabetes mellitus,is associated with,reduced risk of hepatocellular carcinoma
type 2 diabetes mellitus,associated with,Retinol binding protein 4 levels
Type 2 diabetes mellitus,is associated with,Retinol binding protein 4 levels
Type 2 diabetes mellitus,is being predicted,risk
type 2 diabetes mellitus,causal relationship between,risk of hypertrophic scars
Type 2 Diabetes Mellitus,does not directly impact,sd LDL levels
Type 2 Diabetes Mellitus,is associated with,self-care behaviors
Type 2 Diabetes Mellitus,has an influence on,self-care behaviors
type 2 diabetes mellitus,is a leading cause of,severe complications
Type 2 diabetes mellitus,is a leading cause of,severe complications
Type 2 diabetes mellitus,lead to,significant changes in therapeutic approaches for schizophrenia
Type 2 diabetes mellitus,leads to,significant changes in therapeutic approaches for schizophrenia
Type 2 diabetes mellitus,leads to,significant morbidity and mortality
type 2 diabetes mellitus,complicated,stroke
Type 2 diabetes mellitus,possibly causes,sympatho-vagal imbalance
Type 2 diabetes mellitus,causes,sympatho-vagal imbalance
Type 2 diabetes mellitus,is associated with,the other
Type 2 diabetes mellitus,reduces,the risk of frailty
Type 2 diabetes mellitus,is associated with,Type 2 diabetes mellitus
Type 2 diabetes mellitus,had a potential causal relationship with,Type 2 diabetes mellitus
type 2 diabetes mellitus,was associated with,type 2 diabetic nephropathy
Type 2 diabetes mellitus,had a negative causal relationship with,Ulcerative colitis
Type 2 diabetes mellitus,has a negative causal effect on,Ulcerative colitis
Type 2 Diabetes mellitus,is associated with,various chronic inflammatory conditions
Type 2 diabetes mellitus,associated with,vascular and valvular calcifications
Type 2 diabetes mellitus,leads to,worsening complications
Type 2 diabetes mellitus,tends to lead to,worsening complications
Type 2 diabetes mellitus,tends to cause,worsening complications
type 2 diabetes mellitus,causes,worsening complications
Type 2 diabetes mellitus,tends to cause,worsening neurological complications
Type 2 diabetes mellitus (T2DM),is closely associated with,Alzheimer's disease (AD)
type 2 diabetes mellitus (T2DM),causal relationship is to be proven between,another condition
Type 2 diabetes mellitus (T2DM),is associated with,another condition
type 2 diabetes mellitus (T2DM),is associated with,another condition
Type 2 diabetes mellitus (T2DM),is a result of,Cardiovascular disease (CVD)
Type 2 diabetes mellitus (T2DM),caused by,deficiencies in the action of insulin and/or insulin production
Type 2 Diabetes Mellitus (T2DM),can lead to,development of pathologies
type 2 diabetes mellitus (T2DM),associated with,different Insulin availability
Type 2 Diabetes mellitus (T2DM),is associated with,different risk than Type 1 Diabetes mellitus (T1DM) for OLP
Type 2 diabetes mellitus (T2DM),is characterized by,elevation of blood glucose levels
type 2 diabetes mellitus (T2DM),has causal link with,gastric cancer incidence
Type 2 Diabetes Mellitus (T2DM),relationship between,Glioblastoma (GBM)
Type 2 Diabetes Mellitus (T2DM),remains controversial,Glioblastoma (GBM)
Type 2 Diabetes Mellitus (T2DM),prevalence of,globally
Type 2 Diabetes Mellitus (T2DM),rises,globally
type 2 diabetes mellitus (T2DM),causal relationship with,hemiplegia
type 2 diabetes mellitus (T2DM),is causal relationship with,hemiplegia
Type 2 Diabetes mellitus (T2DM),is associated with,increased risk of OLP
Type 2 diabetes mellitus (T2DM),associated with,inflammation
Type 2 diabetes mellitus (T2DM),is caused by,initial insulin resistance (IR)
Type 2 diabetes mellitus (T2DM),is characterized by,insulin resistance
Type 2 diabetes mellitus (T2DM),may be caused by,Mycobacterium tuberculosis (Mtb) infection
Type 2 Diabetes Mellitus (T2DM),can lead to,obesity
type 2 diabetes mellitus (T2DM),does not seem to be associated with,osteoporosis risk
Type 2 diabetes mellitus (T2DM),adversely impacts,patient health
Type 2 Diabetes mellitus (T2DM),share common risk factors with,periodontitis
Type 2 Diabetes mellitus (T2DM),influence,periodontitis
Type 2 diabetes mellitus (T2DM),stands as,prevalent global public health issue
type 2 diabetes mellitus (T2DM),can be impacted by,quadruple aims
type 2 diabetes mellitus (T2DM),causal relationship between,renal complication IVW
Type 2 diabetes mellitus (T2DM),were used in,the study
Type 2 diabetes mellitus (T2DM),were used as,the subjects
type 2 diabetes mellitus (T2DM),causal relationship is to be proven between,type 2 diabetes mellitus (T2DM)
Type 2 diabetes mellitus and inflammatory bowel disease,are associated with,epidemiological research
Type 2 diabetes mellitus complications,are the cause of,increased mortality
Type 2 diabetes mellitus complications,are the cause of,increased mortality rates
Type 2 diabetes mellitus complications,have led to,increased mortality rates
type 2 diabetes mellitus complications,caused,mortality rates increase
type 2 diabetes mellitus development,causes,condition
Type 2 Diabetes Mellitus Fasting Glucose,causal link between,increased risk of PUs
Type 2 Diabetes Mellitus Fasting Glucose,is a genetically predicted risk factor for,PUs
Type 2 diabetes mellitus genetically predicted from both sources,was associated with,increased risk of acute suppurative otitis media (ASOM)
Type 2 diabetes mellitus insulin,may be associated with,higher rates of POAG
type 2 diabetes mellitus insulin,may be associated with,higher rates of primary open-angle glaucoma surgery in POAG
"type 2 diabetes mellitus insulin treatment, FGF-4, and sulfhydryl oxidase 2",may be independently associated with,prevalence of pancreatic cancer
Type 2 diabetes mellitus neuropathology,was the underlying cause of,diabetes-related cognitive impairment
type 2 diabetes mellitus patients on SGLT2 inhibitors,no statistically significant difference in depression levels was found between,type 2 diabetes mellitus patients not on SGLT2 inhibitors
Type 2 diabetes mellitus polygenic risk score,predicts,transition of glucose tolerance stages
Type 2 diabetes mellitus polygenic risk score,can predict,transition of glucose tolerance stages from prediabetes to T2DM
type 2 diabetes mellitus proportion,increased,substantially
Type 2 diabetes mellitus proteins,were identified as,potentially causal Type 2 diabetes mellitus fitness
Type 2 diabetes mellitus proteins,were identified as,potentially causal Type 2 diabetes mellitus T2DM
Type 2 diabetes mellitus proteins,as potentially causal,Type 2 diabetes mellitus fitness
Type 2 diabetes mellitus proteins,as potentially causal,Type 2 diabetes mellitus T2DM
Type 2 diabetes mellitus rats,are associated with,augmented exercise pressor reflex
type 2 diabetes mellitus serum 25(OH)D levels,were associated with,decreased type 2 diabetes mellitus of T2DM
type 2 diabetes mellitus t2dm,is caused by,insulin resistance
Type 2 diabetes mellitus T2DM,has the same cause as,insulin resistance
Type 2 diabetes mellitus T2DM,is caused by,microRNAs expression
type 2 diabetes mellitus t2dm,is caused by,microRNAs expression
type 2 diabetes nephropathy,is a form of,diabetes mellitus
type 2 diabetes risk,is impacted by,nighttime light exposure
type 2 diabetes risk,is inversely associated with,oily fish intake
Type 2 diabetes risk,is inversely associated with,oily fish intake
Type 2 diabetic nephropathy,was associated with,body mass index
type 2 diabetic nephropathy,attributed to,high fasting plasma glucose
type 2 diabetic nephropathy,was associated with,type 2 diabetes mellitus
Type 2 DM,is characterized by,combination of insulin resistance and relative insulin shortage
Type 2 DM,would cause,coronary heart disease
Type 2 DM,is a type of,T2DM
Type 2 type 2 diabetes,causes,heart failure
Type II diabetes mellitus (T2DM),is associated with,risk of esophageal cancer (EC)
type of exercise and muscle fiber composition,were observed,no significant changes
Type-2 diabetes (T(2)DM),has been associated with,higher dementia risks
Type-2 diabetes (T2DM),is associated with,HbA1c
Type-2 Diabetes Mellitus (T2DM),relationship between,Post-Transplant Diabetes Mellitus (PTDM) physiopathology
Type-2 Diabetes Mellitus (T2DM),are related to,Post-Transplant Diabetes Mellitus (PTDM) physiopathology
UA,is associated with,obesity
UA,played a mediating role in,relationship FPG levels and BMD (L1-4)
UA,is due to its association with,T2DM
UC,was causal,diabetes
UC,relationship with,diabetes
UC,causal relationship between,diabetes
UC,related to,diabetes
UC,in a causal manner,diabetes
UCHL3 gene,is associated with,diabetic retinopathy risk
UCHL3 gene,associated with,diabetic retinopathy risk
ultra-processed foods,have been associated with,negative health outcomes
ultra-processed foods,have been associated with,negative health outcomes globally
Unadjusted Kaplan-Meier analysis,showed that,incidences of all-cause death were significantly lower in the HbA1c < 7.0 % group than in the HbA1c ≥ 7.0 % group
unadjusted regression analyses,significantly increased the risk of,elevated AHI
uncertain confounding factors,due to,controversy
uncertainty in the model,impact of,assessed
unclear effect,on,association between HDL-C and BMD
unclear impact,on,association between HDL-C and BMD
unclear liver gene expression,is due to,impact of omega-3 polyunsaturated fatty acids
unclear liver gene expression,is due to,impact of omega-3 polyunsaturated fatty acids on liver gene expression
unclear liver gene expression,is due to,omega-3 polyunsaturated fatty acids
uncontrolled and uncertain confounding factors,caused,controversy
uncontrolled confounding factors,due to,controversy
underestimation,increased,risk of cardiovascular and peripheral neuropathy complications
underlying biological mechanisms,between,T2DM and IBD/UC
understanding the risk factors,associated with,non-alcoholic fatty liver disease
understanding the risk factors associated with non-alcoholic fatty liver disease,is crucial for,preventing and treating metabolic alterations
undiagnosed individuals,may result in,prolonged period of untreated hyperglycaemia
undiagnosed individuals,represents,significant burden on our healthcare system
unexpected behaviors,cause of,genetically conditioned overproduction of IL-6
unexpected behaviors,are caused by,overproduction of IL-6
unhealthy dietary habits,contribute to,T2DM
Univariable Mendelian randomization,utilized to disentangle,causal effects
Univariable Mendelian randomization,genetically predisposed,serum alanine aminotransferase level increase per standard deviation
Univariable MR analyses,identified,causal relationships
univariate and multivariable MR analyses,were conducted to evaluate,causal associations
Univariate Mendelian randomization analyses,demonstrated that,higher genetically predicted chronotype
unmet basic needs,result in,financial instability
up-regulation of platelet glycogen synthase kinase-3β,was associated with,cognitive decline in type 2 diabetes mellitus patients
upregulation of chronic inflammatory markers,is caused by,increasing ROS formation
upregulation of GLUT1 mRNA,is associated with,increased glucose uptake
upregulation of glycogen synthase kinase-3β,is caused by,ApoE ε4-enhanced cognitive impairment
uric acid,increases,genetically predicted
uridine,is the cause of,link between SGLT2 inhibition and prostate cancer
uridine,causes,link between SGLT2 inhibition and prostate cancer
urine samples,determined in,data
Urokinase-type plasminogen activator levels,are associated with,increased risk of T2DM
ursolic acid,due to,neuroprotective effect
ursolic acid,is considered as,potential therapy for diabetic cognitive impairment
use of alpha-glucosidase inhibitors,is associated with,lower all-cause mortality
use of an SGLT2i,will lead to,identification of novel pathways for future intervention
use of computerized insulin order sets,did not increase the risk of,hyperglycemia or hypoglycemia
use of computerized insulin order sets,was associated with,improvements in glycemic control
use of computerized insulin order sets,was not associated with,increased risk of hyperglycemia or hypoglycemia
use of computerized insulin order sets,was associated with,potential improvements in glycemic control
use of computerized insulin order sets,was associated with,potential improvements in random and fasting glycemic control
use of computerized insulin order sets,did not increase,risk of hyperglycemia or hypoglycemia
use of e-cigarettes,associated with,negative health effects
use of glucocorticoids,is associated with,increased risk of iridocyclitis
use of semaglutide,led to,significant decrease in pro-inflammatory cytokines in patients serum (IL6)
use of SGLT2 inhibitors,can lead to,EDKA
use of SGLT2i,is associated with,increased risk of Euglycemic diabetic ketoacidosis
use of sodium/glucose cotransporter-2 inhibitors (SGLT2i) in people with T2DM-AMI,is associated with,decreased inflammatory burden
use of sodium/glucose cotransporter-2 inhibitors (SGLT2i) in people with T2DM-AMI,is associated with,improved cardiorenal outcomes
use of traditional cigarettes,associated with,negative health effects
usual care,compared with,"insulin, tirzepatide, and DPP4 inhibitors"
Validate,each triple,meaningful semantic information
validate,that each,triple captures meaningful semantic information
validate triples,capture,meaningful semantic information
validated cardiovascular risk models,remains,remains underexplored
validated cardiovascular risk models,remains,underexplored
validation,requires,confirmation from a larger cohort
value,was for,all-cause mortality
value,was for,congestive heart failure
value,was for,major adverse cardiovascular events MACEs
value,was for,major coronary heart disease events
vanillic acid glycine,plays a mediator in,causal relationship between T2DM and AD
variables,associated with,development of stroke
variables,could influence,their metabolic profile
variant PFKP,was associated with,variant rs3814591
variant rs12132135,was associated with,variant SLC45 A1
variant rs3814591,was associated with,PFKP
variant rs3814591,was associated with,variant PFKP
variant SLC2 A9,was associated with,elevated insulin and HOMA-IR
variant SLC2 A9,was associated with,variant SLC2 A9
variants,are associated with,incidence of type 2 diabetes mellitus combined with coronary heart disease
variants,contribute to,metabolic risk
variants,may contribute to,metabolic risk
variants at the locus of rs11569562,may be closely associated with,Activated Partial Thromboplastin Time
variants at the locus of rs11569562,may be closely associated with,Aspartate Aminotransferase
variants at the locus of rs11569562,may be closely associated with,AST/ALT levels
variants at the locus of rs11569562,may be closely associated with,lipoprotein a
variants of genes,encoding,seven lipid-related drug targets
variants PFKP,associated with,rs12132135
variants PFKP,associated with,rs3814591
variants SLC2 A9,associated with,rs12132135
variants SLC2 A9,associated with,rs3814591
variants SLC45 A1,associated with,rs12132135
variants SLC45 A1,associated with,rs3814591
various antihypertensive drug target genes,potential impact of,T2DM and its complications
various complications,can lead to,this condition
various factors,including,baseline blood glucose levels
various factors,including,exercise intensity
various factors,including,patient's age
various factors,due to,patients are hesitant to use insulin
VAT PI3K,was positively associated with,hyperinsulinemia
VAT PI3K,was positively associated with,Insulin resistance
vehicle,was administered as,control
vehicle or 10 mg/kg body weight sulforaphane,was administered,every other day for 16 weeks
verbal memory,was predicted by,concentrations of multiple sEH substrates
verbal memory,was predicted by,depressive symptoms
"verbs, prepositions, semantic meaning",based on,relationships
very low certainty,due to,between-study heterogeneity
very low certainty,due to,within-study bias
very-low-calorie ketogenic diet,compared to,MD
very-low-calorie ketogenic diet,had a more beneficial impact than,Mediterranean diet
very-low-calorie ketogenic diet,had,more beneficial impact on gut microbiota phenotype
very-low-calorie ketogenic diet,on,several variables
viral illness,include,causes
visceral adipose tissue,was significantly positively associated with,cholesterol
visceral adipose tissue,was significantly positively associated with,fasting blood glucose
Vitamin D,influences,adaptive immunity
Vitamin D,played a mediating role in,association between all-cause mortality and cardiovascular mortality
vitamin D,contribute to,decreasing the risk of developing T2DM
vitamin D,contribute to,decreasing the risk of progressing T2DM
Vitamin D,influences,innate immunity
Vitamin D,may influence,insulin sensitivity
Vitamin D deficiency,increases the risk of,developing chronic diseases
Vitamin D deficiency,might increase the risk of,progression of T2DM
vitamin D deficiency,contributes to,progression of type 2 diabetes mellitus
vitamin D levels,are associated with,HbA1c
Vitamin D levels,are associated with,HbA1c levels in patients with T2DM
Vitamin D levels,are associated with,progression of diabetic nephropathy
vitamin D status,is associated with,prolactin
Vitamin D supplementation,has impact on,glycemic control in T2DM
Vitamin D supplementation,influenced,hemoglobin A1c levels
Vitamin D supplementation,influenced,parathormone levels
Vitamin D supplementation,influenced,serum calcium levels
Vitamin E,is an independent influencing factor for,homeostasis model assessment method in type 2 diabetes mellitus patients
Vitamin E,was an independent influencing factor for,insulin resistance in type 2 diabetes mellitus patients
vitamins,are associated with,type 2 diabetes mellitus
"vitamins B6, B9, B12, C and 25-hydroxyvitamin D[25(OH)D] concentrations",were associated with,type 2 type 2 diabetes mellitus (T2DM)
vitiligo,is associated with,dysglycemic measures
VO(2max) improvements,were closely associated with,reductions in BMI and HbA1c
VOC exposures,have an impact on,health
VOC exposures,have an impact on,metabolic health
waist circumference,was associated with,body mass index
waist circumference,has causal relationship with,increased risk of liver cancer
waist circumference,was associated with,increased risk of liver cancer
waist circumference,associated with,increased risk of type 2 diabetes
waist circumference,was favourably influenced,intervention group
waist circumstance,could increase,risk of AA
walking pace,positive causal association between,leukocyte telomere length
WC,associated with,body mass index
weight gain,is associated with,therapies
weight loss,was mainly due to,visceral fat
Weight-adjusted waist index,predicted,Albuminuria
weight-adjusted waist index,is associated with,albuminuria
Weight-adjusted waist index,had,area under the curve of 0.605
weighted Cox proportional hazard models,constructed to investigate,relationship of T2DM with all-cause mortality
weighted median methods,were used to examine,causal association between gm and the onset of t2dm
well-designed clinical trials,are needed to evaluate,impacts of Glucagon-like peptide-1 receptor agonists on Type 2 diabetes mellitus
white blood cell,were identified as mediators of,GV and 1-year all-cause mortality
WHO stages II and III HIV disease,were inversely associated with,Hypertension alone
WHO stages II and III HIV disease,compared to,stage I
wholewheat diets,were associated with,upregulated gene expression
widespread adoption of social media,has led to,increase in cyberbullying
withdrawal after years,causes to reverse,symptoms
withdrawal after years,causes,symptoms to reverse
withdrawal of Glucagon-like receptor agonist,caused by,symptoms
withdrawal of Glucagon-like receptor agonist,caused,symptoms
withdrawal symptoms,caused by,withdrawal
withdrawal symptoms,are reversed after,withdrawal period
"WMD, - 0.70, 95% CI - 1.94 to 0.53, and P = 0.26",were used as the,criteria
women,had,GDM
women,were complicated with,GDM
women,were diagnosed with,GDM
women,were diagnosed with,gestational diabetes mellitus
women,were diagnosed,in time
women,were selected for,study
women,delivered at,study hospitals
women,were selected for,the study
women with gestational diabetes mellitus,are not aware of,their status after the pregnancy
women with gestational diabetes mellitus status,may be in part due to,low postnatal diabetes screening rates
worsening complications,occur over,time
worsening of systemic insulin resistance,is caused by,chemical and immunological mediators released into the circulation
X-21829,has strong causal association with,T2DM
xCT/GPX4 pathway,was associated with,expression of certain factors
xCT/GPX4 pathway,is activated by,Plantamajoside
xCT/GPX4 pathway,activated by,Plantamajoside
XGBoost,used to,predict blood glucose levels
XGBoost,used in,time series analysis and forecasting
XGBoost prediction model,demonstrated,negative predictive value of 0.820
XGBoost prediction model,demonstrated,positive predictive value of 0.818
XGBoost-SHAP framework,proves to be,effective
XGBoost-SHAP framework,for predicting,impact of inulin intervention in type 2 diabetes mellitus treatment
yoga intervention,impact on,physical and mental health of adults with type 2 diabetes
young-onset T2DM patients in China,had,higher risk of all-cause mortality
younger individuals,showed,stronger association with all-cause mortality
youth-onset type 2 diabetes mellitus (T2DM),influenced by,increase in obesity
zinc supplementation,causes,favorable changes in lipid profiles
Zinc supplementation,contributes to,favorable changes in lipid profiles
Zinc supplementation,contributes to,improved glycemic control
Zinc supplementation,leads to,improved glycemic control
Zinc supplementation,has a positive impact on,lipid profiles
Zinc supplementation,has a beneficial impact on,Type 2 Diabetes mellitus
Zinc transporter 8,is associated with,type 2 diabetes mellitus