E1,Relation,E2
glucose and insulin loading,cause,transient increase of plasma amyloid β
transient increase of plasma amyloid β,in,mice and humans
Previous reports,have shown,that glucose and insulin loading cause a transient increase of plasma amyloid β in mice and humans
clinical phenotypes,associated with,insulin resistance
insulin resistance,possibly represent,true clinical models for brain and systemic aging
"kainic acid (KA, 5 mg/kg, s.c) injection",led to,significant increase in firing rate
"kainic acid (KA, 5 mg/kg, s.c) injection",led to,significant increase in amplitude of extracellular field potentials
"kainic acid (KA, 5 mg/kg, s.c) injection",led to,significant increase in PSDs of high frequency brain waves
"significant increase in firing rate, amplitude of extracellular field potentials and PSDs of high frequency brain waves",occurred in,control mice
insulin resistance-induced autophagosome accumulation,resulted in,alteration of amyloid precursor protein
alteration of amyloid precursor protein,through,enrichment of secretase proteins in autophagosomes
this study,aimed to examine,causal association of glycemic traits with Alzheimer's disease
two-sample Mendelian randomization approach,used to,evaluate the causal effect of six glycemic traits on Alzheimer's disease
six glycemic traits,include,"type 2 diabetes, fasting glucose, fasting insulin, hemoglobin A1c, homeostasis model assessment- insulin resistance and HOMA-β-cell function"
six glycemic traits,evaluated the causal effect on,Alzheimer's disease
Alzheimer disease,is a,chronic neurodegenerative disease
Alzheimer disease,accounts for,60-70% of dementia
Alzheimer disease,is the,sixth leading cause of death in the United States
pharmacologic approaches,to,Alzheimer disease associated with insulin resistance
insulin-like growth factor,influences,cognitive functions
"insulin sensitizers like metformin, thiazolidines",have resulted in,improvements in cognitive functions
improvements in cognitive functions,mainly in,animal experiments
APOEɛ4 carriers,was associated with,higher Insulin resistance
higher Insulin resistance,was associated with,higher P-Tau181
higher Insulin resistance,was associated with,higher T-Tau
Insulin resistance,was associated with,higher P-Tau181 and T-Tau
Insulin resistance,was associated with,asymptomatic APOEɛ4 carriers
asymptomatic APOEɛ4 carriers,was associated with,late-middle age
T2DM,causes,AD-type neurodegeneration
this study,assesses,degree to which T2DM causes AD-type neurodegeneration
High fat diet,feeding for 16 weeks,doubled mean body weight
High fat diet feeding for 16 weeks,caused,Type 2 diabetes mellitus
High fat diet feeding for 16 weeks,marginally reduced,mean brain weight
insulin resistance,predicts,cognitive decline
insulin resistance,predicts,memory domain decline
blood glucose elevation,not sole predictor of,cognitive decline
persons with prediabetes,experience,cognitive decline
results of 26 datasets,showed,no causal relationship between T2DM and AD
vanillic acid glycine,plays a mediator in,causal relationship between T2DM and AD
HOMA-IR,was not significantly associated with,tau PET SUVR
diabetic status,was not significantly associated with,tau PET SUVR
growing evidence,supports,hypothesis that type 2 type 2 diabetes (T2D) increases the risk of developing dementia
reduced circulatory APN level,is associated with,insulin resistance
reduced circulatory APN level,is associated with,T2DM
genetic variation in sulfonylurea targets,was associated with,lower risk of AD
lower risk of AD,had,odds ratio of 0.38 per 1 mmol/L decrement in blood glucose
lower risk of AD,had,95% CI of 0.19-0.72
lower risk of AD,had,p-value of 0.0034
Alzheimer's disease,is the most common cause of,dementia in the elderly population
brain AChE,was activated and associated with,diminished brain glucose level and cholinergic function
brain insulin,has been associated with,brain disorders
brain disorders,include,Alzheimer's disease
brain disorders,include,obsessive compulsive disorder
brain disorders,include,attention deficit hyperactivity disorder
insulin resistance,influence on,brain glucose metabolism
insulin resistance,influence on,grey matter volume
insulin resistance,influence on,white matter lesions (WMLs)
non-diabetic Alzheimer's disease subjects,evaluated,"influence of insulin resistance on brain glucose metabolism, grey matter volume and white matter lesions (WMLs)"
impaired insulin signalling,contribute to,Alzheimer's disease
introduction of pioglitazone,led to,significant reduction in tau phosphorylation at the Ser202/Thr205 epitope
pioglitazone introduction,in,HFD animals
tau phosphorylation at the Ser202/Thr205 epitope,in,APOEε3 transgene APOEε3 animals
increasing baseline BBM levels,were not associated with,cognitive composite z score
clinical and animal model studies,suggest that,memory improvements
memory improvements,are due to,changes in insulin levels
alterations in insulin/IGF-1 signaling,could lead to,mitochondrial dysfunction
alterations in insulin/IGF-1 signaling,could lead to,low antioxidant capacity of the cell
DM,in,alterations in insulin/IGF-1 signaling
gut microbiota features,have been associated with,several chronic diseases
gut microbiota features,have been associated with,longevity
longevity,in,preclinical models
longevity,in,observational studies
TWD,led to,obesity
TWD,led to,diabetic phenotype
TWD,in,all mice
all mice,regardless of,genetic background
Parkinson's disease (PD),is,common neurodegenerative disorder
Parkinson's disease (PD),caused by,progressive loss of dopaminergic neurons in the substantia nigra
Parkinson's disease (PD),caused by,presence of Lewy bodies
adiposity,is associated with,pro-inflammatory phenotype
general anesthetics,can induce,cognitive impairments
general anesthetics,increase the risk of,Alzheimer's disease (AD)
researchers or authors of the study findings,show,hippocampal insulin resistance and tau hyperphosphorylation
hippocampal insulin resistance and tau hyperphosphorylation,contribute to,acute isoflurane-induced cognitive dysfunction
Apolipoprotein E epsilon 4,was associated with,increased risks of cognitive impairment
Apolipoprotein E epsilon 4,was associated with,olfactory dysfunction
dementia,is,a devastating disease
dementia,associated with,aging
age,adjusting for,T2DM
sex,adjusting for,T2DM
total intracranial volume,adjusting for,T2DM
APO ε4 status,adjusting for,T2DM
cognitive diagnosis,adjusting for,T2DM
T2DM,associated with,lower bilateral frontal and parietal cortical thickness (mL)
T2DM,was not associated with,11C Pittsburgh compound B standardized uptake value ratio (AU) in any brain region
T2DM,was not associated with,CSF Aβ42 levels (pg/mL)
T2DM,was associated with,greater CSF total tau (pg/mL)
T2DM,was associated with,phosphorylated tau
Two-sample Mendelian randomization (MR),was used to infer,causal effect of risk factors on the AD phenome
PRS for increased education,were associated with,reduced risk for AD
PRS for diastolic blood pressure,were associated with,reduced risk for AD
education,was causally associated with,reduced risk of AD
education,was causally associated with,delayed AAOS
education,was causally associated with,increased cortical surface area and thickness
diastolic blood pressure,are causally associated with,increased risk of VBI
pulse pressure,are causally associated with,increased risk of VBI
loss of this metabolic regulation,has been proposed to be,contributor to memory dysfunction associated with neurodegeneration
Type 2 diabetes mellitus (T2DM),characterized by,insulin resistance
Type 2 diabetes mellitus (T2DM),is closely associated with,Alzheimer's disease (AD)
disturbances in brain insulin signaling mechanisms,may contribute to,"molecular, biochemical, and histopathological lesions in AD"
glucose treatment,of,rat embryonic cortical neurons
glucose treatment of rat embryonic cortical neurons,results in,concentration-dependent apoptosis
glucose treatment of rat embryonic cortical neurons,results in,caspase-3 activation
type 2 diabetes,is associated with,increased risk of all-cause dementia
pathological processes,lead to,neuronal loss
pathological processes,lead to,brain atrophy
pathological processes,lead to,gliosis
"neuronal loss, brain atrophy, and gliosis",culminating in,neurodegeneration
neurodegeneration,fueling,AD
Alzheimer's disease biomarkers,associated with,Blood brain barrier permeability
vascular factors,associated with,Blood brain barrier permeability
IVW method,demonstrated that,T2DM is causally associated with risk of AD
T2DM,is causally associated with,risk of AD
T2DM,has causal link to,risk of AD
Mendelian Randomization (MR) studies,have reported that,type 2 diabetes (T2D) was not associated with Alzheimer disease (AD)
LRP1 deficiency,leads to,impaired insulin signaling
LRP1 deficiency,leads to,reduced levels of glucose transporters GLUT3 and GLUT4
Type 2 (T2) diabetes mellitus (DM),has been associated with,increased incidence of neurodegenerative disorders
increased incidence of neurodegenerative disorders,including,Alzheimer's disease (AD)
glucose metabolism,associated with,tau biomarkers in population settings
DM,associated with,tau biomarkers in population settings
low water T(2) values,were associated with,increases in the mean concentrations of 6 of the 16 most abundant acute phase proteins and lipoproteins in plasma
type 2 diabetes mellitus,is being associated with,cognition dysfunction
per-unit increase in copper,is associated with,0.87-fold increase in the risk of AD
per-unit increase in copper,is associated with,0.87-fold increase in the risk of BD
sensitivity analysis,in,causal estimation
causal estimation,is not affected by,pleiotropy
ApoJ levels,were associated with,HOMA-IR
ApoJ levels,were associated with,age
ApoJ levels,were associated with,sex
ApoJ levels,were associated with,BMI
change in ApoJ levels,was inversely associated with,change in GDR
ApoJ content,was inversely associated with,HOMA-IR
JASPAR,was based to predict,interaction between NeuroD1 and the promoter region of Ins2
cross-sectional studies,suggest that,glucose fluctuations are associated with impairment of cognitive function
glucose fluctuations,are associated with,impairment of cognitive function
diabetes,is,cardiovascular risk factor (CvRF)
diabetes,associated with,cognition
total cholesterol,is not consistently associated with,cognition
Interleukin-6,are,inflammatory markers
C-reactive protein,are,inflammatory markers
inflammatory markers,associated with,cognition
insulin resistance,associated with,cognitive impairment
insulin resistance,associated with,Alzheimer's disease
insulin resistance,associated with,vascular dementia
type 2 diabetes mellitus,associated with,cognitive impairment
type 2 diabetes mellitus,associated with,Alzheimer's disease
type 2 diabetes mellitus,associated with,vascular dementia
deletion of Sorcs1,from,APP/PSEN1 mutant APP/PSEN1 mutant mice
deletion of Sorcs1 from APP/PSEN1 mutant APP/PSEN1 mutant mice,led to,no obvious changes in brain levels of total or oligomeric amyloid-beta (Aβ) peptide
Diabetes,increases the risk of,Alzheimer's disease (AD)
activation of JNK,may contribute to,increased phospho-tau in the db/db mice
Aging,associated with,increased risk of dementia
poor glycemic control,associated with,increased risk of dementia
hypoglycemia and hyperglycemic episodes,associated with,increased risk of dementia
depression,associated with,increased risk of dementia
vascular complications,associated with,increased risk of dementia
Mendelian randomization,uses,genetic instruments
genetic instruments,to test,causal relationships in observational data
hypoglycaemia,was significantly associated with,49% higher risks of all-cause dementia
hypoglycaemia,was significantly associated with,31% higher risks of AD
Type 2 diabetes mellitus,increases the risk for,Alzheimer's disease
Type 2 diabetes mellitus,increases the risk by approximately,twofold
glucagon-like peptide 1 (GLP-1) agonists,have been associated with,decreased risk for Alzheimer's disease
glucagon-like peptide 1 (GLP-1) agonists,have been associated with,patients Type 2 diabetes mellitus T2DM
circulating branched-chain amino acids (BCAAs),are associated with,T2D
lower early insulin response to glucose load,predicted,lower performance
lower early insulin response to glucose load,predicted,greater decline in the word-list delayed recall test
T1DM,appeared to be associated with,reduced risk of genetic susceptibility to PD
reduced risk of genetic susceptibility to PD,IVW: OR =,"0.958, 95% CI: 0.928-0.989, p = 0.001"
our analysis,found,no indications of the results being influenced by horizontal pleiotropy
Glucagon-like peptide-1 receptor agonist users,were associated with,26% lower risk of Alzheimer's disease and related Alzheimer's disease and related dementias (ADRD)
Glucagon-like peptide-1 receptor agonist users,were associated with,other glucose-lowering drugs users
present MR study,indicated,significant inverse associations of genetically predicted Appendicular lean mass with any ischemic stroke
genetically predicted Appendicular lean mass,associated inversely with,any ischemic stroke
genetically predicted Appendicular lean mass,associated inversely with,AD
two-sample MR analysis,indicated that,genetically predicted Appendicular lean mass was negatively related to AIS and AD
diabetes,results in,diverse molecular changes in the brain
diverse molecular changes in the brain,including,dysregulation of glucose metabolism
diverse molecular changes in the brain,including,loss of cerebrovascular homeostasis
Alzheimer's disease (AD),is,degenerative brain disease
Alzheimer's disease (AD),is the most common cause of,dementia
aging,is associated with,Alzheimer's disease
aging,is associated with,obesity
aging,is associated with,type 2 diabetes (T2DM)
Type 2 diabetes mellitus DM (T2DM),is associated with,"70% increased risk for dementia, including Alzheimer's disease (AD)"
chicken intake,following,paracetamol-glucuronide
paracetamol-glucuronide,was positively associated with,fullness
Type 2 diabetes (T2DM),is caused by,interaction of multiple genes and environmental factors
Aβ inhibitors,not all classes of are,effective against IAPP
hyperglycemia,associated with,cerebral glucose hypometabolism
diabetes,associated with,cerebral glucose hypometabolism
insulin resistance,associated with,cerebral glucose hypometabolism
cerebral glucose hypometabolism,compared to,AD
insulin resistance,causes,diminished glucose uptake in similar regions of the brain in Alzheimer's disease (AD) and type 2 diabetes mellitus (DM2)
inflammation,lead to,dissolution of synapses
subsequent damage to mitochondria,lead to,dissolution of synapses
potent HN analog,had effects on,GSIS
effects of potent HN analog on GSIS,were,dose dependent
effects of potent HN analog on GSIS,were,K-ATP channel independent
effects of potent HN analog on GSIS,were associated with,enhanced glucose metabolism
poor lifestyle,are some of the major risk factors that contribute to,cognitive and memory impairments in diabetic patients
age,are some of the major risk factors that contribute to,cognitive and memory impairments in diabetic patients
hyperglycemia,are some of the major risk factors that contribute to,cognitive and memory impairments in diabetic patients
hypercholesterolemia,are some of the major risk factors that contribute to,cognitive and memory impairments in diabetic patients
inflammation,are some of the major risk factors that contribute to,cognitive and memory impairments in diabetic patients
postnatal ad libitum caloric intake,superimposed on,intrauterine growth restriction (IUGR)
postnatal ad libitum caloric intake superimposed on intrauterine growth restriction (IUGR),is associated with,adult-onset obesity
postnatal ad libitum caloric intake superimposed on intrauterine growth restriction (IUGR),is associated with,insulin resistance
postnatal ad libitum caloric intake superimposed on intrauterine growth restriction (IUGR),is associated with,type 2 diabetes mellitus (T2DM)
vascular risk factors,such as,type 2 diabetes mellitus (T2DM)
vascular risk factors,are associated with,increased risk of Alzheimer's disease
changes in the intestinal microbiota,may influence,host's sensitivity to insulin
changes in the intestinal microbiota,may influence,host weight
changes in the intestinal microbiota,may influence,lipid metabolism
changes in the intestinal microbiota,may influence,carbohydrate metabolism
dysbiosis,causes,activation of proinflammatory mechanisms
dysbiosis,causes,metabolic toxicity
dysbiosis,causes,insulin resistance
Aβ neurotoxicity,causes,oxidative stress
Aβ neurotoxicity,causes,inflammation
Aβ neurotoxicity,causes,mitochondrial damage
"oxidative stress, inflammation and mitochondrial damage",resulting in,neuronal degeneration and death
people with no diabetes,compared to,people with T2DM with T2DM
people with T2DM with T2DM,had increased risk of,all-cause dementia
patients with T2DM using insulin,had higher risk of,all-cause dementia
patients without insulin,had higher risk of,all-cause dementia
RHR (95%CI),of,1.54 (1.00-2.37)
people with complications,had,"doubled risk of all-cause dementia, AD and VD"
stress,is identified as,potential risk factor
potential risk factor,promoting,abdominal obesity
potential risk factor,contributing to,impaired cognitive function
interventions targeting mid-life obesity,may prove beneficial in,reducing the cognitive risks associated with obesity
these mechanisms,could also cause,cognitive impairment
changes in plasma glucose levels,have been associated with,altered blood-brain barrier transport functions
altered blood-brain barrier transport functions,include,glucose
altered blood-brain barrier transport functions,include,insulin
altered blood-brain barrier transport functions,include,choline
altered blood-brain barrier transport functions,include,amino acids
upregulation and activation of the receptor for advanced glycation end products (RAGE),have a potential causal role for,last two
pharmaceutical advancement,in,Type 2 diabetes mellitus treatment
pharmaceutical advancement in Type 2 diabetes mellitus treatment,has resulted in,availability of a wide range of antidiabetics
meta-analysis of seven longitudinal studies,showed,glitazones were associated with reduced dementia risk
glitazones,had,"n = 1,081,519, RR = 0.78[0.76, 0.81], I(2)= 0%"
antidiabetic drug metformin,effect of,patients enrolled in the ADNI study
patients enrolled in the ADNI study,considering,patients with mild cognitive impairment (MCI) due to Alzheimer's disease (AD)
aberrant insulin signaling,has been implicated in,cognitive decline associated with type 2 diabetes mellitus
aberrant adipokine signaling,has been implicated in,cognitive decline associated with type 2 diabetes mellitus
aberrant insulin signaling,has been implicated in,cognitive decline associated with neurodegenerative diseases
aberrant adipokine signaling,has been implicated in,cognitive decline associated with neurodegenerative diseases
our results,warrant,further studies to elucidate the underlying mechanisms of the reported causal associations
the reported causal associations,are,the underlying mechanisms
higher Small vessel disease,associated with,lower cognitive functioning
amyloid burden,associated with,lower cognitive functioning
nonlinear and penalized regression,used to,model CA and time to all-cause mortality
type 2 diabetes,associated with,high risk of developing all-cause dementia in participants already diagnosed with mild cognitive impairment (MCI)
hypertension,associated with,high risk of developing all-cause dementia in participants already diagnosed with mild cognitive impairment (MCI)
hyperlipidemia,associated with,high risk of developing all-cause dementia in participants already diagnosed with mild cognitive impairment (MCI)
hyperlipidemia,was associated with,Alzheimer's disease progression
Alzheimer's disease progression,in,individuals with MCI
severe hypoglycemic episodes,may contribute to,cognitive dysfunction in high-risk patients with DM
type 2 diabetes mellitus,has been associated with,memory deficits
type 2 diabetes mellitus,has been associated with,decreased psychomotor speed
type 2 diabetes mellitus,has been associated with,reduced frontal lobe/executive function
increased risk,for,gestational hypertension
increased risk,for,preeclampsia
increased risk,underscores,possible impact of exposure to air pollution on the maternal organism
HMGN1 overexpression,recovered,DYRK1A levels
HMGN1 overexpression,reversed,insulin resistance caused by KAT7 depletion
atrial fibrillation (AF),has been associated with,numerous diseases
IPTW,for,all-cause dementia HR
IPTW,for,PD HR
all-cause dementia HR,was,0.80 (95% CI 0.73 to 0.88)
PD HR,was,1.00 (95% CI 0.79 to 1.28)
Metformin users,compared with,sulfonylurea users
Metformin users,associated with,lower risk of all-cause dementia
Metformin users,associated with,lower risk of AD
Metformin users,associated with,lower risk of VD
Metformin users,not associated with,PD or MCI
Type 2 diabetes mellitus,associated with,"increased risk of cognitive decline and dementia, including Alzheimer's"
insulin resistance,associated with,"increased risk of cognitive decline and dementia, including Alzheimer's"
"increased risk of cognitive decline and dementia, including Alzheimer's",including,Alzheimer's disease (AD)
change in left ventricular mass,associated with,brain atrophy
change in left ventricular mass,associated with,cognitive decline
secondary outcome,is,change in left ventricular mass
change in left ventricular mass,at,24 months
type 2 diabetes mellitus,increases the risk of developing,Alzheimer's disease
perinatal iron deficiency,targets,the hippocampus
perinatal iron deficiency,leads to,long-term cognitive deficits
neuroinflammation,is associated with,neurodegenerative diseases
neurodegenerative diseases,including,Alzheimer's
neurodegenerative diseases,including,Parkinson's
brain amyloid deposition,associated with,slower processing speed
antecedents,led us to address,impact of IDE absence in hippocampus and olfactory bulb
performance on hippocampal-dependent memory tests,is influenced by,IDE gene dose in 12-month-old mice
glucose fluctuations,were significantly associated with,low muscle mass
glucose fluctuations,were significantly associated with,low grip strength
glucose fluctuations,were significantly associated with,slow walking speed
Type 2 diabetes mellitus (DM),is associated with,increased incidence of behavioral changes
Type 2 diabetes mellitus (DM),is associated with,memory loss
Ketogenic diet,associated with,significant weight loss
ketone supplementation,associated with,significant weight loss
altered functional connectivity of the DMN,is associated with,cognitive impairment
type 2 diabetes,increases the risk for,Alzheimer's disease
hepatocytes-secreted extracellular vesicles,influenced,lipolysis and insulin sensitivity in recipient 3T3-L1 adipocytes
these impairments,leads to,not fully understood
Type 2 diabetes,has opposite independent causal effects on,Alzheimer's disease
metformin exposure,has opposite independent causal effects on,Alzheimer's disease
higher baseline depressive symptoms,were independently associated with,lower adherence over 36 months
diabetes distress,were independently associated with,lower adherence over 36 months
depressive symptoms,predict,lower adherence to glucose-lowering medications
diabetes distress,predict,lower adherence to glucose-lowering medications
adults with T2DM,over time,lower adherence to glucose-lowering medications
East Asians,has increased,incidence of type 2 DM type 2 DM
incidence of type 2 DM type 2 DM,as a result of,major alterations in life
higher Aβ,was associated with,declines in everyday functioning over 1 year
Veterans Type 2 diabetes mellitus T2DM,had,higher Aβ
future studies,should examine,"how diabetes duration, severity, and medications impact these associations"
obesity,increases the risk of developing,AD
obesity,by threefold,developing AD
sleep duration,had a J-shaped relationship with,all-cause mortality risk
people with type 2 diabetes,had,sleep duration
longer sleep duration,was associated with,greater risks of all-cause and CVD mortality
those with a younger age at diabetes onset,had,longer sleep duration
shorter sleep duration,in,individuals treated with both insulin and oral glucose-lowering medication
shorter sleep duration,associated with,higher risks of all-cause and CVD mortality
people with type 2 diabetes,associated with,increased risk of all-cause and condition-specific mortality
sleeping less or more than 7 h/day,associated with,increased risk of all-cause and condition-specific mortality
eleven medical charts,were excluded,72.5% analysis rate
eleven medical charts,due to,insufficient documentation for GDS scoring
amyloid-β,is produced as a result of,proteolytic processing of the β-amyloid precursor protein (APP)
early binding events,imprint,long-lasting effects on the amyloid structures
long-lasting effects on the amyloid structures,form,that
education and anglo cultural orientation,was negatively associated with,dementia risk
low frequency of the E4 allele,may contribute to,difference in etiology of dementia in older Mexican Americans and older people of European background
partial least squares-discriminant analysis (PLS-DA) modeling,resulted in,poor classification across the four groups
poor classification across the four groups,with,less than 50% classification accuracy of test subjects
disorders of mental health,are known to affect,cognitive functions
disorders of mental health,called as,cognitive disorders
Cox proportional hazard regression models,utilized,risk of cognitive impairment
risk of cognitive impairment,associated with,various baseline biomarkers
EQW treatment,was associated with,significant change in inflammatory proteins associated with AD
log(TG)/HDL-C ratio,associates with,major non-LDL cardiometabolic variables
log(TG)/HDL-C ratio,ranks predicted,CAD risk
high-throughput measurement technologies,have enabled,analysis of molecular perturbations associated with disease phenotypes at the multi-omic level
insulin use,appears to be associated with,38% excess bone fracture risk
38% excess bone fracture risk,among,type 2 diabetes patients
type 2 diabetes patients,in the early stages of,the disease
sugar consumption,impact of,health
sugar consumption impact on health,continues to be,controversial topic
Alzheimer's disease (AD),is,neurodegenerative disease
Alzheimer's disease (AD),caused by,progressive deposition of extracellular amyloid beta (Aβ) and intracellular neurofibrillary tangles (NFTs)
T2DM,increases the risk for,cognitive decline
T2DM,increases the risk for,dementia
vascular risk factors,impact of,neuropsychological performance
ARWMC,impact of,neuropsychological performance
linear regression analyses,assessed by,impact of vascular risk factors and ARWMC on neuropsychological performance
age,adjusted for,linear regression analyses
education,adjusted for,linear regression analyses
MRI-based machine learning models,have the potential to predict,cognitive dysfunction in patients with T2DM
plasma clusterin,is reported associated with,early pathology of Alzheimer's disease (AD)
plasma clusterin,is reported associated with,longitudinal brain atrophy in subjects with MCI
metabolic stressors,increase the risk of,cognitive impairment
metabolic stressors,include,obesity
metabolic stressors,include,metabolic syndrome
metabolic stressors,include,prediabetes
metabolic stressors,include,type 2 diabetes
cognitive impairment,include,Alzheimer's disease
this study,explores,potential impact of metformin on the development of severe dementia in individuals with Alzheimer's disease (AD) and type 2 diabetes mellitus (T2DM)
polygenic risk score (sT2DM),calculated by,PRSice-2 software
polygenic risk score (sT2DM),explore the predictive efficacy of,amnestic mild cognitive impairment Alzheimer's disease
amnestic mild cognitive impairment Alzheimer's disease,to,AD
several risk factors,for,severe hypoglycaemia (SH)
severe hypoglycaemia (SH),associated with,insulin-treated diabetes
lower cerebral blood flow,was associated with,poorer memory
lower cerebral blood flow,was associated with,poorer executive function/processing speed
pioglitazone usage,is associated with,decreased risk Alzheimer's disease
decreased risk Alzheimer's disease,has,"hazard ratio (HR) = 0.916, 95% confidence interval [CI] 0.861-0.974, P = 0.005"
Alzheimer's disease,is a,retrospective case-control validation
longitudinal change in circulating HbA1c,is associated with,aging processes
longitudinal change in circulating HbA1c,is associated with,cognitive performance
longitudinal change in circulating HbA1c,is associated with,mortality
ΔHbA1c,analyzed in,"1,886 nondiabetic Europeans from the Long Life Family Study (LLFS)"
gene loci,influencing,ΔHbA1c
Aβ-pos patients,in,increased MPV
increased MPV,was associated with,entorhinal and perirhinal cortex atrophy
cross-trait analysis,resulted in,22 independent genomic loci
22 independent genomic loci,associated with,AD
22 independent genomic loci,associated with,TG levels
association,with,conjFDR < 0.05
three SNPs in PVRL2,were associated with,RLPc
three SNPs in PVRL2,were associated with,TG
three SNPs in PVRL2,were associated with,number of circulating VLDL and HDL particles
subjects with cardiometabolic risk,had,three SNPs in PVRL2
Type 2 diabetes mellitus (T2DM),is known to be associated with,increased risk of dementia
increased risk of dementia,includes,Alzheimer's disease
increased risk of dementia,includes,vascular dementia
obesity,associated with,cognitive impairment
high-fat diets,associated with,cognitive impairment
type 2 diabetes,associated with,cognitive impairment
higher age,were associated with,IHM in all dementia subtypes
greater comorbidity,were associated with,IHM in all dementia subtypes
COVID-19,were associated with,IHM in all dementia subtypes
HFD,led to,significant weight increases
HFD,led to,impaired insulin sensitivity
HFD,led to,impaired glucose tolerance
HFD,led to,impaired learning
C57BL/6J mice,experienced,"significant weight increases, impaired insulin sensitivity, glucose tolerance, and learning"
AβPP/PS1 mice,experienced,"significant weight increases, impaired insulin sensitivity, glucose tolerance, and learning"
outcome measure,was,all-cause mortality in 2020
adjusted Histelide analyses,was associated with,any insulin use
any insulin use,compared to,"lower mean levels of Aβ1-42 (-0.57 (CI: -1.12, -0.02))"
nonusers,had,"lower mean levels of Aβ1-42 (-0.57 (CI: -1.12, -0.02))"
five years of sulfonylureas use,was associated with,lower levels of Aβ1-42
five years of biguanides use,was associated with,lower levels of Aβ1-42
nonusers,compared to,lower levels of Aβ1-42
assessment of scores in diabetic patients,demonstrated,significant influence of age demographics on cognitive impairment
age demographics,had significant influence on,cognitive impairment
statin use,reduced the risk of,dementia
statin use,compared to,nonusers
hazard ratio,was,0.86
confidence interval,was,0.82 to 0.91
p-value,was less than,0.001
A-HgM in patients with T2D,was associated with,reduced risk of AD and ADRD
"age, sex, and comorbidities",controlling for,A-HgM in patients with T2D
atherogenic dyslipidemia,is rarely assessed,lack of screening methods consensus
linear regression analysis,with,stepwise method
linear regression analysis with stepwise method,was used to predict,clinical variables
clinical variables,could lead to,microstructural white matter changes
compromised renal function,in,Alzheimer's disease
compromised renal function in Alzheimer's disease,could potentially contribute to,impaired white matter integrity
Type 2 diabetes mellitus,was associated with,marked cognitive deficits
marked cognitive deficits,particularly in,executive functioning and processing speed
"age, sex, education, and hypertension-matched HC",Compared to,Type 2 diabetes mellitus
Metformin treatment status,was not associated with,improved neurocognitive outcomes
Sodium-glucose cotransporter 2 inhibitors,have been shown to reduce,risk of hospitalizations from heart failure and cardiovascular mortality
EHR-based case-control studies,identified that,prescriptions top-ranked repositioned drugs
prescriptions top-ranked repositioned drugs,are significantly associated with,lower odds of AD diagnosis
Type 2 diabetes mellitus,is associated with,chronic inflammation
chronic inflammation,exacerbated by,hyperglycemia
chronic inflammation,exacerbated by,dyslipidemia
serum biomarker,might be beneficial to,predict AD early
amyloid proteins,are associated with,onset of diseases
onset of diseases,including,Alzheimer's
onset of diseases,including,Parkinson's
onset of diseases,including,many others
treatment with dapagliflozin 5mg,showed significantly lower risk of,all-cause mortality
treatment with dapagliflozin 2.5mg,compared with,all-cause mortality
galantamine,neither influenced,T2DM risk in late-onset AD
memantine,neither influenced,T2DM risk in late-onset AD
chitosan (CTS) and THA treatment,reversed,neurochemical and histological alterations
neurochemical and histological alterations,caused,type 2 diabetic db/db mice diabetes
Alzheimer's disease (AD),is a leading cause of,death and disability among older adults
persons in stressful caregiving situations,was not associated with,decline
schizophrenia,were not significantly genetically correlated,Alzheimer's disease
schizophrenia,were both significantly associated with,loneliness
Alzheimer's disease,were both significantly associated with,loneliness
Alzheimer's disease,were significantly associated with,socioeconomic latent factor
schizophrenia,were significantly associated with,socioeconomic latent factor
the combination,examined the impacts of,we
Cardiorespiratory fitness,are well-established predictors of,morbidity and all-cause mortality
Physical activity,are well-established predictors of,morbidity and all-cause mortality
diabetes mellitus medication exposure,does not directly impact,frailty risk
these findings,suggest that,diabetes mellitus medication exposure in older adults with diabetes mellitus does not directly impact frailty risk
Takeda G protein-coupled receptor 5 (TGR5),is expressed in,many brain regions
many brain regions,associated with,memory
many brain regions,include,hippocampus
many brain regions,include,frontal cortex
longevity,is,complex phenotype
complex phenotype,influenced by,environmental factors
complex phenotype,influenced by,genetic factors
Alzheimer's disease (AD),are more prevalent with,ageing
type 2 diabetes mellitus (DM),are more prevalent with,ageing
Alzheimer's disease (AD),cause,substantial global socio-economic burden
type 2 diabetes mellitus (DM),cause,substantial global socio-economic burden
Alpha-glucosidase,is,an enzyme
Alpha-glucosidase,is associated with,hyperglycaemia in type 2 diabetes mellitus DM
Type 2 diabetes (T2D),is,chronic metabolic disease
Type 2 diabetes (T2D),is characterized by,hyperglycemia
Type 2 diabetes (T2D),results in,significant disease burden and financial costs globally
short (S) allele,is associated with,later AD onset age
short (S) allele,is associated with,better cognitive performance
short (S) allele,compared to,longer alleles (long and very-long (VL))
elevated FoxO1,in,hypothalamus
elevated FoxO1 in the hypothalamus,increases,risk of developing T2D
protein-drug interaction analysis,showed,C1QB to be associated with different drugs
Type 2 diabetes mellitus (T2DM),increases the risk of,Alzheimer's disease (AD)-like dementia and pathology
metabolic disorders,including,obesity
metabolic disorders,including,type 2 diabetes
metabolic disorders,are influenced by,gut microbiota's role in energy regulation and glucose metabolism
predisposing factors,including,"diet, medicines, lifestyle, and environmental influences"
predisposing factors,are described as having,important role in the composition of the gut microbiome
secondary outcomes,were,all-cause mortality
secondary outcomes,were,cardiovascular mortality
secondary outcomes,were,cerebrovascular mortality
SGLT2I users,had lower incidences of,dementia
SGLT2I users,had lower incidences of,Alzheimer's
SGLT2I users,had lower incidences of,Parkinson's disease
SGLT2I users,had lower incidences of,all-cause
SGLT2I users,had lower incidences of,cerebrovascular
SGLT2I users,had lower incidences of,cardiovascular mortality
T2D PC,predictive of,AD outcomes
T2D PC,unveiled,sex-based differences across the AD datasets
six T2D medications,induced,gene expression profiles associated with a non-T2D state
two dementia medications,induced,gene expression profiles associated with a non-AD state
Type 2 diabetes,is associated with,brain abnormalities
Type 2 diabetes,is associated with,cognitive dysfunction
Type 2 diabetes,increases risk for,Alzheimer's disease
Bayesian mixed models,revealed that,slower accumulation of evidence
slower accumulation of evidence,was associated with,higher PRSs for CAD and schizophrenia
longer nondecision time,was associated with,higher PRSs for Alzheimer's disease
longer nondecision time,was associated with,lower PRSs for CAD
narrower decision threshold,was associated with,higher PRSs for CAD
neurocognitive test scores,were not associated with,PRSs for any of the mental or cardiometabolic phenotypes
molecular docking analysis,according to,acetamidobenzoic acid
acetamidobenzoic acid,was the most substantially altered metabolic marker,high-fiber diet
acetamidobenzoic acid,had the strongest binding affinity for,SPEG
GLP-1RAs,associated with,reduced ADRD risk
SGLT2is,associated with,reduced ADRD risk
GLP-1RAs,compared to,other GLDs
SGLT2is,compared to,other GLDs
understanding protein folding,is associated with,challenge
understanding protein folding,is currently one of the most important aspects of,biological sciences
abnormality in transition,results in,proteins aggregation
abnormality in transition,results in,generation of insoluble fibrils
lipodystrophy,associated with,CAD
liver/lipid cluster pPS,associated with,CAD
lipodystrophy,with increasing effects,CAD
liver/lipid cluster pPS,with decreasing effects,CAD
increased liver/lipid cluster pPS,was associated with,reduced renal function
GLP-1 receptor agonists,impact on risk of developing,various neurodegenerative conditions in obese patients
STK26,influence on,A549 cell functionality
influence of STK26 on A549 cell functionality,was assessed using,"CCK-8, wound healing (scratch), and colony formation (cloning) assays"
propensity,led to,formation of β-sheet-rich heterocomplexes
formation of β-sheet-rich heterocomplexes,including,potentially toxic β-barrel oligomers
alteration in left atrial (LA) function,due to,chronic pressure or volume overload
alteration in left atrial (LA) function,is a hallmark of,heart failure
primary endpoint,was,incidence of all-cause dementia
participants with a history of Type 2 diabetes mellitus for less than five years at cohort entry,had,26.7% higher risk of developing all-cause dementia
participants with normoglycemia,compared to,participants with a history of Type 2 diabetes mellitus for less than five years at cohort entry
regulatory authorities,have indicated,new drugs to treat type 2 type 2 diabetes (T2D)
new drugs to treat type 2 type 2 diabetes (T2D),should not be associated with,unacceptable increase in cardiovascular risk
iron overload,can cause,neurodegeneration
diabetes,remains,one of the leading causes of morbidity and mortality worldwide
diabetes,affecting,an estimated 422 million adults
diabetes,is predicted that,one in every three children born as of 2000 will suffer from in their lifetime
one in every three children born as of 2000,will suffer from,diabetes
US,in the,diabetes
common cognitive changes,occur as a result of,cerebrovascular damage
cerebrovascular damage,via the disruption of,matrix metalloproteinase-13 (MMP-13)
exposure cerebrovascular damage AST,leads to,ameliorative behavioral changes
exposure cerebrovascular damage AST,leads to,ameliorative biochemical changes
diabetes,was associated with,faster decline in cognitive function
faster decline in cognitive function,among,older adults
"sEH-derived 12,13-DiHOME",was associated with,poorer executive function scores
CYP450-derived 12(13)-epoxyoctadecamonoenoic acid (12(13)-EpOME),was associated with,poorer executive function
CYP450-derived 12(13)-epoxyoctadecamonoenoic acid (12(13)-EpOME),was associated with,poorer verbal memory scores
diabetes mellitus,is associated with,increased risk of dementia
researchers or authors,compared,impact of risk factors on the occurrence of YOD and late-onset dementia (LOD)
vascular risk factors,such as,"smoking, hypertension, and previous cardiovascular diseases"
vascular risk factors,were more strongly associated with,development of VaD
vascular risk factors,were more strongly associated with than,development of AD
poor perfusion,contribute to,this relationship
microembolic events,contribute to,this relationship
ischaemic syndromes,contribute to,this relationship
cerebral inflammation,contribute to,this relationship
preterm birth (PTB),is associated with,increased risk of type 2 diabetes
preterm birth (PTB),is associated with,neurocognitive impairment later in life
preterm birth,associated with,adulthood levels of hsa-miR-29b-3p
fully adjusted regression model,with,preterm birth
fully adjusted regression model,had,"p = 1.90 × 10(-4), FDR = 0.046"
these changes,were associated with,longer disease duration
these changes,were associated with,higher HbA1c levels
Type 2 diabetes,can cause,white matter microstructural abnormalities
white matter microstructural abnormalities,have associations with,glucose control
overactive renin-angiotensin system (RAS),is known to contribute to,type 2 diabetes mellitus (T2DM)
Type 2 Diabetes Mellitus,was associated with,subtle decrements on neuropsychological tests of delayed memory and executive function
subtle decrements on neuropsychological tests of delayed memory and executive function,both had p value,less than 0.05
Porphyromonas gingivalis,associated with,systemic diseases
Porphyromonas gingivalis inflammagens,associated with,systemic diseases
systemic diseases,include,cardiovascular disease
systemic diseases,include,type 2 diabetes (T2DM)
further research,based on,infectious origin of both AD and type 2 diabetes
further research,may lead to,novel treatment strategies
diabetes,associated with,specific changes in the composition of the intestinal flora
Alzheimer's disease (AD),associated with,specific changes in the composition of the intestinal flora
coconut oil,evaluate the impact of,Alzheimer's dementia
coconut oil,evaluate the impact of,any degree of dementia
improvement,influences,variables such as sex and suffering or not Type II Diabetes Mellitus
glymphatic dysfunction,may be,significant factor contributing to cognitive impairment
cause of memory deficits,in,Alzheimer's disease
cause of memory deficits in Alzheimer's disease,is,not fully elucidated
higher physical activity,is associated with,reduced hazard for a plethora of diseases
empagliflozin therapy,had no impact on,MMP-2
empagliflozin therapy,had no impact on,sST2
mechanisms by which empagliflozin causes reverse remodeling,investigation into,further
Functional and metabolic neural changes,in,Type 2 diabetes mellitus (T2DM)
Functional and metabolic neural changes in Type 2 diabetes mellitus (T2DM),can be associated with,poor cognitive performances
coffee,is identified as,stimulant
coffee,has high content of,caffeine
high content of caffeine,is the reason for,coffee being identified as a stimulant
regular coffee intake,may reduce,risk of stroke
CISD2 htSNPs,are not associated with,AD risk
mitochondrion-related disorders,in,peripheral tissues
mitochondrion-related disorders in peripheral tissues,can impact on,brain functions
brain functions,through,metabolic signals
brain functions,through,hormonal signals
brain functions,through,inflammatory signals
patients with either type 1 or type 2 diabetes mellitus,is the leading cause of,diabetic retinopathy
diabetic retinopathy,is the leading cause of,visual impairment or blindness
Alzheimer's disease,is a leading cause of,dementia
Alzheimer's disease,has a rising,global burden
sex-stratified analysis,showed that,Beta C-terminal telopeptide of collagen type I
Beta C-terminal telopeptide of collagen type I,was significantly associated with,diabetic macular edema in female subjects
age,associated with,three-vessel lesions
sex,associated with,three-vessel lesions
type 2 diabetes mellitus,associated with,three-vessel lesions
fasting plasma glucose,associated with,three-vessel lesions
TT genotype in rs7396366,associated with,three-vessel lesions
Type 2 diabetes mellitus,is associated with,increased risk for dementia
T2DM,increased the risk of,dementia
depression,increased the risk of,dementia
Type 2 diabetes (T2DM),is associated with,brain abnormalities and cognitive dysfunction
brain abnormalities and cognitive dysfunction,including,increased risk for Alzheimer's disease
Type 2 diabetes,was associated with,higher dementia incidence
higher dementia incidence,in,White members of a California-based integrated health-care delivery system
Type 2 diabetes,had,"hazard ratio of 1.46 (95% CI, 1.40-1.52)"
high heme intake,is associated with,increased risk of several cancers
increased risk of several cancers,including,colorectal cancer
increased risk of several cancers,including,pancreatic cancer cells
increased risk of several cancers,including,cancer cells cancer
T2DM,associated with,higher BAI
hypertension,associated with,higher BAI
hypertension in Korean population males,not associated with,higher BAI
hyperglycemia of diabetes,is associated with,elevated levels of plasma MDA
many routes,may lead to,transition from a healthy to a diseased phenotype
increases in education and healthcare resources,contributed to,population-level increases in the cognitive functioning of older adults
Type 2 diabetes,is,prevalent metabolic condition
Type 2 diabetes,associated with,increased risk of cognitive decline
Type 2 diabetes,associated with,"dementia, including Alzheimer's disease"
Alzheimer's disease,associated with,smaller brain volumes
impaired fasting glucose,associated with,smaller brain volumes
Type 2 diabetes mellitus,associated with,smaller brain volumes
older age (≥ 60 years),was associated with,lower comprehension scores
10% increase in Cystatin-C levels,was associated with,13% increased relative risk of diabetes at baseline
13% increased relative risk of diabetes at baseline,was,11% and 9% by years 4 and 8
10% increase in Cystatin-C,was highly associated with,increased relative risk of death
increased relative risk of death,by,years 4 and 8
increased relative risk of death,was,28% and 31%
physical activity,is supposed to reduce,risk for noncommunicable diseases (NCD) diseases
physical activity,appears to have,positive long-term influence on all selected diseases
diabetes,increases the risk of,cognitive impairment
predictive ability of the risk score,was tested by,discrimination and calibration methods
genetic diseases associated with a mutation in the gene,associated with,impaired Mn excretion
genetic diseases associated with a mutation in the gene,associated with,kidney disease
genetic diseases associated with a mutation in the gene,associated with,iron deficiency
genetic diseases associated with a mutation in the gene,associated with,vegetarian diet
People with genetic diseases associated with a mutation in the gene,are at particular risk of,excessive exposure to Mn
physiological changes,associated with,aging
physiological changes associated with aging,increase,risk for development of age-related diseases
physiological changes associated with aging,increase the risk for,development of age-related diseases
healthy subjects,in the,increasing chronological age
increasing chronological age,was associated with,lower retinal microvascular complexity
lower retinal microvascular complexity,measured by,Sholl's analysis
content of the utility measure,has a significant impact on,the treatment effects that can be observed
Cardiovascular diseases,and,dementia
Cardiovascular diseases and dementia,are the leading causes of,disability and mortality
systemic medical conditions,impact of,qualitative analysis
systemic medical conditions treatment,impact of,qualitative analysis
M(3) muscarinic receptor antagonism,has been associated with,glucose intolerance
M(3) muscarinic receptor antagonism,has been associated with,disturbance of insulin secretion
recent exposure to AD_nonantaM(3),was not associated with,risk for T2DM
exposure to AD_antaM(3),was associated with,development of T2DM among antidepressant users
age of the population,is increasing,as a result of increased life expectancy
laboratory-housed monkeys,has,obesity
obesity,leads to,development of type 2 DM
obesity,is occasionally observed in,laboratory-housed monkeys
use of SGLT2i,for the treatment of,T2DM among patients with prostate cancer on HT
use of SGLT2i,is associated with,"favorable cardiovascular, renal and all-cause mortality outcomes"
AHT group,in,single HIIT session
ADT group,in,single HIIT session
single HIIT session,led to,reduction in collagen fiber accumulation
single HIIT session,led to,reduction in fibrotic frameworks
brain white matter structural injury,caused by,type 2 diabetes mellitus
brain white matter structural injury caused by type 2 diabetes mellitus,has been linked to,cognitive impairment
decreased axial diffusivity (AD),in,brain white matter left arcuate
decreased axial diffusivity (AD) in brain white matter left arcuate,associated with,HbA(1c)
qualitative study,aimed to explore,factors that influence the implementation of DSMES in these settings
Socio-ecological model,was applied to,explore factors influencing the implementation of Diabetes Self-Management Education and Support programme in SSA
increase in genetic risk for all conditions except T2D,was significantly associated with,reduced functional health and socioeconomic outcomes
increase in morning blood pressure surge,was associated with,increased risk of microalbuminuria
early identification of Suboptimal Health Status (SHS),creates,"window opportunity for the predictive, preventive, and personalized medicine (PPPM) in chronic diseases"
majority of these methods,predicted,amyloidogenic regions
amyloidogenic regions,based on,physicochemical properties of amino acids
genetic link between AD and SORCS1 gene variations,are influenced by,ethnic background
genetic link between AD and SORCS1 gene variations,are influenced by,sex
genetic link between AD and SORCS1 gene variations,are influenced by,whether an individual has type 2 diabetes mellitus
age,influenced,features of kidney dysfunction
duration of disease,influenced,features of kidney dysfunction
multivariate logistic analysis,showed that,age and duration of disease influenced both features of kidney dysfunction
worse cardiovascular risk profile,is associated with,albuminuria
worse cardiovascular risk profile,is associated with,isolated low GFR
We,utilised,Discover dataset
utilising Discover dataset,determine,this association
combination therapy with insulin,was found to be associated with,greater risk of AD
combination therapy with insulin,had,"HR, 2.17; 95% CI, 1.04-4.52, p=0.039"
newly diagnosed diabetes mellitus,was associated with,increased risk Alzheimer's disease AD
age-structured mathematical model,was used to forecast,Type 2 diabetes mellitus burden
age-structured mathematical model,was used to forecast,impact of key risk factors
key risk factors,include,obesity
key risk factors,include,smoking
key risk factors,include,physical inactivity
P-DCM concepts,associated with,openEHR
P-DCM concepts,associated with,HL7 CDA
P-DCM concepts associated with openEHR and HL7 CDA,help in,transformation of instances among these standards
Organochlorine (OC) and organophosphate (OP) pesticides,have been associated with,type 2 diabetes mellitus
Organochlorine (OC) and organophosphate (OP) pesticides,have been associated with,multiple independent populations
genetic polymorphisms,have been shown to be associated with,T2DM
heart failure,associated with,lower risk of nonconcordance
peripheral arterial disease,associated with,lower risk of nonconcordance
hypertension,associated with,lower risk of nonconcordance
composition of the microbiota,is influenced by,internal and external factors
internal and external factors,including,diet
internal and external factors,including,age
internal and external factors,including,disease
internal and external factors,including,lifestyle
insulin resistance,is associated with,increased amyloid deposition in the brain
Type 2 diabetes mellitus,is associated with,increased amyloid deposition in the brain
targeted disruption of genes,involved in,insulin signaling pathway
targeted disruption of genes,were due to,effects
causal relations,underlying,insulin resistance-induced exacerbation of amyloid pathology
molecular mechanisms,underlying,insulin resistance-induced exacerbation of amyloid pathology
defective insulin action,in,brain
defective insulin action in the brain,caused by,diet
brain Aβ metabolism,has a causal and reversible association with,amyloid Alzheimer's disease
researchers,suggested,causal and reversible association of brain Aβ metabolism and amyloid Alzheimer's disease
diet-dependent insulin-resistance,was the cause of,the association
Amyloid Alzheimer's disease,is caused by,diet-dependent insulin-resistance
genetically-induced insulin-resistance,is not the cause of,amyloid Alzheimer's disease
Amyloid Alzheimer's disease,is not caused by,genetically-induced insulin-resistance
Brain Aβ metabolism,causes,amyloid Alzheimer's disease
diet,causes,amyloid Alzheimer's disease
genetically-induced insulin-resistance,does not cause,amyloid Alzheimer's disease
Alzheimer's disease,is associated with,systemic insulin resistance
Alzheimer's disease,is associated with,tau loss-of-function
systemic insulin resistance,contribute to,pathogenesis of Alzheimer's disease
tau loss-of-function,contribute to,pathogenesis of Alzheimer's disease
wild-type primary hepatocytes,Exposure of,sub-toxic concentrations of tau oligomers
sub-toxic concentrations of tau oligomers,results in,dose-dependent inhibition of glucose uptake
inhibition of glucose uptake,is associated with,downregulation of insulin signaling
wild-type primary hepatocytes,exposed to,sub-toxic concentrations of tau oligomers
exposure of wild-type primary hepatocytes to sub-toxic concentrations of tau oligomers,associated with,downregulation of insulin signaling
sub-toxic concentrations of tau oligomers,associated with,downregulation of insulin signaling
sub-toxic concentrations of tau oligomers,causes,downregulation of insulin signaling
inactivation of insulin signaling proteins,was caused by,tau oligomers
understanding the connection,may lead to,new strategies
sluggish transport of lipids,to,triglyceride droplets in the glia cells
sluggish transport of lipids to triglyceride droplets in the glia cells,can lead to,dangerous reactive oxygen species and hydroxyl-free radicals
premature oxidation of lipids,can lead to,formation of dangerous reactive oxygen species
premature oxidation of lipids,can lead to,formation of hydroxyl-free radicals
Mendelian randomization (MR),has been increasingly applied for,causal inference with observational data
authors,applied,method
method,infer,causal networks of direct effects
authors,identified,interesting causal pathways
cardiometabolic risk factors,are among,cardiometabolic diseases
cardiometabolic risk factors,are among,Alzheimer's disease
cardiometabolic risk factors,are among,asthma
cardiometabolic diseases,are among,Alzheimer's disease
cardiometabolic diseases,are among,asthma
Alzheimer's disease,are among,asthma
causal pathways,are among,total and direct effects
causal pathways,are among,cardiometabolic risk factors
causal pathways,are among,cardiometabolic diseases
causal pathways,are among,Alzheimer's disease
causal pathways,are among,cardiometabolic diseases and asthma
causal pathways,are among,total effects
total effects,among,cardiomet
glucose and insulin loading,cause,transient increase of plasma Aβ
findings,led us to,speculate
mice and humans,in,transient increase of plasma Aβ
transient increase of plasma Aβ,in,mice and humans
amyloid β,caused,slowdown in glucose clearance from the blood
slowdown in glucose clearance from the blood,was caused by,amyloid β
amyloid β,influence resulted in,slowdown in glucose clearance from the blood
amyloid β,led to a slowdown in,glucose clearance from the blood
slowdown in glucose clearance from the blood,was due to,amyloid β
amyloid β,resulted in,slowdown in glucose clearance from the blood
Amyloid β,influence on,glucose clearance from the blood
Amyloid β's influence on glucose clearance from the blood,caused,slowdown
Amyloid β,slowed down,glucose clearance from the blood
Amyloid β,due to,its effect
amyloid β,had a negative impact on,glucose clearance from the blood
amyloid β,had a negative influence on,glucose clearance from the blood
phenotypes associated with obesity and/or alterations on insulin homeostasis,are at,increased risk for developing cognitive decline and dementia
studies,have evidenced,that phenotypes associated with obesity and/or alterations on insulin homeostasis are at increased risk for developing cognitive decline and dementia
obesity,associated with,prediabetes
obesity,associated with,diabetes
obesity,associated with,metabolic syndrome
alterations on insulin homeostasis,associated with,prediabetes
alterations on insulin homeostasis,associated with,diabetes
alterations on insulin homeostasis,associated with,metabolic syndrome
prediabetes,is,phenotype
phenotype,associated with,obesity
phenotype,associated with,alterations on insulin homeostasis
diabetes,is a,phenotype
diabetes,associated with,obesity
diabetes,associated with,alterations on insulin homeostasis
phenotypes,associated with,obesity
phenotypes,associated with,alterations on insulin homeostasis
phenotypes associated with obesity and/or alterations on insulin homeostasis,are at increased risk for,developing cognitive decline
phenotypes associated with obesity and/or alterations on insulin homeostasis,are at increased risk for,developing dementia
diabetes mellitus,is a cause of,cognitive dysfunction
diabetes mellitus,is a cause of,dementia
too much insulin in the brain,may be associated with,reduced amyloid-beta clearance
Amyloid-beta clearance,is reduced due to,Insulin-Degrading Enzyme
process,led to,widespread brain microangiopathy
Brain microangiopathy,was caused by,leading to it
hyperglycemia,seems to cause,it
hyperinsulinemia,seems to cause,it
it,leads to,brain microangiopathy
brain microangiopathy,is,widespread
hyperglycemia,causes,hyperinsulinemia
it,causes,widespread brain microangiopathy
it,leads to,widespread brain microangiopathy
hyperglycemia,leads to,widespread brain microangiopathy
hyperinsulinemia,leads to,widespread brain microangiopathy
hyperglycemia,causes,widespread brain microangiopathy
hyperinsulinemia,causes,widespread brain microangiopathy
it,causes,tau hyperphosphorylation
it,causes,amyloid oligomerization
it,inducing,tau hyperphosphorylation
it,inducing,amyloid oligomerization
hyperglycemia and hyperinsulinemia,causes,widespread brain microangiopathy
hyperglycemia and hyperinsulinemia,induces,tau hyperphosphorylation
hyperglycemia and hyperinsulinemia,induces,amyloid oligomerization
"injection of insulin (1IU, s.c)",led to,decrease of fast ripples PSDs
study,found,positive result
positive result,in,mice
Type 2 diabetes,is one of the causes of,disparity
disparity,has,multiple underlying causes
disparity,is influenced by,various factors
Type 2 diabetes,is a cause of,AD
disparity,has,underlying causes
disparity,is influenced by,many factors
disparity,is caused by,multiple factors
lack of insulin,results in,increased tau phosphorylation
increased tau phosphorylation,is due to,imbalance of insulin-regulated tau kinases and phosphatases
deposit of β-amyloid,is influenced by,inflammation
neuromodulator,influences,release and reuptake of neurotransmitters
experimental and clinical evidence,show that,insulin influences cerebral functions
insulin,influences,cerebral functions
Alzheimer disease,influences,cerebral functions
Alzheimer disease,is influenced by,insulin
insulin,has an influence on,cerebral functions
Alzheimer's disease,is caused by,amyloid-peptide aggregation
Alzheimer's disease (AD) processes,contribute to,overlapping pathology
this,contributes to,compounding Alzheimer's disease (AD) symptoms
this,contributes to,progression of Alzheimer's disease (AD)
Alzheimer's disease (AD) processes,are linked to,overlapping pathology
lower HOMA-β-cell function,was associated with,increase in risk of Alzheimer's disease
higher fasting glucose,were associated with,substantial increase in risk of Alzheimer's disease
lower HOMA-β-cell function,were associated with,substantial increase in risk of Alzheimer's disease
Glucagon-like peptide-1,has,central pleiotropic influences
other effects,are,central pleiotropic influences
insulin-stimulating effect,is,central pleiotropic influences
insulin resistance,is associated with,Alzheimer's disease pathology
Insulin resistance,is associated with,Alzheimer's disease pathology
insulin resistance,is associated with,pathology of Alzheimer's disease
Insulin resistance,contributes to,tau-related neurodegeneration
insulin resistance,contributes to,tau-related neurodegeneration
insulin resistance,was due to,altered insulin signal transduction
insulin resistance,was due to,increased β- and γ-secretase activities
insulin resistance,was due to,accumulation of autophagosomes
Aβ generation,was due to,accumulation of autophagosomes
accumulation of autophagosomes,was due to,insulin resistance
insulin resistance,led to,increased β- and γ-secretase activities
insulin resistance,led to,accumulation of autophagosomes
insulin resistance,led to,altered insulin signal transduction
insulin resistance,led to,Aβ generation in the brain
insulin resistance,was associated with,Aβ generation in the brain
insulin resistance,was associated with,altered insulin signal transduction
insulin resistance,was associated with,increased β- and γ-secretase activities
insulin resistance,was associated with,accumulation of autophagosomes
insulin resistance,induced,autophagosome accumulation
autophagosome accumulation,was the cause of,alteration of APP processing
inhibition,results in,altered APP processing
treatment status,in,Alzheimer's disease risk associated with type 2 diabetes
findings,support,potential importance of treatment status in Alzheimer's disease risk associated with type 2 diabetes
this study,is associated with,type 2 diabetes
This,leads to,cytotoxicity
enzymes involved in the regulation of tau phosphorylation,are tightly associated with,pathways found to be dysregulated in T2DM
pathways,found to be dysregulated in,T2DM
pathways,are associated with,enzymes
GSK3β,is associated with,pathways found to be dysregulated in T2DM
T2DM,is associated with,dysregulated pathways and enzymes
leptin,reduces,tau phosphorylation
cells,cultured with,leptin
cells cultured with leptin,shown to have,neuroprotective effects
cells cultured with leptin,reduce,tau phosphorylation
exaggerated abundance in blood of triglyceride-rich lipoprotein-amyloid-β,results in,extravasation of the triglyceride-rich lipoprotein-amyloid-β moiety to brain parenchyme
cognitive decline,occurs as a result of,neuronal degeneration
blood-brain barrier (BBB) integrity,is compromised by,exaggerated abundance in blood of triglyceride-rich lipoprotein-amyloid-β
hypertriglyceridemia,is caused by,exaggerated triglyceride-rich lipoprotein secretion
type 2 diabetes,is associated with,cognitive dysfunction
cognitive dysfunction,appears to start,prediabetic state
cognitive dysfunction,associated with,type 2 diabetes
cognitive dysfunction associated with type 2 diabetes,appears to start,prediabetic state
potential predictive value,of,insulin resistance
insulin resistance,has not yet been sufficiently studied,longitudinally without overt diabetes and its pharmacological treatment
potential predictive value of insulin resistance,has not yet been sufficiently studied,longitudinally without overt diabetes
decrease in the memory domain,is associated with,lower insulin sensitivity
p-value,is associated with,lower insulin sensitivity
lower insulin sensitivity,is associated with,p-value of 0.029
Treatments of diabetes,that improve,insulin sensitivity
Treatments of diabetes that improve insulin sensitivity,might therefore have the potential to,postpone or even prevent cognitive decline in patients with diabetes
treatments,have the potential to,postpone or even prevent cognitive decline in patients with diabetes
Amyloid-β (Aβ),contributes to,development of insulin resistance
Amyloid-β (Aβ),contributes to,underlying mechanism
Amyloid-β,causes,hepatic insulin resistance
Amyloid-β,activating,the pathway
results,demonstrate,cause of hepatic insulin resistance
results,demonstrate,cause of the activation of the pathway
results,show,cause of hepatic insulin resistance
pathway,involved in,cause of hepatic insulin resistance
results,show,pathway involved in the cause of hepatic insulin resistance
common molecular basis,of,cell and tissue dysfunction
common molecular basis,is rapidly gaining,recognition
epidemiological studies,suggest that,type 2 diabetes mellitus increases the risk of dementia including AD
epidemiological studies,provides,evidence
type 2 diabetes mellitus,increases the risk of,dementia including AD
Type 2 diabetes mellitus,is,condition
condition,increases the risk of,dementia including AD
epidemiological studies,provide evidence that,type 2 diabetes mellitus increases the risk of dementia including AD
T2DM,causal relationship between,AD
vanillic acid glycine,is due to,protective effect
Type 2 diabetes,is associated with,clinical phenotypes
clinical phenotypes,in,humans
IR,contribute to,reduced cognitive performance
CSF tau biomarkers,are associated with,Alzheimer's disease
IR,contribute to,development of Alzheimer's disease
IR,contributes to,development of Alzheimer's disease
IR,contribute to,Alzheimer's disease accumulation of CSF tau biomarkers
abnormal GSK3β activation,causes,insulin resistance
insulin resistance,leads to,intra- and extracellular amyloid-beta (Aβ) accumulation
abnormal GSK3β activation,causes,intra- and extracellular amyloid-beta (Aβ) accumulation
intra- and extracellular amyloid-beta (Aβ) accumulation,is caused by,abnormal GSK3β activation
abnormal GSK3β activation,is the cause of,intra- and extracellular amyloid-beta (Aβ) accumulation
cerebral insulin resistance,would lead to,cognitive decline
chronic adiponectin deficiency,caused,adiponectin desensitization
Alzheimer's disease pathogenesis,in,aged mice
Alzheimer's disease pathogenesis in aged mice,caused,significant cognitive impairments
significant cognitive impairments,caused,psychiatric symptoms
higher insulin secretion,was associated with,lower risk of T2DM
lower risk of T2DM,was associated with,increment in body mass index
increment in waist circumference,was associated with,increment in hip circumference
genetic variation in sulfonylurea targets,was associated with,lower risk of T2DM
genetic variation in sulfonylurea targets,was associated with,increment in waist circumference
genetic variation in sulfonylurea targets,was associated with,increment in hip circumference
genetic variation in sulfonylurea targets,was associated with,increment in body mass index
genetic variation in sulfonylurea targets,was associated with,higher insulin secretion
disturbance of insulin signalling,contribute to,pathophysiology of Alzheimer's disease
disturbance of insulin signalling,in the,brain
disturbance of insulin signalling in the brain,may contribute to,pathophysiology of Alzheimer's disease
disturbance of insulin signalling,may be a cause of,Alzheimer's disease
this study,investigate the impact of,anti-diabetic agents
anti-diabetic agents,impact of,Alzheimer's disease progression
anti-diabetic agents,impact of,Alzheimer's disease biomarkers levels
anti-diabetic agents,impact of,Alzheimer's disease
study,investigated,diabetic mechanisms associated with Apolipoprotein E ε4 allele pathology
mechanisms,were driven by,central processes
study,was focused on,Apolipoprotein E ε4 allele pathology
Apolipoprotein E ε4 allele,associated with,diabetic mechanisms
study,investigated,Apolipoprotein E ε4 allele pathology
model,systematically models,"causal and correlative relationships between biomolecules, pathways, and clinical readouts"
model,models,causal relationships
causal relationships,using,biological expression language
researchers,identify,causal factors
causal factors,through,model-model comparison
researchers,identify,factors
factors,lead to,new insights
these factors,lead to,new insights into putative disease mechanisms
factors,lead to,new insights into putative disease mechanisms
causal factors,lead to,new insights into putative disease mechanisms
researchers,are getting,new insights
new insights,lead to,putative disease mechanisms
causal factors,lead to,new insights
understanding of the role of insulin,as,common risk factor for mental and somatic comorbidities
understanding of the role of insulin as a common risk factor for mental and somatic comorbidities,may lead to,novel preventative and therapeutic approaches
novel preventative approaches,may be disclosed if,role of insulin is understood
novel therapeutic approaches,may be disclosed if,role of insulin is understood
understanding the role of insulin,may lead to,novel preventative and therapeutic approaches
T2DM,is caused by,impaired insulin signaling
mice,were,male and female TALLYHO/JngJ mice
we,studied,mice
mice,due to,T2DM
mice,were studied due to,T2DM
independent mechanisms of Type 2 Diabetes mellitus,may cause,CNS-related deficits
Amyloid-β,impact of,hep
higher baseline levels of HbA1c,were associated with,increases in depressive symptoms over 4 years
increases in depressive symptoms,were associated with,poorer memory 2 years later
higher baseline levels of HbA1c,were associated with,poorer memory 2 years later
increases in depressive symptoms,were associated with,poorer memory
increases in depressive symptoms,over,4 years
depressive symptoms over 4 years,were associated with,poorer memory 2 years later
baseline levels of HbA1c,were associated with,poorer memory 2 years later
increases in depressive symptoms over 4 years,were associated with,depressive symptoms
baseline levels of HbA1c,were associated with,depressive symptoms over 4 years
baseline levels of HbA1c,were associated with,increases in depressive symptoms
baseline levels of HbA1c,were associated with,depressive symptoms
Dapagliflozin,caused,the change
Dapagliflozin,caused,change
peripheral insulin resistance,is associated with,lower grey matter volume
peripheral insulin resistance,might influence,Alzheimer's disease pathology
peripheral insulin resistance,influences,neurodegeneration
Thiazolidinediones,is not yet clear how,APOE gene isoforms influence the development of type 2 diabetes mellitus and its progression to AD
people,are living longer with,Type-2 diabetes mellitus
oral anti-diabetes medication,had a positive impact on,these studies
insulin,had a positive impact on,these studies
studies,showed,positive impact of insulin
brain insulin signaling,normalization of,normalization
brain insulin signaling,normalization of,brain insulin signaling
limitations of Intranasal insulin,are due to,poor absorption through the nasal mucosa
proteolytic enzymes,are a limitation of,Intranasal insulin
Intranasal insulin,due to,mucociliary clearance
increase in plasma NfL levels,was associated with,cognitive decline
increase in plasma GFAP levels,was associated with,cognitive decline
increase in plasma NfL levels,was associated with,incident cognitive impairment
increase in plasma GFAP levels,was associated with,incident cognitive impairment
levels of Aβ42/40,were not associated with,cognitive decline
levels of pTau-181,were not associated with,cognitive decline
patient population,is affected by,cognitive change
plasma NfL,are,important biomarkers of cognitive change
plasma GFAP,are,important biomarkers of cognitive change
Plasma NfL,are,important biomarkers of cognitive change
GFAP,are,important biomarkers of cognitive change
GLP-1RAs,are due to,their actions on synaptic plasticity
GLP-1RAs,are due to,their actions on cognition
GLP-1RAs,are due to,their actions on cell survival
Alzheimer's disease,connection between,type 2 diabetes mellitus
this,could increase the risk of,developing neurodegenerative disorders in later life
insulin desensitization,could impact,normal brain function
developing neurodegenerative disorders,increase the risk of,later life
Insulin desensitization,could impact,normal brain function
Astrocytes,are,other brain cell types
astrocytes,are,other brain cell types
APP,has,impacts on glucose regulation
insufficient trafficking of glucose transporter 1,to the,plasma membrane in parenchymal brain cells
this,was associated with,insufficient trafficking of glucose transporter 1 to the plasma membrane in parenchymal brain cells
deleting brain insulin receptors,leads to,mild obesity
deleting brain insulin receptors,leads to,insulin resistance
deleting brain insulin receptors,does not influence,brain size
deleting brain insulin receptors,does not influence,apoptosis development
Mitochondrial alterations,contribute to,AD development
gut microbiota,influences,risk of chronic diseases
gut microbiota,influences,human longevity
results,do not support,large causal impact of human gut microbiota features on cardiometabolic traits
this,lead to,type 2 errors
results,do not support,"large causal impact of human gut microbiota features on cardiometabolic traits, chronic diseases, or longevity"
results,do not support,large causal impact of human gut microbiota features on longevity
results,do not support,large causal impact of human gut microbiota features on chronic diseases
human gut microbiota features,causal impact of,cardiometabolic traits
human gut microbiota features,causal impact of,chronic diseases
human gut microbiota features,causal impact of,longevity
results,do not support,"large causal impact of human gut microbiota features on cardiometabolic traits, chronic diseases or longevity"
This,lead to,type 2 errors
human gut microbiota features,do not support a large causal impact on,cardiometabolic traits
human gut microbiota features,do not support a large causal impact on,chronic diseases
human gut microbiota features,do not support a large causal impact on,longevity
human gut microbiota features,have a large causal impact on,longevity
previously documented associations,between,gut microbiota and human health outcomes
previously documented associations,may not always underly,causal relations
results,suggest,associations may not always underly causal relations
tau fibrils,caused,less severe synapse loss and cognitive deficits
tau fibrils,compared to,IAPP-tau strain
aberrant microglial functionality,was due to,altered downstream signaling of Trem2
altered downstream signaling of Trem2,was due to,PI3K-Akt
interference of PI3K-Akt signaling,caused,proinflammatory response
activity,was due to,ligand-induced activation of Trem2/Dap12 signaling
activity of Syk-kinase,was increased,activation of Trem2/Dap12 signaling
activation of Trem2/Dap12 signaling,by,ligand
diabetic phenotype,is mechanistically associated with,mice and humans
abnormally reduced microglial responses,is associated with,β-amyloid pathology
PD progression,may lead to,Parkinson's disease dementia
cognitive decline in PD,can lead to,Parkinson's disease dementia
PD progression,leads to,Parkinson's disease dementia
Parkinson's disease dementia,occurs due to,PD progression
PD disease progression,causes,Parkinson's disease dementia
PD progression,results in,Parkinson's disease dementia
PD,causes,Parkinson's disease dementia
PD,leads to,Parkinson's disease dementia
PD disease,causes,Parkinson's disease dementia
PD disease progression,is the cause of,Parkinson's disease dementia
T2DM,have an effect on,dementia in PD
IR,have an effect on,dementia in PD
IR,has an effect on,dementia in PD
T2DM,impact,occurrence and advancement of CD in PD patients
IRs,impact,occurrence and advancement of CD in PD patients
occurrence and advancement of CD,is impacted by,T2DM and IRs
CD,in,PD patients
T2DM,have an impact on,CD in PD patients
IRs,have an impact on,CD in PD patients
T2DM,impact on,CD in PD patients
IRs,impact on,CD in PD patients
T2DM,influence,CD in PD patients
IRs,influence,CD in PD patients
T2DM and IRs,have an impact on,CD in PD patients
T2DM,impact of,CD in PD patients
IRs,impact of,CD in PD patients
review,examines,impact of T2DM and IRs on CD in PD patients
T2DM,impact of,examined
IRs,impact of,examined
PD,is associated with,CD
PD,is associated with,metabolic dysfunction
PD,associated with,metabolic dysfunction
PD,associated with,CD
metabolic dysfunction,associated with,PD
CD,associated with,PD
Longitudinal studies,with,systematic follow-ups
Longitudinal studies with systematic follow-ups,are essential to establish,causal links
adiposity-related inflammatory factors,lead to,formation of inflammasome complexes
abnormal activation of the NLRP3 inflammasome signaling pathway,influences,neuroinflammatory processes
Alzheimer's disease,increases the risk of,T2D mellitus
mice,were,transgenic
we,tested,our hypothesis
mice,were,Alzheimer APPswe/PS1dE9 transgenic mice
mice,were partially deficient in,leptin signaling
mice,were,db/
mice,resulted in,hyperinsulinemia
Alzheimer APPswe/PS1dE9 (APP/PS1) transgenic mice,resulted in,glucose intolerance
mice,resulted in,insulin resistance
mice,resulted in,impaired insulin signaling
isoflurane,caused,tau hyperphosphorylation
isoflurane,caused,fear memory impairment
high-fat diet plus streptozotocin,also caused,fear memory impairment
isoflurane,is,compound
isoflurane,causes,fear memory impairment
Streptozotocin,causes,fear memory impairment
Isoflurane,work synergistically with,high-fat diet plus streptozotocin
high-fat diet plus streptozotocin,work synergistically with,Isoflurane
Isoflurane,work dramatically,high-fat diet plus streptozotocin
high-fat diet plus streptozotocin,work dramatically,Isoflurane
glycated hemoglobin,contributes to,APOE4-related cognitive and olfactory impairment
APOE4-related cognitive and olfactory impairment,in,individuals with T2DM
elevated glycated hemoglobin levels,are associated with,increased risks of olfactory impairments
Apolipoprotein E epsilon 4 carriage,is associated with,type 2 diabetes mellitus glycemic control
Individuals with Apolipoprotein E epsilon 4 carriage,have,type 2 diabetes mellitus glycemic control
type 2 diabetes mellitus,need for,glycemic control
presence of GLUT-1 and GLUT-3,results in,hormone-induced glucose uptake
hormone-induced glucose uptake,due to,low insulin-sensitive GLUT-4 activity
alterations of these functional activities,may contribute to,manifestation of several clinical entities
alterations,contribute to,central insulin resistance
alterations of these functional activities,may contribute to,functional activities manifestation of several clinical entities
alterations,may contribute to,central insulin resistance
protein O-GlcNAcylation,is associated with,formation of amyloid plaques
cognitive dysfunction,is being reported due to,insulin resistance in the central nervous system
type 2 diabetes mellitus,influences,neurodegeneration
type 2 diabetes mellitus,similar to,Alzheimer disease
type 2 diabetes mellitus,has influence on,neurodegeneration
type 2 diabetes mellitus,is similar to,Alzheimer disease
previous studies,showed that,streptozotocin causes insulin resistance diseases
Streptozotocin,causes,type 2 diabetes mellitus
Streptozotocin,causes,non-alcoholic steatohepatitis
chronic human exposure to nitrosamine compounds,contributes to,pathogenesis of diseases
chronic human exposure to nitrosamine compounds,contributes to,pathogenesis of type 2 diabetes mellitus
chronic human exposure to nitrosamine compounds,contributes to,pathogenesis of non-alcoholic steatohepatitis
chronic human exposure to nitrosamine compounds,contributes to,pathogenesis of Alzheimer's disease
Type 2 diabetes mellitus,are diseases caused by,nitrosamine compounds
non-alcoholic steatohepatitis,are diseases caused by,nitrosamine compounds
Alzheimer's disease,are diseases caused by,nitrosamine compounds
nitrosamine compounds,contribute to,pathogenesis of non-alcoholic steatohepatitis
detection and prevention of human exposures to nitrosamines,will lead to,earlier treatments
earlier treatments,will lead to the eventual,quelling of major insulin resistance diseases
nitrosamines,are a major cause of,insulin resistance diseases
diabetes mellitus,is associated with,increased relative risk for AD
Diabetes mellitus,is associated with,increased relative risk for AD
Diabetes mellitus,is a cause of,AD
Diabetes mellitus,is associated with,increased relative risk
diabetes mellitus,is a cause of,AD
Tau hyperphosphorylation,can be caused by,hypothermia
Tau pathology,can be caused by,hypothermia
Tau hyperphosphorylation,is caused by,hypothermia
Tau pathology,is caused by,hypothermia
hypothermia,causes,Tau hyperphosphorylation
hypothermia,causes,pathology
Tau hyperphosphorylation,is caused by,pathology
pathology,is caused by,hypothermia
insulin dysfunction,causes,tau hyperphosphorylation and pathology
tau hyperphosphorylation and pathology,through,hypothermia
the study,was the purpose of,to infer causal relationships with the AD phenome
total cholesterol,was associated with,decreased hippocampal volume
sleep duration,was associated with,increased cortical thickness
genetic evidence,supported,causal role for blood pressure
genetic evidence,supported,causal role for cholesterol levels
genetic evidence,supported,causal role for smoking
genetic evidence,supported,causal role for diabetes
detrimental effects of insulin resistance,in,central nervous system
detrimental effects of insulin resistance in the central nervous system,contribute to,cognitive dysfunction
insulin resistance,contributes to,cognitive dysfunction
insulin resistance,in,central nervous system
cognitive dysfunction,is being reported in,recent clinical and preclinical studies
insulin resistance in the central nervous system,due to,cognitive dysfunction
insulin resistance in the central nervous system,is a cause of,cognitive dysfunction
cognitive dysfunction,being reported in,recent clinical and preclinical studies
insulin resistance,causes,cognitive dysfunction in the central nervous system
oxidative stress (OS),contributes to,neurodegeneration
oxidative stress (OS),causes,neurodegeneration
insulin resistance,causes,neurodegeneration
AMPK dysfunctions,causes,neurodegeneration
OS,impact,cell metabolic dysfunctions
alterations,impact,cell metabolic dysfunctions
role of drugs,needs to be elucidated,hypoglycemic episodes
drugs,may cause,hypoglycemic episodes
drugs that may cause hypoglycemic episodes,may have a role to be,elucidated
trials,are required to address,role of drugs that may cause hypoglycemic episodes
trials,are required to elucidate,role of drugs that may cause hypoglycemic episodes
drugs that may cause hypoglycemic episodes,role of,needs to be elucidated
trials,will elucidate,role of drugs that may cause hypoglycemic episodes
Type 2 diabetes,increases the risk of,Alzheimer's disease
patients,with,Type 2 diabetes
segment,is remodelled on,face of L1
face of L1,upon,insulin binding
type 2 diabetes mellitus,is associated with,increased risk of alzheimer's disease
Type 2 diabetes mellitus,increases the risk of,Alzheimer's disease
confounding factors,due to,Type 2 diabetes mellitus increases the risk of Alzheimer's disease
reverse causality,due to,Type 2 diabetes mellitus increases the risk of Alzheimer's disease
Type 2 diabetes mellitus,association between,Alzheimer's disease
association between Type 2 diabetes mellitus and Alzheimer's disease,is due to,confounding factors and reverse causality
Type 2 diabetes mellitus,associated with,Alzheimer's disease
confounding factors,are the reason for,association between Type 2 diabetes mellitus and Alzheimer's disease
reverse causality,are the reason for,association between Type 2 diabetes mellitus and Alzheimer's disease
Type 2 diabetes mellitus,is associated with,Alzheimer's disease
confounding factors,due to,Alzheimer's disease
reverse causality,due to,Alzheimer's disease
this study,aims to clarify,causal relationship between Type 2 diabetes mellitus and Alzheimer's disease
Type 2 diabetes mellitus,have a causal relationship,Alzheimer's disease
this study,aims to clarify,causal relationship
meta-analysis,found,no significant causal link between Type 2 diabetes mellitus and Alzheimer's disease
I squared value,was,31.3
meta-MR and MR analysis,revealed,no significant causal association between Type 2 diabetes mellitus and Alzheimer's disease
genetic predisposition to Type 2 diabetes mellitus,does not appear to causally influence,Alzheimer's disease risk
modifiable clinical aspects of T2DM,may contribute to,neurodegenerative processes
modifiable environmental aspects of T2DM,may contribute to,neurodegenerative processes
genetic predisposition to Type 2 diabetes mellitus,does not causally influence,Alzheimer's disease risk
modifiable clinical aspects of T2DM,may still contribute to,neurodegenerative processes
modifiable environmental aspects of T2DM,may still contribute to,neurodegenerative processes
exogenous application of streptozotocin,results in,insulin deficiency
this,results in,cognitive impairments
this,results in,insulin deficiency
application of streptozotocin,results in,increased tau phosphorylation
impairments,are caused by,cognitive impairments
exogenous insulin supplementation,reverses,impairments caused by increased tau phosphorylation
exogenous insulin supplementation,reverses,impairments caused by insulin deficiency
AD in T2DM,is caused by,major factors
major factors,cause,AD in T2DM
AD in T2DM,is caused by,hyperinsulinemia
AD in T2DM,is caused by,insulin resistance
hyperinsulinemia,cause,AD in T2DM
insulin resistance,cause,AD in T2DM
study,was because of,memory impairment
early stage dementia,is because of,memory impairment
Type 2 diabetes,relationship of,memory function
memory impairment,because of,relationship of Type 2 diabetes with memory function
Type 2 diabetes,was related to,memory function
memory impairment,because of,memory function
early stage dementia,because of,relationship of Type 2 diabetes with memory function
early stage dementia,is because of,type 2 diabetes
early stage dementia,because of,memory impairment
Type 2 diabetes,related to,memory function
early stage dementia,caused,memory impairment
Type 2 diabetes,has relation with,cognition
insulin resistance in the brain,influences,relation of Type 2 diabetes with cognition
Type 2 diabetes,is influenced by,cerebrovascular disease
Type 2 diabetes,is influenced by,insulin resistance in the brain
Type 2 diabetes,is associated with,lower level and faster decline in memory function
Type 2 diabetes,is associated with,lower level in memory function
Type 2 diabetes,is associated with,faster decline in memory function
Type 2 diabetes,is associated with,decline in memory function
Type 2 diabetes,is associated with,memory function
Type 2 diabetes,is associated with,lower level in memory
Type 2 diabetes,is associated with,memory
Type 2 diabetes,is associated with,faster decline
Type 2 diabetes,is associated with,lower level
Type 2 diabetes,is associated with,lower level of memory
Type 2 diabetes,is associated with,lower level of memory function
type 2 diabetes,is associated with,lower level in memory function
Type 2 diabetes,is associated with,faster decline in memory
disruption,results in,loss of neural connectivity
abnormality in the brain's protein function,leads to,disruption in the brain network
this,leads to,disruption in the brain network
brain network,is disrupted,abnormality in the brain's protein function
abnormality in the brain's protein function,due to,brain network disruption
disruption in the brain network,causes,loss of neural connectivity
abnormality in the brain's protein function,results in,loss of neural connectivity
disruption in the brain network,is caused by,abnormality in the brain's protein function
abnormality in the brain's protein function,is the cause of,disruption in the brain network
abnormality in the brain's protein function,is the cause of,loss of neural connectivity
combination,is caused by,genetic and environmental factors
pathways,may lead to,Alzheimer's disease progression
pathways,may aggravate,Alzheimer's disease pathology
these pathways,associated with,Alzheimer's disease progression
these pathways,associated with,Alzheimer's disease pathology
Type 2 diabetes,are associated with,Alzheimer's disease progression and pathology
metabolic syndrome,are associated with,Alzheimer's disease progression and pathology
Type 2 diabetes,associated with,metabolic syndrome
Type 2 diabetes,associated with,Alzheimer's disease progression and pathology
metabolic syndrome,associated with,Alzheimer's disease progression and pathology
Alzheimer's disease progression,is due to,cleaved tau serving as a nucleation center for the pathological assembly of tau filaments
progression of Alzheimer's disease,is caused by,proteolytic tau cleavage
current study results,suggest,tau modification caused by insulin dysfunction and hyperglycemia
tau modification caused by insulin dysfunction and hyperglycemia,may contribute to,increased incidence of Alzheimer's disease in diabetes
tau modification,caused by,insulin dysfunction
tau modification caused by insulin dysfunction,may contribute to,increased incidence of Alzheimer's disease
study,focused on,Blood brain barrier
mediator,was associated with,chronic vascular risk factors
mediator,was associated with,cerebrospinal fluid/serum albumin ratio
cerebrospinal fluid/serum albumin ratio,associated with,mediator
chronic vascular risk factors,associated with,mediator
cerebrospinal fluid/serum albumin ratio,was associated with,chronic vascular risk factors
chronic vascular risk factors,were associated with,cerebrospinal fluid/serum albumin ratio
cerebrospinal fluid/serum albumin ratio,were associated with,chronic vascular risk factors
cerebrospinal fluid/serum albumin ratio,associated with,chronic vascular risk factors
SGLT2-i,caused,effects
DPP4-i,caused,effects
SGLT2-i,caused,these effects
DPP4-i,caused,these effects
SGLT2-i,resulted in,these effects
DPP4-i,resulted in,these effects
SGLT2-i,led to,these effects
DPP4-i,led to,these effects
neuroinflammation,is caused by,systemic inflammatory cytokines
obesity,is associated with,condition that induces Type 2 diabetes
progression to Alzheimer's disease,could be influenced by,insulin signaling pathway
insulin signaling pathway,is affected,T2DM
neurofibrillary tangles,lead to,impairment of several crucial cascades
amyloid plaques,lead to,impairment of several crucial cascades
"the word ""Interestingly""",is not a part of,any independent clause
investigation of the molecular cascades,through,insulin functions in brain
investigation of the molecular cascades through insulin functions in brain,contributes to,probe and perceive progressions of diabetes to Alzheimer's disease
investigation of the molecular cascades through insulin functions in brain,contributes to,probing progressions of diabetes to Alzheimer's disease
diabetes mellitus,is associated with,Alzheimer's disease
Migraine,is associated with,Alzheimer's disease
study,aims to assess,causal link between T1DM and T2DM
study,aims to assess,causal link between T1DM and MS
study,aims to assess,causal link between T1DM and migraine
study,aims to assess,causal link between T1DM and the risk of AD
study,aims to assess,causal link between T2DM and MS
study,aims to assess,causal link between MS and migraine
study,aims to assess,causal link between MS and the risk of AD
study,aims to assess,causal link between T1DM and MS and migraine
study,aims to assess,causal link between T1DM and T2DM and migraine
study,aims to assess,causal link between T1DM and T2DM and MS
T1DM,causal link between,T2DM
T1DM and T2DM,risk of,AD
causal link between T1DM and migraine,and the risk of,AD
TIDM,has no causal association with,AD risk
MS,has no causal association with,AD risk
migraine,has no causal association with,AD risk
MS,has no causal association with,risk of AD
migraine,causal association with,risk of AD
these conditions,were examined for,causal association with AD
markers,can predict,T2DM
markers,combined with,AD
markers that can predict T2DM combined with AD,are to be,cured
impaired insulin production,causes,peripheral insulin resistance
increased hepatic glucose production,leads to,high blood glucose levels
peripheral insulin resistance,is caused by,impaired insulin production
apolipoprotein E,is associated with,LRP1
LRP1 deficiency,resulted in,glucose intolerance in the brain
conditional knock-out mice,had,LRP1 deficiency
further exacerbation of insulin resistance,was caused by,suppression of LRP1 expression
hyperglycemia,cause,suppression of LRP1 expression
obstructive sleep apnea PRS,was significantly associated with,Alzheimer disease
genetic effects,were due to,obstructive sleep apnea genes
obstructive sleep apnea,influences,Alzheimer disease
Alzheimer disease,is influenced by,obstructive sleep apnea
genetic effects,were due to,obstructive sleep apnea
Alzheimer's disease,is associated with,accumulation of amyloid-β (Aβ) plaques in the brain
accumulation of amyloid-β (Aβ) plaques,is associated with,neurofibrillary tangles in the brain
current FDA-approved drugs,have,limited impact
metabolic dysfunctions,influence,Alzheimer's disease progression
bioactive compounds,influence,Alzheimer's disease progression
this review,aims to provide,comprehensive understanding of how metabolic dysfunctions and bioactive compounds influence Alzheimer's disease progression
study,assesses,causal impact of rheumatoid arthritis on Parkinson's disease
MVMR analysis,revealed no,causal connections between rheumatoid arthritis and Parkinson's disease
MVMR analysis,revealed,no causal connections
rheumatoid arthritis,potentially causes,increased risk of developing Parkinson's disease
increased risk of developing Parkinson's disease,is,PD
increased risk,of developing,Parkinson's disease
development of insulin resistance,due to,diminution of insulin affinity to its receptor
diminution of insulin affinity to its receptor,was caused by,lowered interstitial fluid pH
lowered interstitial fluid pH,caused,accelerated accumulation of amyloid-β
accelerated accumulation of amyloid-β,due to,elevated activities of β- and γ-secretases
SGLT1i,influence on,Alzheimer's disease (AD)
SGLT2i,influence on,Alzheimer's disease (AD)
SGLT1i,influence on,Parkinson's disease (PD)
SGLT2i,influence on,Parkinson's disease (PD)
SGLT1i,influence on,multiple sclerosis (MS)
SGLT2i,influence on,multiple sclerosis (MS)
SGLT1i,influence on,frontotemporal dementia (FTD)
SGLT2i,influence on,frontotemporal dementia (FTD)
SGLT1i,influence on,amyotrophic lateral sclerosis (ALS)
SGLT2i,influence on,amyotrophic lateral sclerosis (ALS)
SGLT1i,analyzed on,"Alzheimer's disease (AD), Parkinson's disease (PD), multiple sclerosis (MS), frontotemporal dementia (FTD), Lewy body dementia (LBD), and amyotrophic lateral sclerosis (ALS)"
SGLT2i,analyzed on,"Alzheimer's disease (AD), Parkinson's disease (PD), multiple sclerosis (MS), frontotemporal dementia (FTD), Lewy body dementia (LBD), and amyotrophic lateral sclerosis (ALS)"
findings,highlight,importance of considering the varying impacts of SGLT inhibitors
varying impacts,are on,risks of neurodegenerative diseases
familial Alzheimer's disease mutation,is the cause of,Alzheimer's disease
glucose regulation,associated with,prediabetes and early T2DM
glucose regulation associated with prediabetes and early T2DM,affects,older adults
older adults,have,poor glucose regulation
poor glucose regulation,associated with,prediabetes
poor glucose regulation,associated with,early T2DM
glucose regulation associated with prediabetes and early T2DM,associated with,older adults
older adults,have,poor glucose regulation associated with prediabetes and early T2DM
glucose regulation,associated with,older adults
poor glucose regulation,associated with,prediabetes and early T2DM
older adults,are associated with,glucose regulation associated with prediabetes and early T2DM
older adults with poor glucose regulation,associated with,prediabetes and early T2DM
older adults with poor glucose regulation,associated with,glucose regulation associated with prediabetes and early T
bIR,is associated with,peripheral insulin resistance
bIR,is associated with,effects on peripheral insulin resistance
bIR,is associated with,effects on cognition
bIR,associated with,peripheral insulin resistance
bIR,effects on,cognition
bIR,is associated with,effects on peripheral
IDE hypofunction,may underlie or contribute to,some forms of AD and DM2
patients with Alzheimer's disease,have increased levels of,inflammatory cytokines in the brain
these changes,are associated with,neuroimaging changes
impairment,is associated with,structural brain correlates
possible mechanisms,may be associated with,IR improvement
mechanisms,may be associated with,decreased formations of Aβ
mechanisms,may be associated with,decreased formations of AGEs
mechanisms,may be associated with,decreased formations of Tau protein
mechanisms,are associated with,IR improvement
mechanisms,are associated with,decreased formations of Aβ
mechanisms,are associated with,decreased formations of AGEs
mechanisms,are associated with,decreased formations of Tau protein
IR improvement,is associated with,decreased formations of Aβ
IR improvement,is associated with,decreased formations of AGEs
IR improvement,is associated with,decreased formations of Tau protein
STZ,caused,diabetic effects
diabetic effects,in,the mice
Ex-4,has a potential value in,AD
Ex-4,when associated with,T2DM
hyperlipidemia,increases the risk for the development of,Alzheimer's disease
Alzheimer's disease and similar conditions,may have increased risk for the development of,vascular dementia
association,may be due to,systemic mitochondrial dysfunction
this association,may be in part due to,systemic mitochondrial dysfunction
this association,may be due to,systemic mitochondrial dysfunction
association,may be in part due to,systemic mitochondrial dysfunction
systemic mitochondrial dysfunction,may be in part due to,this association
challenge,is due to,Alzheimer's disease
Alzheimer's disease,focus on,targets
therapeutic targets,to develop,Alzheimer's disease
accumulation of amyloid beta,leads to,reduction in GSK-3β phosphorylation
Tau phosphorylation,causes,AD
conditions,are related to,type 2 diabetes mellitus
interaction,leads to,development of AD
insulin resistance,can lead to,onset of AD
insulin deficiency,can lead to,onset of AD
insulin resistance,can lead to,development of AD
insulin deficiency,can lead to,development of AD
amyloid-β protein,and,tau protein phosphorylation
amyloid-β protein and tau protein phosphorylation,can lead to,onset of AD
amyloid-β protein and tau protein phosphorylation,can lead to,development of AD
onset of AD,is caused by,insulin resistance and deficiency
insulin resistance and deficiency,interacting with,amyloid-β protein and tau protein phosphorylation
insulin resistance and deficiency,interact,amyloid-β protein and tau protein phosphorylation
insulin resistance and deficiency,lead to,onset and development of AD
amyloid-β protein and tau protein phosphorylation,lead to,onset and development of AD
Insulin,impacts,various neurotransmitters
Insulin,impacts,neurotransmitters
Insulin,enhances,memory
Insulin,enhances,cognition
researchers,investigated,whether insulin resistance is associated with the assembly of amyloid β-protein (Aβ) at the cell surface of neurons
insulin resistance,is associated with,assembly of amyloid β-protein (Aβ) at the cell surface of neurons
researchers,used,primary neurons
primary neurons,for,study
insulin-signalling pathways,are involved in,insulin resistance
researchers,inhibited,insulin-signalling pathways
researchers,investigated,effect of inhibiting insulin-signalling pathways on the assembly of amyloid β-protein (Aβ) at the cell surface of neurons
researchers,investigated,effect of inhibiting insulin-signalling pathways
effect of inhibiting insulin-signalling pathways,on,whether insulin resistance is associated with the assembly of amyloid β-protein (Aβ) at the cell surface of neurons
insulin resistance,associated with,assembly of amyloid β-protein (Aβ) at the cell surface of neurons
assembly of amyloid β-protein (Aβ),is associated with,cell surface of neurons
assembly of amyloid β-protein (Aβ),is associated with,insulin resistance
Neurofibrillary tangles (NFT),lead to,neurodegeneration
neurodegeneration,leads to,cognitive impairment
AD pathogenesis,is caused by,one of the risk factors
this increase,is associated with,TAU phosphorylation
increase of Aβ production,lead to,effects mentioned
TAU phosphorylation,lead to,effects mentioned
AD,is caused by,the effects mentioned
brain insulin resistance,also known as,Type 3 diabetes
brain insulin resistance,leads to,increase of Aβ production
brain insulin resistance,leads to,TAU phosphorylation
brain insulin resistance,leads to,cognitive impairment
Aβ production,increase of,cognitive impairment
TAU phosphorylation,lead to,cognitive impairment
increase of Aβ production,is a cause of,cognitive impairment
increase of Aβ production,leads to,cognitive impairment
Aβ42 generated in the brain,would impact negatively on,hypothalamus
Aβ42,would impact negatively on,hypothalamus
down regulation of the liver insulin receptor,would lead to,peripheral hyperglycaemia
pathogenesis of LOAD,is caused by,brain insulin resistance
pathogenesis of LOAD,is caused by,altered glucose metabolism
DM,is due to,its effects on cognition
its direct effects,are due to,its effects on cognition
its effects,are due to,its effects on cognition
its effects,are due to,its effects
mice,show,robust deficits in learning and memory processes
they,were,human tau mice treated under T1DM conditions
they,were,human tau mice
human tau mice,were treated under,T1DM conditions
impairments,are associated with,T1DM
impairments,are associated with,T2DM
impairments,associated with,T1DM
impairments,associated with,T2DM
impairments associated with T1DM,are associated with,T2DM
impairments associated with T1DM,are the same as,impairments associated with T2DM
impairments associated with T1DM,are the same,impairments associated with T2DM
human and animal studies,show that,BVR-A alterations
BVR-A alterations,are associated with,aberrant activation of insulin signaling
Animal studies,show that,BVR-A alterations
human studies,show that,BVR-A alterations are associated with the aberrant activation of insulin signaling
BVR-A alterations,are associated with,liver steatosis
BVR-A alterations,are associated with,visceral adipose tissue inflammation
aberrant activation of insulin signaling,in,diabetic individuals
metabolic syndrome,is associated with,liver steatosis
reduced BVR-A levels,contribute to,development of brain insulin resistance and metabolic alterations in Alzheimer's disease
impaired BVR-A activation,contribute to,development of brain insulin resistance and metabolic alterations in Alzheimer's disease
reduced BVR-A levels,contribute to,development of brain insulin resistance
reduced BVR-A levels,contribute to,metabolic alterations in Alzheimer's disease
impaired BVR-A activation,contributes to,development of brain insulin resistance
impaired BVR-A activation,contributes to,metabolic alterations in Alzheimer's disease
impaired BVR-A activation,contribute to,development of brain insulin resistance
impaired BVR-A activation,contribute to,metabolic alterations in Alzheimer's disease
BVR-A alterations,impact,cell dysfunctions
insulin signaling pathway,is associated with,more severe cognitive deficits
Neuropathological abnormalities,are associated with,cognitive impairment in T2DM
brain insulin resistance,is associated with,T2DM
brain insulin resistance,is associated with,obesity
brain insulin resistance,is associated with,insulin resistance
low water T(2) values,were associated with,subclinical inflammation
confounders,were associated with,association
confounders,were independently and additively,associated with the association
association,independently and additively,confounders
confounders,were independently associated,association
confounders,were additively associated,association
association,was independently and additively associated with,confounders
association,was associated with,confounders
Water T(2),detects,constellation of early abnormalities
constellation of early abnormalities,associated with,metabolic syndrome
constellation of early abnormalities,is associated with,metabolic syndrome
water T(2),circumvents,pitfalls associated with fasting glucose and hemoglobin A1c
water T(2),is associated with,fasting glucose
water T(2),is associated with,hemoglobin A1c
water T(2),has,pitfalls
pitfalls,are associated with,fasting glucose
pitfalls,are associated with,hemoglobin A1c
water T(2),is associated with,current clinical criteria
current clinical criteria,are associated with,pitfalls
pitfalls,are associated with,current clinical criteria
Alzheimer's disease,is diagnosed and predicted using,current standard for in vivo assessment
altered glucose homeostasis,associated with,Aβ and amyloid
insulin resistance,associated with,Aβ and amyloid
findings,demonstrate,altered glucose homeostasis and insulin resistance are associated with Aβ and amyloid in rodent and NHP models
altered glucose homeostasis,are associated with,Aβ and amyloid
insulin resistance,are associated with,Aβ and amyloid
altered glucose homeostasis,is associated with,Aβ and amyloid
insulin resistance,is associated with,Aβ and amyloid
altered glucose homeostasis,is associated with,Aβ
insulin resistance,is associated with,amyloid
altered glucose homeostasis,are associated with,Aβ
insulin resistance,are associated with,Aβ
altered glucose homeostasis,are associated with,amyloid
insulin resistance,are associated with,amyloid
Aβ and amyloid,in,rodent models
altered glucose homeostasis,are associated with,Aβ and amyloid in NHP models
insulin resistance,are associated with,Aβ and amyloid in NHP models
Type 2 diabetes,associated with,Alzheimer's disease
peripheral insulin resistance,associated with,Alzheimer's disease
poor glycemia control,associated with,Alzheimer's disease
T2DM,is especially associated with,disrupted insulin signaling
insulin signaling,is associated with,T2DM
AD pathogenesis,is associated with,T2DM
hypothesis,is supported by,studies
studies,suggesting,AD as a metabolic disease
AD as a metabolic disease,caused by,insulin resistance in the brain
insulin resistance in the brain,causes,Alzheimer's disease as a metabolic disease
disease processes related to diabetes,lead to,dementia development
disease processes related to diabetes,affect,brain
disease processes related to diabetes that affect the brain,lead to,dementia development
cerebral accumulation of amyloid beta-protein (Abeta),causes of,Alzheimer's disease
causes of cerebral accumulation of amyloid beta-protein (Abeta),remain,unknown
cerebral accumulation of amyloid beta-protein (Abeta),are found in,most cases of Alzheimer's disease
causes of cerebral accumulation of amyloid beta-protein (Abeta),are,unknown
Alzheimer's disease,causes,cerebral accumulation of amyloid beta-protein (Abeta)
causes of cerebral accumulation of amyloid beta-protein (Abeta),are unknown,most cases of Alzheimer's disease
causes of cerebral accumulation of amyloid beta-protein (Abeta),remain unknown,in most cases of Alzheimer's disease
Alzheimer's disease,have,unknown causes of cerebral accumulation of amyloid beta-protein (Abeta)
Alzheimer's disease,have,unknown causes
cerebral accumulation of amyloid beta-protein (Abeta),causes of,unknown
Alzheimer's disease,has,unknown causes
Alzheimer's disease,has,cerebral accumulation of amyloid beta-protein (Abeta)
Cerebral Abeta,is associated with,early elevation
partial loss of function of insulin-degrading enzyme,does not cause,"early, severe elevation of brain Abeta"
partial loss of function of insulin-degrading enzyme,can still alter,Abeta degradation
partial loss of function of insulin-degrading enzyme,without causing,"early, severe elevation of brain Abeta"
systemic metabolic derangement,impacts,anterior segment health of the eye
systemic proteomic derangement,impacts,anterior segment health of the eye
systemic metabolic and proteomic derangement,ultimately impacts,anterior segment health of the eye
aqueous humor composition,is influenced by,systemic metabolic and proteomic derangement
systemic metabolic and proteomic derangement,observed in,progression of Diabetes mellitus
diabetes mellitus progression,leads to,systemic metabolic derangement
diabetes mellitus progression,leads to,proteomic derangement
diabetes mellitus progression,leads to,systemic metabolic and proteomic derangement
systemic metabolic and proteomic derangement,affects,anterior segment health of the eye
progression of Diabetes mellitus,causes,systemic metabolic and proteomic derangement
systemic metabolic and proteomic derangement,affects,the eye
systemic metabolic and proteomic derangement,ultimately affects,anterior segment health of the eye
Aqueous humor samples,were collected from,anterior chamber during elective ophthalmic surgery
samples,were evaluated for,metabolite and protein expression changes
changes,were associated with,diabetic severity
evaluation,was done via,gas chromatography/mass spectrometry
evaluation,was also done via,ultra-high performance liquid chromatography tandem mass spectrometry
rise in obesity,might be due to,rapid urbanization
rise in obesity,be due to,lifestyle changes
rise in obesity,might be due to,rise in obesity
rise in obesity,might be due to,rise in diabetes mellitus
diabetes mellitus,rise in,rapid urbanization
rise in diabetes mellitus,might be due to,rise in obesity
rise in diabetes mellitus,might be due to,diabetes mellitus
rise in diabetes mellitus,might be due to,rise in diabetes mellitus
defective insulin signaling,contributes to,synaptic Alzheimer's disease
defective insulin signaling,contributes to,cognitive deficits in AD
type 2 diabetes mellitus,is associated with,Alzheimer's disease
type 2 diabetes mellitus,causes,Alzheimer's disease
Type 2 diabetes mellitus,causes,Alzheimer's disease
Alzheimer's disease,is unclear whether it is a cause of,type 2 diabetes mellitus
Alzheimer's disease,is associated with,type 2 diabetes mellitus
type 2 diabetes mellitus,causal association with,Alzheimer's disease
results of the main analysis,confirmed,robustness of the study
study,was,robust
sensitivity analyses,confirmed,results of the main analysis
study,confirmed,robustness of the sensitivity analyses
sensitivity analyses,were consistent with,results of the main analysis
sensitivity analyses,confirmed,study
Alzheimer's Disease,is caused by,the development of AD
treatment,has a potential to cause,hypoglycemic effects
rosiglitazone therapy,impacts,serum ApoJ levels
metformin therapy,impacts,serum ApoJ levels
rosiglitazone therapy,impacts,glucose disposal rate
metformin therapy,impacts,glucose disposal rate
impacts of rosiglitazone or metformin therapy,were evaluated,glucose disposal rate
impacts,were evaluated in,separate cohort of T2D subjects
impacts,were evaluated on,T2D subjects
impacts,were evaluated in,T2D subjects
hyperglycemia,may lead to,glutamate-induced excitotoxicity
excessive depolarization,is caused by,uncontrolled calcium ion influx into neuronal cells
this,contribute to,Alzheimer's Disease
present review,reveals,most recent and important evidence associated with the phenomenon of type 3 diabetes
evidence,associated with,phenomenon of type 3 diabetes
phenomenon of type 3 diabetes,is,important
diabetes,might result in,neurometabolic disorders
Type 3 diabetes,is,a phenomenon
Type 3 diabetes,associated with,evidence
type 3 diabetes,is associated with,evidence
type 3 diabetes,is associated with,evidence from a pharmacotherapy perspective
cognitive impairment,of,T2DM patients
ApoE ε4,relationship is unclear between,glycogen synthase kinase-3β
ApoE ε4,is unclear in,cognitive impairment of T2DM patients
glycogen synthase kinase-3β,is unclear in,cognitive impairment of T2DM patients
ApoE ε4,are related in,glycogen synthase kinase-3β
ApoE ε4 and glycogen synthase kinase-3β,are related in,cognitive impairment of T2DM patients
ApoE ε4,is unclear of,glycogen synthase kinase-3β
ApoE ε4,is related to,glycogen synthase kinase-3β
ApoE ε4,have a relationship,glycogen synthase kinase-3β
ApoE ε4,has,unclear relationship
glycogen synthase kinase-3β,has,unclear relationship
apolipoprotein E ε4 haplotype,was associated with,elevated platelet GSK-3β activity
apolipoprotein E ε4 haplotype,was associated with,apolipoprotein E cognitive function
apolipoprotein E ε4 haplotype,was associated with,effects
apolipoprotein E ε3 haplotype,compared to,apolipoprotein E ε4 haplotype
Apolipoprotein E ε4,is associated with,cognitive impairment
Apolipoprotein E ε4 genotype,is a risk factor for,type 2 diabetes mellitus patients
development of a disease-course modification strategy,toward,early and effective risk factor management
early and effective risk factor management,would be clinically significant in,reducing the risk of metabolic disorder-initiated cognitive decline
proposed strategy,would be clinically significant in,reducing the risk of metabolic disorder-initiated cognitive decline
effective risk factor management,can reduce,risk of metabolic disorder-initiated cognitive decline
present study,was,this
FGF21,was a novel candidate for,disease-course modification approach
disease-course modification approach,was proposed,present study
present study,proposed,disease-course modification approach
FGF21,was proposed as,novel candidate for the disease-course modification approach
large-scale clinical studies,have shown that,systemic dysglycemia is also strongly associated with poorer cognitive outcomes
systemic dysglycemia,is strongly associated with,poorer cognitive outcomes
Sulfonylureas,have,different effect
Sulfonylureas,are different,exogenous insulin
exogenous insulin,has,different effect
exogenous insulin,may have,different effect
Exendin-4 signaling pathway,is associated with,Type 2 diabetes
results of the study,led to,elucidation of novel glycemic goals
life expectancy,will increase and lead to,rapid growth of dementia
dementia,has a rapid growth,life expectancy increase
increase in life expectancy,will result in,rapid growth of dementia
Composites of the CvRFs,increase,risk for dementia
our accomplishments,will be proud of,we
we,will have made,significant impact
we,will be proud of,our accomplishments
decrease in insulin-PI3K-AKT signalling,could lead to,activation of glycogen synthase kinase-3β
activation of glycogen synthase kinase-3β,is caused by,decrease in insulin-PI3K-AKT signalling
decrease in insulin-PI3K-AKT signalling,causes,activation of glycogen synthase kinase-3β
decrease in insulin-PI3K-AKT signalling,results in,activation of glycogen synthase kinase-3β
impaired insulin-PI3K-AKT signalling,leads to,down-regulation of O-GlcNAcylation
Abnormal tau hyperphosphorylation,leads to,neurodegeneration
activation of calpain I,was suggested to be a cause of,decrease
calpain over-activation,caused,the decrease
decrease,was caused by,calpain over-activation
decrease in brain insulin-PI3K-AKT signalling,was caused by,calpain over-activation
Calpain I over-activation,caused,decrease in brain insulin-PI3K-AKT signalling
Calpain I over-activation,caused,the decrease
decrease,was due to,calpain over-activation
decrease in brain insulin-PI3K-AKT signalling,was due to,calpain I over-activation
Calpain I over-activation,was the cause of,decrease in brain insulin-PI3K-AKT signalling
Calpain I over-activation,was the cause of,the decrease
Calpain I over-activation,led to,decrease in brain insulin-PI3K-AKT signalling
Type 2 diabetes mellitus,increases the risk for,developing cognitive impairment and dementia
Type 2 diabetes mellitus,increases,risk
type 2 diabetes mellitus,causes,risk
cognitive impairment,caused by,type 2 diabetes mellitus
dementia,caused by,type 2 diabetes mellitus
Type 2 diabetes mellitus,increases the risk of,cognitive impairment
Type 2 diabetes mellitus,increases the risk of,dementia
diabetes,causes,chronic kidney disease
hypothesis,is that,early knowledge of the UPP risk profile will lead to more rigorous risk factor management
early knowledge of the UPP risk profile,will lead to,more rigorous risk factor management
early knowledge of the UPP risk profile,will result in,benefit
early knowledge of the UPP risk profile,will lead to,benefit
UPP risk profile,will lead to,more rigorous risk factor management
knowledge of the UPP risk profile,will lead to,benefit
knowledge of the UPP risk profile,will lead to,more rigorous risk factor management
early knowledge of the UPP risk profile,will result in,benefit and more rigorous risk factor management
early knowledge of the UPP risk profile,will lead to,benefit and more rigorous risk factor management
more rigorous risk factor management,result in,benefit
hypothesis,is that,early knowledge of the UPP risk profile will result in a benefit
early knowledge of the UPP risk profile,will result in,more rigorous risk factor management
diabetes,leads to,24.4% increase in disability-adjusted life years
diabetes,leads to,increase
diabetes,leads to,increase of 24.4%
diabetes,leads to,increase in life years
diabetes,leads to,24.4%
crossing AD model AD model mice and T2D model T2D model mice,may not always cause,exacerbation of both the amyloidosis phenotype and the metabolic phenotype
crossing AD model mice and T2D model mice,may not always cause,exacerbation of both the amyloidosis phenotype and the metabolic phenotype
AD model mice,crossing,T2D model mice
crossing AD model mice and T2D model mice,may not always cause,exacerbation of the metabolic phenotype
crossing AD model mice and T2D model mice,may not cause,exacerbation of the amyloidosis phenotype
crossing AD model mice and T2D model mice,may not cause,exacerbation of the metabolic phenotype
crossing AD model mice and T2D model mice,may not always cause,exacerbation of the amyloidosis phenotype and the metabolic phenotype
Apolipoprotein E (ApoE),impact of,IAPP aggregation
Apolipoprotein E (ApoE),impact of,IAPP-induced toxicity
Type 2 diabetes mellitus,is associated with,risk of developing Alzheimer's disease
type 2 diabetes mellitus,associated with,development risk of Alzheimer's disease
Type 2 diabetes mellitus,is related to,Alzheimer's disease
deranged insulin signaling,leads to,accumulation of aggregated amyloid beta peptides
metabolic disturbances,such as,"hyperglycemia, peripheral hyperinsulinemia, dysregulated lipid metabolism, and chronic inflammation associated with T2DM"
metabolic disturbances,are responsible for,inefficient transport of insulin to the brain
production and deposition of Aβ,contributes to,impairment in the micro-tubule-associated protein Tau
micro-tubule-associated protein Tau,leads to,neural degeneration and cognitive decline
ROS production,possible influence of under oxidative stress,AD and T2DM
insulin-signaling dysregulation in T2DM,contributes to,pathogenesis and progression of AD
regions,are likely to harbour,shared causal variants
these regions,are likely to harbour,shared causal variants
these regions,were prioritised for,harbouring shared causal variants
colocalisation analyses,prioritised,regions harbouring shared causal variants
analyses,prioritised,regions harbouring shared causal variants
colocalisation analyses,prioritised,regions for harbouring shared causal variants
analyses,prioritised,regions for harbouring shared causal variants
dysfunction,was the cause of,impaired learning and memory ability
compound,could cause,Alzheimer's disease-like symptoms
compound,could cause,symptoms in mice
dysfunction,was due to,glucose metabolic turmoil
soluble tumor necrosis factor signaling (solTNF),impacts,integrated peripheral immune and metabolic feedback signals
integrated peripheral immune and metabolic feedback signals,are in,states of energy overload and insulin insensitivity
soluble tumor necrosis factor signaling,impacts,integrated peripheral immune and metabolic feedback signals
energy overload and insulin insensitivity,are states in which,soluble tumor necrosis factor signaling (solTNF)
alteration of metabolites,associated with,type 2 diabetes
alteration of metabolites,associated with,Alzheimer's disease
alteration of metabolites,observed in,HFHC-fed mice
alteration,was associated with,type 2 diabetes
alteration,was associated with,Alzheimer's disease
cognitive dysfunction,is associated with,elevated glucose levels
cognitive dysfunction,is associated with,diabetes
cognitive dysfunction,is caused by,Alzheimer's disease
Alzheimer's disease,is the most prevalent cause of,cognitive dysfunction
elevated glucose levels,are associated with,cognitive dysfunction
diabetes,are associated with,cognitive dysfunction
diabetes,is associated with,cognitive dysfunction
elevated glucose levels,are the causes of,cognitive dysfunction
diabetes,are the causes of,cognitive dysfunction
Alzheimer's disease,is the cause of,cognitive dysfunction
cognitive dysfunction,has,numerous causes
cognitive dysfunction,is,most prevalent cause
most prevalent cause of cognitive dysfunction,is not the,only cause
cognitive dysfunction,has,several causes
several causes,including,Alzheimer's disease
cognitive dysfunction,include,Alzheimer's disease
cognitive dysfunction,include,elevated glucose levels
cognitive dysfunction,is caused by,several factors
several factors,including,elevated glucose levels
Alzheimer's disease,is among the causes of,cognitive dysfunction
elevated glucose levels,are among the causes of,cognitive dysfunction
elevated glucose levels,are the most common causes of,cognitive dysfunction
diabetes,are the most common causes of,cognitive dysfunction
several factors,including,diabetes
systemic inflammation,is associated with,neurodegeneration
neurodegeneration,is associated with,systemic inflammation
neuroinflammation,is caused by,autoantibodies
groups,are vulnerable,risk of neurodegeneration
groups,are vulnerable,risk of progressive cognitive decline
decrements,associated with,Alzheimer's disease
decrements,are associated with,aging
decrements,are associated with,obesity
inhibition of the insulin receptor pathway activity,causes,neuroinflammation
Abnormal Aβ deposition,causes,tau hyperphosphorylation
we,have,belief
brain insulin signaling,is associated with,late-life cognitive decline
previous study,found that,neuronal hBACE1 knock-in
neuronal hBACE1 knock-in,leads to,AD- like phenotype
neuronal hBACE1 knock-in,leads to,T2DM- like phenotype
PLB4 mouse,leads to,AD- and T2DM- like phenotype
study,found,PLB4 mouse leads to both an AD- and T2DM- like phenotype
PLB4 mouse,leads to,both an AD- and T2DM- like phenotype
neuronal hBACE1 knock-in,leads to,AD- and T2DM-like phenotype
AD- and T2DM-like phenotype,in,PLB4 mouse
previous study,found that,PLB4 mouse
neuronal hBACE1 expression,caused,early pathological cleavage of APP
eIF2α,is,translation regulation factor
BIP,is,chaperone binding immunoglobulin protein
APP processing,is a cause of,ER stress
cause,is related to,protein
condition,is a result of,cause
murine nervous system,is affected early by,APP misprocessing
APP misprocessing,is a result of,hBACE1 introduction
mechanisms,are associated with,hBACE1 expression
hBACE1 expression,at,different ages
mechanisms,are associated with,hBACE1 expression at different ages
this study,aim of,evaluate the influence of insulin concentration
disorders in glucose concentration,are associated with,disorders in carbohydrate metabolism
disorders in insulin concentration,are associated with,disorders in carbohydrate metabolism
disorders in carbohydrate metabolism,are associated with,disorders in insulin concentration
this,used for,reducing the risk of type 2 diabetes
reducing the risk of Alzheimer's disease,could be used for,This
lower concentrations of vitamin D,were associated with,higher risk for all-cause mortality
higher risk for all-cause mortality,was associated with,higher risk for Alzheimer's disease
higher risk for hypertension,was associated with,higher risk for schizophrenia
lower concentrations of vitamin D,were associated with,higher risk for type 2 diabetes
meta-analyses and randomized controlled trials,showed that,vitamin D supplementation was associated with a decreased risk for all-cause mortality
Vitamin D supplementation,was not associated with,risk for Alzheimer's disease
Vitamin D supplementation,was not associated with,risk for schizophrenia
Vitamin D supplementation,was not associated with,risk for type 2 diabetes
aging,leads to,physiological alterations
aging,causes,changes in inflammatory responses
decreases in metabolism,are caused by,reduction in the breakdown of nutrients
aging,results in,imbalance between various physiological processes
changes in circulating hormone levels,are caused by,imbalance between hormone production and hormone regulation
decrease in metabolism,is caused by,imbalance between nutrient intake and energy expenditure
reduction in growth factors,is caused by,imbalance between growth-promoting and growth-inhibiting factors
aging,results in,various physiological changes
various physiological changes,are caused by,imbalance in physiological processes
physiological changes,caused by,aging
changes in hormone levels,include,physiological changes caused by aging
changes in fat deposition,include,physiological changes caused by aging
changes in metabolism,include,physiological changes caused by aging
changes in inflammatory responses,include,physiological changes caused by aging
changes in growth factors,include,physiological changes caused by aging
"obesity, metabolic syndrome, and type 2 (non-insulin-dependent) diabetes",are caused by,progressive changes in physiology and metabolism
alterations in hormone production,are directly influenced by,increase in oxidative stress
alterations in hormone signaling,are directly influenced by,increase in oxidative stress
treatment,may reduce,risk of cognitive decline
treatment,may reduce,risk of Alzheimer disease
higher levels of vascular risk factors,are associated with,increased risk of dementia
Observational studies,demonstrate that,higher levels of vascular risk factors are associated with an increased risk of dementia
higher levels of vascular risk factors,are associated with,risk of dementia
low density lipoprotein cholesterol,is associated with,dementia
high density lipoprotein cholesterol,is associated with,dementia
study,sought to determine if,triglycerides are associated with dementia
study,sought to determine if,diastolic blood pressure is associated with dementia
study,sought to determine,if body mass index is associated with dementia
circulating glucose,is associated with,dementia
low levels of serum 25-hydroxyvitamin D,are associated with,increased odds of prevalent cognitive dysfunction
low levels of serum 25-hydroxyvitamin D,are associated with,Alzheimer's disease
Vitamin D,is associated with,increased odds of Alzheimer's disease
associations,are a result of,disease progression
associations,rather than being,causal
disease progression,is the reason for,such associations
associations,are likely due to,disease progression
activation of NF-κB signaling pathway,leads to,increased expression of inflammatory genes
associations,may be due to,disease progression
such associations,may be due to,disease progression
such associations,rather than being,causal
smoking,is a risk factor for,lung cancer
MCI (T2DM-MCI),are types of,T2DM patients
non-MCI (T2DM-nMCI),are types of,T2DM patients
biomarker,was to be used in,T2DM patients
plasma β-amyloid (Aβ),change of was to,distinguish between MCI (T2DM-MCI) and non-MCI (T2DM-nMCI)
plasma β-amyloid (Aβ),change of,distinguish MCI (T2DM-MCI) from non-MCI (T2DM-nMCI)
this study,was to explore whether,change of plasma β-amyloid (Aβ) could be used to distinguish MCI (T2DM-MCI) from non-MCI (T2DM-nMCI)
change of plasma β-amyloid (Aβ),could be,biomarker for T2DM patients
study,was to explore whether,change of plasma β-amyloid (Aβ) could be used to distinguish MCI (T2DM-MCI) from non-MCI (T2DM-nMCI)
plasma β-amyloid (Aβ),change of,biomarker
this study,was to explore whether,change of plasma β-amyloid (Aβ) could be used as a biomarker
Predictive Risk modeling,using,Mendelian Randomization
Predictive Risk modeling,called,Mendelian Randomization
We,introduce,Predictive Risk modeling using Mendelian Randomization
Mendelian Randomization,is,a novel framework
Predictive Risk modeling,uses,Mendelian Randomization
Mendelian Randomization,learns,disease risk predictors
model,uses,brain imaging biomarkers
brain imaging biomarkers,to predict,future Alzheimer's disease onset
model,uses,accelerometer-derived traits
accelerometer-derived traits,to predict,future Parkinson's disease onset
brain imaging biomarkers,are used to,predict future Alzheimer's disease onset
Mendelian Randomization,use in,Predictive Risk modeling
We,offer,new perspective in predictive modeling
Mendelian Randomization,is possible to learn,risk predictors
we,offer,new perspective in predictive modeling
Mendelian Randomization,is possible to learn,risk predictors leveraging genetics
risk predictors,leveraging,longitudinal data
Mendelian Randomization,learn,risk predictors
Mendelian Randomization,is possible to,learn risk predictors leveraging genetics
This strategy,is to prevent,disease-like Ribosylation hyperphosphorylation
Targeting Ribosylation,by,inhibiting Advanced glycation end products formation
inhibiting Advanced glycation end products formation,may be,a promising therapeutic strategy
a promising therapeutic strategy,to prevent,Tau protein disease-like Ribosylation hyperphosphorylation
a promising therapeutic strategy,to prevent,diabetic encephalopathies
Targeting Ribosylation,may be,promising therapeutic strategy
promising therapeutic strategy,to prevent,Tau protein disease-like Ribosylation hyperphosphorylation
promising therapeutic strategy,to prevent,diabetic encephalopathies
activity,is associated with,insulin resistance
multiple logistic regression,demonstrated that,AO was associated with elevated BChE
AO,was associated with,HOMA-IR
AO,associated with,reduced HDL-C
AO,associated with,elevated BChE
AO,associated with,elevated HOMA-IR
AO,associated with,hypertension
these,may be associated with,cognitive disorder
cognitive disorder,in the,future
these,predict the development of,type 2 diabetes mellitus
development of type 2 diabetes mellitus,are associated with each other,cognitive disorder
development of type 2 diabetes mellitus,is associated with,cognitive disorder
these,may predict,development of type 2 diabetes mellitus
these,may predict the development of,type 2 diabetes mellitus
non-alcoholic steatohepatitis,results in,mild neurodegeneration
mild neurodegeneration,with some features of,AD
diet-induced obesity,results in,brain insulin resistance
non-alcoholic steatohepatitis,results in,brain insulin resistance
brain insulin resistance,with,some features of AD
non-alcoholic steatohepatitis,results in,features of AD
non-alcoholic steatohepatitis,results in,features of Alzheimer's disease
non-alcoholic steatohepatitis,results in,some features of Alzheimer's disease
non-alcoholic steatohepatitis,results in,some features
ceramides,cause,insulin resistance
ceramides,cause,neurodegeneration
ceramides,as mediators,neurodegeneration
ceramides,as mediators,insulin resistance
ceramides,through,insulin resistance
Ceramides,cause,insulin resistance
central nervous system,can cause,neurodegeneration
neurotoxic ceramides,can cause,neurodegeneration
neurotoxic ceramides,from,exogenous sources
central nervous system impairments,are associated with,insulin and IGF signaling mechanisms
obesity,associated with,impairments in insulin and IGF signaling mechanisms
type 2 diabetes mellitus,associated with,impairments in insulin and IGF signaling mechanisms
Non-alcoholic steatohepatitis,associated with,impairments in insulin and IGF signaling mechanisms
neurodegeneration,can be caused by,impairments in insulin and IGF signaling mechanisms
obesity,can cause,neurodegeneration
type 2 diabetes mellitus,can cause,neurodegeneration
Non-alcoholic steatohepatitis,can cause,neurodegeneration
neurodegeneration,can be caused by,central nervous system impairments
insulin and IGF signaling mechanisms,can be caused by,obesity and type 2 diabetes mellitus
insulin and IGF signaling mechanisms,can be caused by,Non-alcoholic steatohepatitis
obesity,can cause,impairments in insulin and IGF signaling mechanisms
type 2 diabetes mellitus,can cause,impairments in insulin and IGF signaling mechanisms
non-alcoholic steatohepatitis,can cause,impairments in insulin and IGF signaling mechanisms
Obesity,can cause,impairments
type 2 diabetes mellitus,can cause,impairments
Non-alcoholic steatohepatitis,can cause,impairments
Alzheimer's disease (AD),has many common links with,conditions associated with insulin resistance
Alzheimer's disease,have the same underlying cause,type 2 diabetes mellitus
aberrant expression of insulin receptor substrate 1,contribute to,insulin resistance
aberrant phosphorylation of insulin receptor substrate 1,contribute to,insulin resistance
underlying mechanism of insulin resistance,is contributed to by,aberrant expression and phosphorylation of insulin receptor substrate 1
aberrant expression,contribute to,insulin resistance
phosphorylation of insulin receptor substrate 1,contribute to,insulin resistance
underlying mechanism,remains,elusive
insulin receptor substrate 1 expression,was caused by,slowing turnover of the insulin receptor substrate 1 protein
insulin receptor substrate 1 protein,was turned over slowly,Dual-specificity tyrosine phosphorylation-regulated kinase 1A overexpression
insulin receptor substrate 1 protein,turned over slowly,Dual-specificity tyrosine phosphorylation-regulated kinase 1A overexpression
high blood sugar levels,can cause,health problems
persistent hyperglycaemia,results in,chronic low-grade inflammation
chronic low-grade inflammation,may contribute to,development of Alzheimer's disease neuroinflammation
animal Alzheimer's disease,show that,persistent hyperglycaemia
inflammation,contribute to,development of Alzheimer's disease neuroinflammation
chronic low-grade inflammation,accelerate,pathobiology of AD
patients with Alzheimer's disease,have,decreased risk for the occurrence of Alzheimer's disease and all-cause dementia
risk for the occurrence of Alzheimer's disease,was decreased,all-cause dementia
treatment with specific anti-diabetic agents,decreased,risk for the occurrence of Alzheimer's disease and all-cause dementia
treatment with specific anti-diabetic agents,in,patients with Alzheimer's disease
patients with Alzheimer's disease,received treatment with,specific anti-diabetic agents
Patients with Alzheimer's disease,received treatment with,specific anti-diabetic agents
Patients with Alzheimer's disease who received treatment with specific anti-diabetic agents,have a decreased risk for the occurrence of,all-cause dementia
risk for the occurrence of Alzheimer's disease and all-cause dementia,was decreased in,patients with Alzheimer's disease
pathology,includes,amyloid deposits
pathology,includes,Tau deposits
early insulin response to oral glucose load,predicts,cognitive performance after 10 years
early insulin response,predicts,cognitive performance after 10 years
early insulin response,to,oral glucose load
cognitive performance after 10 years,is predicted by,early insulin response to oral glucose load
BEL,is capable of,capturing and representing causal and correlative relationships at both molecular and clinical levels
Biological Expression Language (BEL),is capable of,capturing and representing causal and correlative relationships at both molecular and clinical levels
Alzheimer's disease AD,is the risk associated with,these treatments
risk of Alzheimer's disease AD,is associated with,these treatments
treatments,increase the risk of,Alzheimer's disease
these treatments,associated with,risk of Alzheimer's disease AD
treatments,increase the risk of,Alzheimer's disease AD
type 2 diabetes mellitus treatments,seem to increase the risk of,Alzheimer's disease AD
Alzheimer's disease AD,is associated with,these treatments
treatments,seem to increase the risk of,Alzheimer's disease AD
these treatments,are associated with,risk of Alzheimer's disease AD
production of pro-inflammatory cytokines,can lead to,chronic low-grade inflammation
pro-inflammatory cytokine,contributes to,cognitive decline
pathology,is associated with,broader forms of pathology
ADAM17,may influence,emergence of mild cognitive impairment
pathways associated with ADAM17,may influence,emergence of mild cognitive impairment
Type 1 diabetes mellitus,exerts,causal influence on the risk of Alzheimer's disease
Type 1 diabetes mellitus,have a causal relationship,Alzheimer's disease
Parkinson's disease,risk of,Type 1 diabetes mellitus
Type 1 diabetes mellitus,is a cause of,Alzheimer's disease
Alzheimer's disease,is a cause of,Type 1 diabetes mellitus
Parkinson's disease,is a cause of,Type 1 diabetes mellitus
Type 1 diabetes mellitus,exerts a causal influence on,risk of Alzheimer's disease
Type 1 diabetes mellitus,causes,Alzheimer's disease
Type 1 diabetes mellitus,causes,Parkinson's disease
study,was investigating,causal relationship between T1DM and the genetic susceptibility to PD
this study,employed,bidirectional two-sample Mendelian Randomization (MR) approach
bidirectional two-sample Mendelian Randomization (MR) approach,investigate,causal relationship between T1DM and AD and PD
study,was investigating,causal relationship between T1DM and the genetic susceptibility to AD
study,was investigating,causal relationship between T1DM and genetic susceptibility to PD
bidirectional two-sample Mendelian Randomization (MR) approach,was,study
bidirectional two-sample Mendelian Randomization (MR) approach,to investigate,causal relationship between T1DM and AD and PD
study,was,bidirectional two-sample Mendelian Randomization (MR) approach
bidirectional two-sample Mendelian Randomization (MR) approach,to investigate,causal relationship
study,was investigating,causal relationship
bidirectional two-sample Mendelian Randomization (MR) approach,to investigate,causal relationship between T1DM
glucose-crowded environment,causes,neurotoxic species
conditions,have significant impact on,self-assembly of post-translationally modified Aβ peptides
conditions,have significant impact on,Aβ peptides
increased toxicity,is due to,the modifications
modifications,are the cause of,increased toxicity
causal mediation analysis,was used to estimate,extent of effect of GLP-1RAs on Alzheimer's disease and related dementias risk
effect of GLP-1RAs on Alzheimer's disease and related dementias risk,was attributable to,lowering glycated hemoglobin or BMI
reduction in risk,is largely due to,their effects on HbA1c and BMI
GLP-1RAs,were associated with,reductions in glycated hemoglobin (HbA1c)
GLP-1RAs,were associated with,reductions in body mass index (BMI)
Other second-line glucose-lowering drugs(GLDs),were,the comparison group
comparison,was to,other second-line glucose-lowering drugs
reductions,were in,glycated hemoglobin (HbA1c)
reductions,were in,body mass index (BMI)
reductions,compared to,other second-line glucose-lowering drugs(GLDs)
absence of IRS-2,caused,marked alteration in insulin receptor substrate
random-effect inverse-variance weighted (IVW),used as,main method for estimating causal effects
growing evidence,for,this association
type 2 diabetes,is associated with,dementia
Type 2 diabetes,is associated with,dementia
dysfunction at different levels of insulin signalling,can contribute to,development of a number of brain disorders
dysfunction at different levels of metabolism,can contribute to,development of a number of brain disorders
insulin signalling,dysfunction at the level of,brain disorders development
insulin signalling dysfunction,contribute to,brain disorders development
dysfunction at the level of insulin signalling,can contribute to,development of brain disorders
dysfunction at the level of metabolism,can contribute to,development of brain disorders
dysfunction,can contribute to,development of brain disorders
dysfunction at the level of insulin signalling,can contribute to,development of a number of disorders
insulin signalling and metabolism,dysfunction at the level of,development of disorders
dysfunction at the level of insulin signalling and metabolism,can contribute to,development of disorders
dysfunction,can contribute to,development of disorders
dysfunction at different levels of insulin signalling,can contribute to,development of a number of disorders
dysfunction at different levels of insulin metabolism,can contribute to,development of a number of disorders
dysfunction at the level of metabolism,can contribute to,development of a number of disorders
Sodium-glucose cotransporter-2 inhibitors,impact of,brain's metabolism
impact of Sodium-glucose cotransporter-2 inhibitors on the brain's metabolism,has,not been investigated
Empagliflozin,caused,minor effects
empagliflozin,caused,minor effects
changes,are in,NEVs
changes,associated with,neuronal survival
changes,have been associated with,neuronal survival
Alzheimer's disease pathology,is associated with,glutamatergic excitotoxicity
Glutamatergic excitotoxicity,causes,Alzheimer's disease
molecular changes,have been associated with,increased expression of glial activation markers
increased expression of glial activation markers,in,APPswe/PS1 (APP/PS1) mice
neuroinflammatory changes,associated with,diabetic conditions
changes,associated with,increased expression of glial activation markers
increased expression of glial activation markers,in,diabetic conditions
these molecular changes,are associated with,increased expression of glial activation markers
these molecular changes,have been associated with,diabetic conditions
molecular changes,associated with,increased expression of glial activation markers
these molecular changes,with,APPswe/PS1 (APP/PS1) mice and diabetic conditions
goal,is to elucidate,neuroinflammatory changes associated with Diabetes
neuroinflammatory changes associated with Diabetes,may drive,Alzheimer's disease pathology
goal,is to,more fully elucidate neuroinflammatory changes
neuroinflammatory changes,associated with,Diabetes
diabetes,may drive,Alzheimer's disease pathology
diabetes,is associated with,neuroinflammatory changes
Diabetes,may drive,Alzheimer's disease pathology
Diabetes,is associated with,neuroinflammatory changes
this,is associated with,neuroinflammatory changes
we,need to more fully understand,neuroinflammatory changes associated with Diabetes
neuroinflammatory changes,may drive,Alzheimer's disease pathology
pathology,was associated with,upregulation of a broad profile of cytokines
data,revealed,pathology
pathology,associated with,db/db
pathology,associated with,HFD
pathology,associated with,STZ models
pathology,was associated with,db/db models
pathology,was associated with,HFD models
pathology,was associated with,STZ models
breakdown of the blood-brain barrier,is caused by,many of the identified cytokines
neuroinflammation,causes,Alzheimer's disease pathogenesis
diabetes,causes,Aβ and tau pathology
diabetes,causes,neuronal injury
Diabetes,causes,neuroinflammation
Diabetes,causes,neuronal injury
Diabetes,causes,breakdown of the blood-brain barrier
neuroinflammation,causes,breakdown of the blood-brain barrier
neuroinflammation,causes,Aβ and tau pathology
Diabetes,effects,Alzheimer's disease pathogenesis
effects of Diabetes on Alzheimer's disease pathogenesis,are caused by,neuroinflammation
effects of Diabetes,on,Alzheimer's disease pathogenesis
many of the identified cytokines,are caused by,Alzheimer's disease pathogenesis
Diabetes,have effects on,Alzheimer's disease pathogenesis
breakdown,causes,effects of Diabetes on Alzheimer's disease pathogenesis
long-term modification of proteins,in or associated with,IR/PI3K/Akt signalling
long-term modification of proteins,in,CA1 of the hippocampus
IR/PI3K/Akt signalling,in,CA1 of the hippocampus
IR/PI3K/Akt signalling in CA1 of the hippocampus,is associated with,proteins
region,associated with,IR/PI3K/Akt signalling
proteins,were in or associated with,IR/PI3K/Akt signalling
cognitive impairment,is associated with,OH
influence of OH on cognition in T2DM,was partly mediated by,baseline AD biomarkers and complement proteins
mediation analysis,showed that,influence of OH on cognition in T2DM was partly mediated by baseline AD biomarkers and complement proteins
influence of OH,on,cognition in T2DM
influence of OH on cognition in T2DM,was partly mediated by,baseline AD biomarkers
influence of OH on cognition in T2DM,was partly mediated by,complement proteins
baseline AD biomarkers,were partly involved in,influence of OH on cognition in T2DM
hypothesized cognitive benefits,are due to,improved cerebrovascular disease
reduction in PDH activation,was due to,allosteric mechanisms
reduction in PDH activation,was due to,covalent mechanisms
reduction in PDH activation,was due to,PDK4 and PDP2
pyruvate-driven TCA cycle activity,was reduced,covalent mechanisms
Pyruvate-driven TCA cycle activity,was reduced due to,allosteric mechanisms
Pyruvate-driven TCA cycle activity,was reduced,intracellular pyruvate availability
Pyruvate-driven TCA cycle activity,was reduced due to,PDK4 and PDP2
pyruvate-driven TCA cycle activity,was reduced,intracellular pyruvate availability and PDK4 and PDP2
NF-κB,causes,increase in β-amyloid precursor protein and presenilin 1 transcription
cluster of species,would change quickly under the influence of,different environmental factors
baseline drift theory,says that,gut microbiota changes
gut microbiota,changes under the influence of,different environmental factors
environmental factors,influence,gut microbiota
low-grade inflammation,is caused by,a series of events
oxidative stress,is caused by,series of events
Alzheimer's disease,was associated with,genetic instrument
genetic instrument,was associated with,Alzheimer's disease
type-2 diabetes,is associated with,major subtypes of dementia
major subtypes of dementia,are associated with,unspecified dementia
Type-2 diabetes,is associated with,unspecified dementia
type-2 diabetes,is associated with,vascular dementia
type-2 diabetes,is associated with,unspecified dementia
Type-2 diabetes,is associated with,dementia with vascular pathologies
Type-2 diabetes,is associated with,dementia
investigators,were unable to test,causal nature of type-2 diabetes for vascular dementia and unspecified dementia
investigators,could not test,causal nature of type-2 diabetes for vascular dementia and unspecified dementia
causal nature of type-2 diabetes for vascular dementia and unspecified dementia,because,no publicly available genetic consortia data yet exist for these dementia endpoints
two-sample Mendelian randomisation approach using genetic consortia data,suggests that,type-2 diabetes is not a direct cause of Alzheimer's disease
publicly available genetic consortia data,yet exist for,these dementia endpoints
two-sample Mendelian randomisation approach,using,genetic consortia data
two-sample Mendelian randomisation approach,suggests that,type-2 diabetes is not a direct cause of Alzheimer's disease
investigators,were unable to test the,causal nature of type-2 diabetes for vascular dementia and unspecified dementia
investigators,were unable to test the causal nature of,type-2 diabetes for vascular dementia and unspecified dementia
this,was associated with,increased Tau (T231) phosphorylation
in vitro knockout of IR,resulted in,loss of insulin signaling
in vitro knockout of IR,in,primary astrocytes
disorder,impacts,global economic development
Alzheimer's disease (AD),impacts,global economic development
Alzheimer's disease (AD),impacts,healthcare system
Alzheimer's disease (AD),severely impacts,healthcare system
Alzheimer's disease (AD),is,a devastating neurodegenerative disorder
a devastating neurodegenerative disorder,severely impacts,the global economic development
a devastating neurodegenerative disorder,severely impacts,the healthcare system
Alzheimer's disease (AD),is,devastating neurodegenerative disorder
Alzheimer's disease (AD),is,age-related devastating neurodegenerative disorder
Alzheimer's disease (AD),severely impacts,global economic development
devastating neurodegenerative disorder,severely impacts,healthcare system
devastating neurodegenerative disorder,severely impacts,global economic development
age-related devastating neurodegenerative disorder,severely,global economic development
exact cause of Alzheimer's disease,remains to be,clarified
impairments,are possibly due to,altered thiamine metabolism
Alzheimer's disease patients,exhibit,cerebral glucose hypometabolism
cerebral glucose hypometabolism,possibly due to,impairments of insulin signaling
cerebral glucose hypometabolism,possibly due to,altered thiamine metabolism
Alzheimer's disease pathophysiological alterations,are caused by,induction of multiple pathogenic factors
"causes, pathogeneses and consequences of cerebral hypometabolism",clarify,Alzheimer's disease
"clarifying causes, pathogeneses and consequences of cerebral hypometabolism in Alzheimer's disease",will help break,bottleneck of current Alzheimer's disease study
Type-2-diabetes,can cause,cerebrovascular disease
Type-2-diabetes,can cause,vascular cognitive impairment
Type-2-diabetes,can cause,Alzheimer's disease
increase in insulin dosage,resulted in,approximately 43.3-77.9 IUs
cognitive dysfunction,were caused by,nicotinic acetylcholine receptor α7 downregulation
CBF deregulation,were caused by,nicotinic acetylcholine receptor α7 downregulation
receptor α7,was downregulated,nicotinic acetylcholine receptor α7 downregulation
receptor α7,was downregulated,downregulation of nicotinic acetylcholine receptor α7
earlier onset of cognitive dysfunction,was caused by,downregulation of nicotinic acetylcholine receptor α7
CBF deregulation,was caused by,downregulation of nicotinic acetylcholine receptor α7
cognitive dysfunction,caused by,downregulation of nicotinic acetylcholine receptor α7
CBF deregulation,caused by,downregulation of nicotinic acetylcholine receptor α7
Streptozotocin,causes,T2DM
T2DM,is a form of,NASH
human exposure to nitrosamines,are the causes of,these epidemics
consumption of high-fat content foods,are the causes of,these epidemics
human exposure to nitrosamines,are the major causes of,these epidemics
consumption of high-fat content foods,are the major causes of,these epidemics
Alzheimer's disease,is the commonest cause of,dementia in ageing adults
disease,causes,severe functional disability
dementia,is caused by,Alzheimer's disease
Alzheimer's disease,causes,severe functional disability
disease,is a common cause of,dementia in ageing adults
Alzheimer's disease,is the commonest cause of,severe functional disability
Alzheimer's disease,is the commonest cause of,ageing adults with dementia
Alzheimer's disease,cause of,dementia in ageing adults
dementia in ageing adults,is caused by,commonest cause of dementia
disease,is the commonest cause of,dementia
commonest cause,is,disease
disease,causes,dementia
dementia,is the commonest cause of,severe functional disability
dementia,in,ageing adults
Alzheimer's disease,is a,common cause of dementia
suppression of amyloid-β accumulation,results in,inhibition of cognitive impairment
suppression of neuroinflammation,results in,inhibition of cognitive impairment
suppression of mitochondrial dysfunction,results in,inhibition of cognitive impairment
suppression of tau hyper-phosphorylation,results in,inhibition of cognitive impairment
changes in microglia,are associated with,hyperglycemic conditions
changes in microglia,is often associated with,hyperglycemic conditions
changes in microglia,is associated with,hyperglycemic conditions
changes in microglia,are often associated with,hyperglycemic conditions
microglia,are associated with,hyperglycemia
treatment,caused,"increase in M1 marker, CD86"
treatment,caused,cells to be shifted to M2 phenotype
this process,is believed to contribute to,progression of type 2 diabetes
process,contributes to,progression of a disease
19 loci,have been associated with,Alzheimer's disease
Alzheimer's disease,in the,European ancestry population
19 loci,have been associated at,genome-wide significance level
APOE locus,in addition to,other loci
other loci,are associated with,Alzheimer's disease
loci,are associated with,Alzheimer's disease
loci,in,European ancestry population
Alzheimer's disease loci,represent,SNPs
SNPs,are associated with,Type 2 Diabetes
Type 2 diabetes mellitus,has been shown to increase the risk for,cognitive decline and dementia
Type 2 diabetes mellitus,has been shown to increase the risk for,Alzheimer's disease
Type 2 diabetes mellitus,has been shown to increase the risk for,vascular dementia
Type 2 diabetes mellitus,has been shown to increase the risk for,cognitive decline
Type 2 diabetes mellitus,has been shown to increase the risk for,condition that includes vascular dementia
Type 2 diabetes mellitus,has been shown to increase the risk for,condition that includes cognitive decline
Type 2 diabetes mellitus,has been shown to increase the risk for,"condition that includes cognitive decline, Alzheimer's disease, and vascular dementia"
type 2 diabetes mellitus,has been shown to increase the risk for,condition that includes Alzheimer's disease and vascular dementia
condition that includes Alzheimer's disease and vascular dementia,includes,Alzheimer's disease
condition that includes Alzheimer's disease and vascular dementia,includes,vascular dementia
condition that includes Alzheimer's disease and vascular dementia,includes,cognitive decline
type 2 diabetes mellitus,has been shown to increase the risk for,cognitive decline
type 2 diabetes mellitus,has been shown to increase the risk for,alzheimer's disease
type 2 diabetes mellitus,has been shown to increase the risk for,vascular dementia
type 2 diabetes mellitus,has been shown to increase the risk for,Alzheimer's disease
insulin resistance,is associated with,memory deficit
insulin resistance,is associated with,cognitive decline
some researches,proposed,term for Alzheimer's disease
Type 2 diabetes mellitus,associated with,memory deficit
Type 2 diabetes mellitus,associated with,cognitive decline
insulin resistance,associated with,memory deficit
insulin resistance,associated with,cognitive decline
memory deficit,has similar molecular and cellular features with,Alzheimer's disease
cognitive decline,has similar molecular and cellular features with,Alzheimer's disease
Type 2 diabetes mellitus,associated with,insulin resistance
Alzheimer's disease,is similar to,type 2 diabetes mellitus
Alzheimer's disease,is associated with,insulin resistance
type 2 diabetes mellitus,has similar molecular and cellular features with,type 2 diabetes mellitus
type 2 diabetes mellitus,is associated with,memory deficit
type 2 diabetes mellitus,is associated with,cognitive decline
low insulin receptor signaling,is caused by,insulin receptor abnormal association
AGEs,exacerbate,neuroinflammation
mitigation of neurotoxic Aβ oligomers,exacerbate,neuroinflammation
the conditions,are caused by,the breakdown of the blood-brain barrier (BBB)
the breakdown of the blood-brain barrier (BBB),and,decreased brain perfusion
conditions,are conducive to,neurotoxicity
breakdown of the blood-brain barrier (BBB),is the reason for,neurotoxicity
decreased brain perfusion,is the reason for,neurotoxicity
review,addresses,these strategies
IDE polymorphism,impact of,type 2 diabetes
study,examined,impact of IDE polymorphism and type 2 diabetes
IDE variant,has,potential influence on cognitive phenotypes of normal aging
IDE variant,has,potential influence on cognitive phenotypes
IDE variant,has,potential influence on aging
IDE variant,has potential influence on,cognitive phenotypes of aging
IDE variant,should be explored for,influence on aging
cognitive impairments,are not reversed,at an early stage of appearance of symptoms
prolonged pathogenesis,can lead to,dementia and Alzheimer's disease (AD)
cognitive impairments,are not reversed at,early stage of appearance of symptoms
cognitive impairments,are not reversed,early stage of appearance of symptoms
prolonged pathogenesis,can lead to,dementia
prolonged pathogenesis,can lead to,Alzheimer's disease (AD)
incretins GLP-1 and GIP,achieved,good results in models of neurodegenerative disease
incretins GLP-1 and GIP,achieved good results in,models of neurodegenerative disease
reduction of phospho-IRS1(Ser1101) levels,was associated with,up-regulation of phospho-Akt(Ser473)
increase in cerebral perfusion,is due to,dipeptidyl peptidase-4
subgroup analysis of continuous predictors,in,alpha-linolenic acid reduction in HbA1c (%)
alpha-linolenic acid reduction in HbA1c (%),was significantly associated with,increased intake of ALA
alpha-linolenic acid reduction in FBG (mmol/L),was significantly associated with,increased intake of ALA
loss of helical circular dichroic signals,is caused by,IDE-dependent degradation
loss of helical circular dichroic signals of insulin,is caused by,IDE-dependent degradation
Michaelis-Menten kinetic constants,accurately predict,known regulation of IDE by adenosine triphosphate (ATP)
new assay presented here,will lead to,identification of other small molecules
other small molecules,regulate the activity of,IDE toward insulin
new assay,will lead to,identification of other small molecules
key factors,cause,cardiovascular disease
cardiovascular disease,in,people with diabetes
hyperglycemia,is a key factor that causes,cardiovascular disease in people with diabetes
cardiovascular complications,are associated with,diabetes mellitus
Diabetes mellitus,is associated with,cardiovascular complications disease
Potential therapeutic targets,can be used to,reduce the risk of progression of the disease
reducing the risk of progression of the disease,is,potential therapeutic target
reducing the risk of progression of the disease,can be used to,reduce the risk of progression of the disease
using potential therapeutic targets,is the goal of,reduce the risk of progression of the disease
potential therapeutic targets,can be used to,reducing the risk of progression of the disease
the risk of progression of the disease,reduce,goal
the risk of progression of the disease,reduce,the goal
goal,is to reduce,risk of progression
research,showed,good effects using drugs
drugs,were initially developed to treat,diabetes
this finding,because of,good effects using drugs
research,showed,good effects
good effects,because of,this finding
this finding,has motivated,new research
this finding,because of,its good effects
new research,showed,good effects using drugs
this finding,because of,drugs were initially developed to treat diabetes
new research,showed,good effects
this finding,because of,good effects
AD,is associated with,reduced neuronal insulin sensitivity
relationship,is important because,population is ageing globally
ageing of the population,is a reason why,obesity and cognitive impairment are linked
obesity and cognitive impairment,are linked because of,"individual, societal and financial burdens"
ageing of the population,is a reason why,obesity linked to cognitive impairment
obesity linked to cognitive impairment,because of,"individual, societal and financial burdens"
ageing of the population,is a reason why,the relationship is important
the relationship is important,because of,the burdens
ageing of the population,is a reason for,burdens
ageing of the population,is a reason for,the relationship
obesity,associated with,neurodegenerative pathologies
obesity comorbidities,associated with,neurodegenerative pathologies
neurodegenerative pathologies,include,dementia
insulin resistance,caused,this comorbidity
impaired glucose metabolism,caused,this comorbidity
insulin resistance,are the causes of,this comorbidity
impaired glucose metabolism,are the causes of,this comorbidity
insulin resistance,is a cause of,this comorbidity
impaired glucose metabolism,is a cause of,this comorbidity
This comorbidity,has,causes
studies,were to explore,biological impact of a circRNA derived from the Cwc27 gene
studies,were to explore,biological impact of circCwc27
studies,were in,SH-SY5Y and HEK293 cell models
studies,to explore,biological impact of circCwc27
studies,to explore,biological impact of a circRNA
studies,to explore,biological impact of a circRNA derived from the Cwc27 gene
development of Alzheimer's disease,is caused by,soluble amyloid β (Aβ) oligomers
Alzheimer's disease,is caused by,soluble amyloid β (Aβ) oligomers
soluble amyloid β (Aβ) oligomers,cause,Alzheimer's disease
amyloid β oligomers production,leads to,activation of neuroinflammatory processes
synergic effect,leads to,impairment of endoplasmic reticulum and mitochondrial functions
combination of these two elements,inhibits,insulin receptor signalling
cognitive impairment,would eventually lead to,late-onset Alzheimer's disease
Late-onset Alzheimer's disease,is caused by,laying the foundations for it
metabolic alterations,would cause,cognitive impairment
metabolic alterations,lay the foundations for,late-onset Alzheimer's disease
cognitive impairment,is caused by,neuronal malfunction
neuronal malfunction,and,death by apoptosis
neuronal malfunction,lead to,cognitive impairment
neuronal death by apoptosis,lead to,cognitive impairment
metabolic alterations,would eventually cause,cognitive impairment
metabolic alterations,would cause,late-onset Alzheimer's disease
metabolic alterations,would lead to,late-onset Alzheimer's disease
cognitive impairment,is caused by,metabolic alterations
metabolic alterations,would eventually lead to,late-onset Alzheimer's disease
metabolic alterations,lead to,late-onset Alzheimer's disease
metabolic alterations,would eventually lead to,cognitive impairment
metabolic alterations,would lead to,cognitive impairment
Alzheimer's disease,is associated with,type II diabetes
biosynthesis of glucose-induced insulin,is increased,due to extranuclear estrogen receptors binding
effects of estradiol,on,ß-pancreatic cell function
effects of estradiol on ß-pancreatic cell function,are due to,increased biosynthesis of glucose-induced insulin
older cohort,with,low cerebrovascular disease burden
Type 2 diabetes mellitus,contributes to,cognitive decline
cognitive decline,was caused by,neurodegeneration
Type 2 diabetes mellitus,causes,neurodegeneration
Type 2 diabetes mellitus,is a cause of,cognitive decline
Type 2 diabetes mellitus,causes,cognitive decline
cognitive decline,is caused by,neurodegeneration
cognitive decline,via,neurodegeneration
cognitive decline,is a result of,neurodegeneration
neurodegeneration,caused by,Type 2 diabetes mellitus
cognitive decline,caused by,neurodegeneration
Type 2 diabetes mellitus,via,neurodegeneration
cognitive decline,through,neurodegeneration
cognitive decline,is caused by,Type 2 diabetes mellitus
disease,is associated with,down-regulating the utilization of glucose
disease,is associated with,metabolic function of the pancreas
hyperglycemia,is associated with,progression of cerebral ischemia
cerebral ischemia,leads to,secondary brain injury
impact of hyper- and hypoglycemia in vivo,dissecting out,challenging
effects of diabetes,on,blood-brain barrier
this,led to,controversial results
article,reviews,current knowledge regarding the impact of diabetes on blood-brain barrier integrity and function
diabetes,impacts,blood-brain barrier
diabetes,has impact on,blood-brain barrier
impact of diabetes on the blood-brain barrier,is a major focus of,the article
diabetes,impact on,blood-brain barrier
article,discusses,impact of diabetes on the blood-brain barrier
genetically predicted Coffee consumption,used,we
patients,in,LeIKD trial
patients,have,certain %-predicted peak V̇O(2)
patients in the LeIKD trial,have,certain BMI
patients in the LeIKD trial,have,%-predicted peak V̇O(2)
patients in the LeIKD trial,have,HL (HLS-EU-Q16)
switching,contributes to,occurrence of AD
switching,is caused by,IR
IR,causes,AD
occurrence of AD,is caused by,IR
IR,causes,vascular smooth muscle cells (VSMCs)
vascular smooth muscle cells (VSMCs),to switch from,contractile
vascular smooth muscle cells (VSMCs),to switch to,synthetic
switching of vascular smooth muscle cells (VSMCs),caused by,IR
IR,results in,switching of VSMCs
IR,leads to,switching of VSMCs
this study,was to assess,"inter-relationships between Alzheimer's disease, type 2 diabetes mellitus, and depression on age 40-59"
"Alzheimer's disease, type 2 diabetes mellitus, and depression on age 40-59",as age 40-59 risk,dementia caused by AD
age 40-59,is a risk before,emergence of dementia caused by Alzheimer's disease
Alzheimer's disease,causes,dementia
dementia,emerges after,age 40-59
age 40-59,is a risk factor for,emergence of dementia caused by Alzheimer's disease
emergence of dementia,caused by,Alzheimer's disease
emergence of dementia,is after,age 40-59
age 40-59,is a risk for,emergence of dementia caused by Alzheimer's disease
emergence of dementia,is caused by,Alzheimer's disease
age group,is,middle-aged adults in age 40-59
Alzheimer's disease,associated with,aging
Parkinson's diseases,associated with,aging
these investigations,may open,a new door to the development of therapeutics
reduction of oligomer Aβ-mediated neuronal cell death,was due to,non-amyloidogenic rat amylin
non-amyloidogenic rat amylin,caused,reduction of oligomer Aβ-mediated neuronal cell death
non-amyloidogenic rat amylin,caused,reduction
Non-amyloidogenic rat amylin,caused,reduction
we,have explored,influence of phloridzin on metabolic parameters in a rat model of sAD
phloridzin,influence of,cognitive parameters
phloridzin,explored in,rat model of sAD
sodium-glucose cotransporter inhibitors,may influence,cognitive parameters
sodium-glucose cotransporter inhibitors,may influence,metabolic parameters
Phloridzin,may influence,metabolic parameters
there,was no,causal relationship
CAD,is associated with,genetic liability to T2DM
CAD,is associated with,glycemic traits
CAD,is associated with,T2DM
CAD,is associated with,genetic liability
CAD,associated with,glycemic traits
CAD,associated with,genetic liability
CAD,associated with,T2DM
genetically predicted higher BMI,was associated with,increased risk of type 2 diabetes mellitus
Type 2 diabetes mellitus,was associated with,14 circulatory disease outcomes
Type 2 diabetes mellitus,were associated with,increased risk
multiple sclerosis,were associated with,increased risk
cancers,were associated with,increased risk
increased risk,was associated with,"cancers of the digestive system, uterus, kidney, and bladder"
increased risk,was associated with,six cancer sites
IgA status,may influence,amount of IAPP deposition in the AD brain
APOE4 status,may influence,amount of IAPP deposition in the AD brain
influence,may be due to,clearance of circulatory IAPP(O)
IAPP(O)-IgA levels,are reduced,increased plasma IAPP(O) levels
increased plasma IAPP(O) levels,due to,IAPP(O)-IgA levels
IAPP(O)-IgA levels,are reduced,masked epitopes in APOE4 carriers
reduction in IAPP(O)-IgA levels,is due to,increased plasma IAPP(O) levels
reduction in IAPP(O)-IgA levels,is due to,masked epitopes in APOE4 carriers
cinnamon,has been shown to alleviate,factors associated with Alzheimer's disease
ischemic stroke,is associated with,cell swelling
components of Cinnamon,control,angiogenesis associated with the proliferation of cancer cells
in vitro studies,also show that,components of Cinnamon control angiogenesis associated with the proliferation of cancer cells
angiogenesis,is associated with,proliferation of cancer cells
in vitro studies,show that,components of Cinnamon
angiogenesis,associated with,cancer cells
angiogenesis associated with cancer cells,is controlled by,Cinnamon
components of cinnamon,control,angiogenesis associated with cancer cell proliferation
angiogenesis,associated with,cancer cell proliferation
angiogenesis associated with cancer cell proliferation,is controlled by,Cinnamon
proliferation of cancer cells,is controlled by,components of Cinnamon
proliferation of cancer cells,associated with,angiogenesis
proliferation of cancer cells associated with angiogenesis,is controlled by,Cinnamon
components of Cinnamon,are associated with,proliferation of cancer cells
components of Cinnamon,control,angiogenesis
response to cinnamon,may be influenced by,multiple factors
response to cinnamon,may be influenced by,numerous factors
response to cinnamon,may be influenced by,various factors
response to cinnamon,is influenced by,several factors
response to cinnamon,may be influenced by,several factors
response to cinnamon,may be influenced by,a number of factors
type 2 diabetes,is associated with,apolipoprotein E gene
MCI due to AD patients,have,cognitive impairment
metformin treatment,has beneficial effect on,MCI due to AD patients
patients,were,MCI due to AD
study,was on,MCI due to AD patients
patients,had,MCI
MCI,due to,AD
growing incidence of type 2 diabetes mellitus (T2D),has been associated with,dementia in aged populations
growing incidence of type 2 diabetes mellitus (T2D) and dementia in aged populations,has been associated with,reduced neuronal glucose supply
reduced neuronal glucose supply,is a key mechanism contributing to,this association
insulin resistance-induced abnormalities,in,hippocampus of obese/T2D patients
hippocampus of obese/T2D patients,associated with,dementia/Alzheimer's disease
insulin resistance-induced abnormalities in the hippocampus of obese/T2D patients,are associated with,dementia/Alzheimer's disease
reduction in the expression of GLUT4,is caused by,abnormalities
reduction in the translocation of GLUT4,is caused by,abnormalities
Abnormalities,lead to,neurocytoglycopenia
reduction in the expression and translocation of GLUT4,results in,neurocytoglycopenia and cognitive dysfunction
reduction in the expression of GLUT4,is the cause of,neurocytoglycopenia
reduction in the translocation of GLUT4,is the cause of,cognitive dysfunction
neurocytoglycopenia,are caused by,reduction in the expression and translocation of GLUT4
cognitive dysfunction,are caused by,reduction in the expression and translocation of GLUT4
impaired IDE function,may contribute to,neurodegeneration
impaired IDE function,may contribute to,diabetes
impaired IDE function,contribute to,diabetes
impaired IDE function,contribute to,neurodegeneration
IDE function,impaired,diabetes
oxidative stress,leads to,altered neurochemistry
altered neurochemistry,leads to,microgliosis
microgliosis,leads to,abnormal synaptogenesis in the hippocampus
activation of adiponectin receptors,leads to,binding of APPL1 to adiponectin receptor 1 and 2 and T-cadherin
APPL1,binds to,adiponectin receptor 1
APPL1,binds to,adiponectin receptor 2
APPL1,binds to,T-cadherin
binding of APPL1 to adiponectin receptor 1 and 2 and T-cadherin,results in,phosphorylation of adenosine monophosphate-dependent protein kinase
locations of beta arcs,within,amyloid fibrils
conformations of beta arcs,within,amyloid fibrils
environmental exposures,were causally associated with,eight age-related diseases and pathological conditions
eight age-related diseases and pathological conditions,were causally associated with,lower odds of longevity
angina,was associated with,lower odds of longevity
Alzheimer's disease,was associated with,lower odds of longevity
Type 2 diabetes,was associated with,lower odds of longevity
future studies,should focus on,understanding the mechanisms for the cognitive impairments associated with type 2 diabetes mellitus
Type 2 diabetes mellitus,is associated with,cognitive impairments
insulin resistance-associated impairments,in,vascular reactivity
insulin resistance-associated impairments,in,endothelial function
vascular reactivity and endothelial function impairments,may impact,substrate delivery across the blood-brain-barrier
Type 2 diabetes mellitus,is associated with,insulin resistance
amyloid burden,is associated with,cognitive functioning
small vessel disease,is associated with,amyloid burden
small vessel disease,contribute to,lower cognitive functioning in non-demented older adults with Type-2 diabetes
Amyloid burden,contribute to,lower cognitive functioning in non-demented older adults with Type-2 diabetes
small vessel disease,associated with,cognitive functioning unchanged after further adjustment
amyloid burden,associated with,cognitive functioning unchanged after further adjustment
Small vessel disease,may independently contribute to,lower cognitive functioning in non-demented older adults with Type-2 diabetes
Amyloid burden,may independently contribute to,lower cognitive functioning in non-demented older adults with Type-2 diabetes
amyloid burden,contribute to,lower cognitive functioning in non-demented older adults with Type-2 diabetes
diet-induced diabetes,has impact on,hippocampal glycogen levels
diet-induced diabetes,has impact on,hippocampal metabolism
diet-induced diabetes,impact of,hippocampal glycogen levels
impact of diet-induced diabetes on hippocampal glycogen levels,is,unknown
diet-induced diabetes,has impact on,metabolism
diet-induced diabetes,impact of,glycogen levels
impact of diet-induced diabetes on glycogen levels,is,unknown
diet-induced diabetes,impact of,hippocampal glycogen
impact of diet-induced diabetes on hippocampal glycogen,is,unknown
diet-induced diabetes,impact of,hippocampal metabolism
impact of diet-induced diabetes on hippocampal metabolism,is,unknown
diet-induced diabetes,has impact on,glycogen
diet-induced diabetes,has,impact
impact of diet-induced diabetes,is,unknown
diet-induced,impact of,unknown
impact,of,is unknown
impact,is,unknown
WMH,increased,WMH
fluctuations,influence,neurodegeneration
neurodegeneration,leading to,AD
fluctuations,lead to,AD
neurodegeneration,leads to,AD
fluctuations,lead to,neurodegeneration
neurodegeneration,eventually leads to,AD
neurodegeneration,lead to,AD
AD,is known as,AD
fluctuations,lead to,condition known as AD
small number of studies,is due to,that
findings,are not,statistically significant
inclusion of the null value,due to,findings are not statistically significant
inclusion of the null value,in,confidence interval
glycemic variability,influences,cognitive decline
fluctuations in glucose levels,increase,risk of dementia
higher fluctuations in glucose levels,increase,dementia risks
glucose fluctuations,increase,dementia risks
higher glucose fluctuations,increase,risk of AD
higher glucose fluctuations,increase,risk of dementia
higher glucose fluctuations,increase,dementia risks
glucose fluctuations,increase,risk
investigators,investigated,if Humanin influences insulin sensitivity
insulin resistance,is associated with,AD
Humanin,was studied to see if it influences,relationship between insulin sensitivity and AD
effects of Humanin,were associated with,insulin action
effects of Humanin,were associated with,activation of STAT-3 signaling
disruption of glial cells,leads to,this
disruption of neuronal cells,leads to,this
this,causes,hormonal dysregulation
This,causes,cognitive impairment
gut microbiome,is connected to,multiple sclerosis
neural inflammation,broader implications of,we
developing Alzheimer's disease,influenced by,promotion of amyloid fibrils formation
Alzheimer's disease,may be influenced through,promotion of amyloid fibrils formation
Alzheimer's disease,may be influenced through,increasing inflammatory responses to intraneuronal β-amyloid
elevated levels of glucose,cause,oxidative stress in the brain
elevated levels of glucose,are associated with,oxidative stress in vulnerable tissues
elevated levels of glucose,are a cause of,oxidative stress
elevated levels of glucose,cause,oxidative stress
hyperglycemia,is a cause of,cognitive decline
elevated levels of glucose,are a cause of,cognitive decline
hyperglycemia,causes,cognitive decline
elevated levels of glucose,cause,cognitive decline
amyloidosis,leads to,subsequent effects in prevention and development of Alzheimer's disease diabetes and AD
opposed substrate specificity,is associated with,exo- and active sites
metabolomic age models,were associated with,CA in an independent population
metabolomic age models,were moderately associated with,CA in an independent population
non-alcoholic steatohepatitis,caused by,body weight reduction
neurodegenerative diseases,caused by,body weight reduction
body weight reduction,results in,prevention or progression of non-alcoholic steatohepatitis
body weight reduction,results in,prevention or progression of neurodegenerative diseases
results,provide,new evidence
this study,investigates,impact of cardiometabolic conditions
study,investigates,impact of these conditions on the progression of mild cognitive impairment to dementia
cardiometabolic conditions,including,type 2 diabetes
cardiometabolic conditions,including,hyperlipidemia
cardiometabolic conditions,including,hypertension
cardiometabolic conditions,including,obesity
cardiometabolic conditions,on,MCI progressing to dementia
study,investigates,impact of these conditions on MCI
study,investigates,impact of cardiometabolic conditions on MCI
study,investigates,impact of cardiometabolic conditions
Type 2 diabetes,was associated with,highest risk of all-cause dementia
all-cause dementia,risk of due to,type 2 diabetes
all-cause dementia risk due to type 2 diabetes,was 1.18 times higher than,other risks
hypertension,had a higher risk of,all-cause dementia
hypertension,than,hyperlipidemia
all-cause dementia,risk of,hypertension
all-cause dementia,risk of,type 2 diabetes
risk of all-cause dementia due to hypertension,was lower than,risk of all-cause dementia due to type 2 diabetes
all-cause dementia,risk of due to was lower than,hyperlipidemia
all-cause dementia,due to,hyperlipidemia
all-cause dementia,due to,hypertension
risk of all-cause dementia due to hyperlipidemia,was lower than,risk of all-cause dementia due to hypertension
type 2 diabetes,had the highest risk of,all-cause dementia
hypertension,had a higher risk of,hyperlipidemia
hyperlipidemia,had a lower risk of,all-cause dementia
hyperlipidemia,compared to,hypertension
risk of all-cause dementia,due to,hypertension
risk of all-cause dementia,due to,hyperlipidemia
risk of all-cause dementia due to hypertension,was,higher than that due to hyperlipidemia
all-cause dementia,risk of,hyperlipidemia
chronic hyperglycemia,are associated with,pathogenesis of DM-related cognitive dysfunction
microvascular disease,are associated with,pathogenesis of DM-related cognitive dysfunction
repeated severe hypoglycemia,is not associated with,DM-related cognitive dysfunction pathogenesis
pathogenesis of DM-related cognitive dysfunction,is associated with,chronic hyperglycemia and microvascular disease
long duration of diabetes mellitus,is associated with,increased risk of developing cognitive dysfunction
vascular risk factors,is associated with,increased risk of developing cognitive dysfunction
microvascular diabetes mellitus,are associated with,increased risk of developing cognitive dysfunction
macrovascular diabetes mellitus,are associated with,increased risk of developing cognitive dysfunction
Type 2 diabetes mellitus,is associated with,increased risk of developing cognitive dysfunction
risk of neurodegenerative disease,among,elderly adults
risk of neurodegenerative disease among elderly adults,is associated with,type 2 diabetes mellitus
neurodegenerative disease,risk of,elderly adults
elderly adults,associated with,type 2 diabetes mellitus
those who had Neurodegenerative disease,were excluded because,they were on insulin for less than two-thirds of the study period
those who had other mental disorders at baseline,were excluded because,they were on insulin for less than two-thirds of the study period
those who were on insulin for less than two-thirds of the study period,were excluded because they had,neurodegenerative disease or other mental disorders at baseline
long-term metformin therapy,was associated with,lower incidence of Neurodegenerative disease
Metformin therapy,is associated with,the disease
researchers,conducted,study
authors of the study,conducted,study
study,needs to have,more representative population
study,needs to have,more robust method for causal inferences
study,needs to have,more robust method
more robust method,for,causal inferences
β-secretase 1 (BACE1),is known for,role in amyloid-β production associated with Alzheimer's disease (AD)
Alzheimer's disease (AD),is associated with,amyloid-β production
Type 2 diabetes mellitus (T2DM),is associated with,elevated levels of BACE1
Alzheimer's disease (AD),associated with,elevated levels of BACE1
Type 2 diabetes mellitus (T2DM),associated with,elevated levels of BACE1
β-secretase 1 (BACE1),is elevated in,patients with Type 2 diabetes mellitus (T2DM)
Type 2 diabetes mellitus,is associated with,elevated levels of BACE1
amyloid-β production,is associated with,Alzheimer's disease
insulin resistance,is caused due to,insulin receptor membrane InsR
elevated β-secretase 1,could contribute to,insulin resistance
insulin resistance,due to,insulin receptor membrane InsR
insulin receptor membrane InsR,due to,insulin resistance
improvement,results in,enhanced diabetic phenotypes
inhibiting β-secretase 1,results in,enhanced diabetic phenotypes
Inhibiting β-secretase 1,results in,enhanced diabetic phenotypes
testosterone,reduced,risk of type 2 diabetes
negative impact on metabolism,leads to,impaired glucose tolerance
negative impact on metabolism,leads to,diabetes
negative impact on metabolism,contributes to,development of neurodegenerative disorders
negative impact on metabolism,contributes to,delayed cognitive function in children
ambient air pollution,contributes to,development of neurodegenerative disorders
DGP statement,introduces,current body of knowledge on less studied health outcomes associated with exposure to ambient air pollution
current body of knowledge on less studied health outcomes,associated with,exposure to ambient air pollution
exposure to ambient air pollution,has,negative impact on metabolism
exposure to ambient air pollution,contributes to,delayed cognitive function in children
third part of the DGP statement,introduces,current body of knowledge on less studied health outcomes
long-term exposure to air pollution,may also increase,increased risk for type 2 diabetes
air pollution,increase the risk for,type 2 diabetes
air pollution,increases,risk for type 2 diabetes
long-term exposure to air pollution,may increase the risk of,type 2 diabetes
studies,provide supporting evidence for,causal role of air pollution
air pollution,provided by,studies
studies,provide evidence for,causal role of air pollution
population's increased risk,is due to,its age
aging,increases,risk of neurodegenerative diseases
increased risk of neurodegenerative diseases,is associated with,aging
studies,lead to,inconsistent results
air pollution,has an adverse impact on,fetal organisms
air pollution,influences,neurocognitive development of children
neurocognitive development of children,is associated with,delayed cognitive development
air pollution,has adverse impact on,maternal organisms
air pollution,has an influence on,neurocognitive development of children
air pollution,is associated with,delayed cognitive development
air pollution,has an adverse impact on,maternal and fetal organisms
air pollution,has,adverse impact
adverse impact,on,fetal organisms
studies,point towards,adverse impact of air pollution on the maternal organisms
air pollution,influence on,neurocognitive development of children
studies,point towards,adverse impact of air pollution on the fetal organisms
air pollution influence on neurocognitive development of children,is associated with,delayed cognitive development
current body of evidence,does not yet allow,final conclusion on the influence of intrauterine exposure to air pollution regarding early childhood lung function
current body of evidence,does not yet allow,final conclusion on the influence of intrauterine exposure to air pollution regarding the development of allergies
current body of evidence,does not yet allow,final conclusion on the influence of intrauterine exposure to air pollution and the development of allergies
intrauterine exposure to air pollution,has no effect on,early childhood lung function
intrauterine exposure to air pollution,has,significant effect on early childhood lung function
intrauterine exposure to air pollution,has some effect on,early childhood lung function
intrauterine exposure to air pollution,has effect on,development of allergies
intrauterine exposure to air pollution,has some effect on,development of allergies
decrease in tau-Thr231 phosphorylation,was,dose- and time-dependent
decrease in p35,was,dose- and time-dependent
Troglitazone,has an effect on,TZD drug
obesity-related mild peripheral inflammation,causes,neuroinflammation in APP/PS1 mice
research,resulted in,universally agreed fact that insulin resistance is a core finding
activation of the HPA axis,leads to,state of functional hypercortisolism
activation of the HPA axis,is caused by,driving force
emerging data,suggest that,activation of the HPA axis
driving force,causes,activation of the HPA axis
condition,is caused by,driving force
metabolic syndrome,is caused by,driving force
metabolic syndrome,is caused by,chromic hyperinsulinemia
metabolic syndrome,is a state caused by,driving force
metabolic syndrome,is,state
metabolic syndrome,caused by,chromic hyperinsulinemia
driving force,causes,state
hyperinsulinemia-induced increased activation of the HPA axis,is the cause of,metabolic syndrome and its consequences
hyperinsulinemia-induced increased activation,leads to,metabolic syndrome and its consequences
hyperinsulinemia-induced increased activation of the HPA axis,leads to,metabolic syndrome and its consequences
hyperinsulinemia-induced increased activation of the HPA axis,is hypothesized to lead to,metabolic syndrome and its consequences
hyperinsulinemia-induced increased activation of the HPA axis,causes,metabolic syndrome and its consequences
activation of the HPA axis,leads to,metabolic syndrome
metabolic syndrome,is caused by,increased activation of the HPA axis
metabolic syndrome,is caused by,hyperinsulinemia at an early stage
hyperinsulinemia,causes,increased activation of the HPA axis
increased activation of the HPA axis,cause,metabolic syndrome
hyperinsulinemia at an early stage,cause,metabolic syndrome
activation of the HPA axis,causes,metabolic syndrome
increased activation of the HPA axis,are the causes of,metabolic syndrome
hyperinsulinemia at an early stage,are the causes of,metabolic syndrome
activation of the HPA axis,is the cause of,metabolic syndrome
lipotoxicity,can lead to,inflammation
lipotoxicity,can lead to,insulin resistance
Lipotoxicity,can lead to,ceramide accumulation
lipotoxicity,can lead to,endoplasmic reticulum stress
human islet amyloid polypeptide (hIAPP),is associated with,Type 2 diabetes
accumulation of amyloid beta peptides,leads to,hyperphosphorylation of tau proteins
metabolic plasticity,was,scarce
metabolic plasticity,was scarce because,underlying scarcity was present
metabolic plasticity,was scarce because,underlying scarcity
mitochondrial dysfunction,is a,possible cause
evidences,confirm,condition may be caused by mitochondrial dysfunction
evidences,suggest,condition may be caused by mitochondrial dysfunction
Atrial fibrillation,is a cause of,these diseases
whether Atrial fibrillation is a cause of these diseases,is,uncertain
atrial fibrillation,is a cause of,these diseases
Atrial fibrillation,is a cause or consequence of,these diseases
Whether Atrial fibrillation is a cause of these diseases,is,uncertain
Atrial fibrillation,causal role on,ischemic heart disease (IHD)
Atrial fibrillation,causal role of,other cardiovascular disease
Atrial fibrillation,causal role on,Cardiovascular disease subtypes
participants,were primarily of,European descent
genetically predicted log odds of Atrial fibrillation,was associated with,any stroke
AF,was associated with,cardioembolic stroke
AF,associated with,ischemic heart disease heart failure
management of Atrial fibrillation,might be influenced by,Alzheimer's disease
higher plasma Aβ(42),is associated with,amyloid beta 42
adipose tissue,releases,amyloid beta 42
amyloid beta 42,is,increased from adipose tissue of male amyloid beta 42 with obesity
increased from adipose tissue of male amyloid beta 42 with obesity,is associated with,higher plasma Aβ(42)
amyloid beta 42,is associated with,higher plasma Aβ(42)
amyloid beta 42,is increased from,adipose tissue of male amyloid beta 42 with obesity
goal of the study,was to identify,glycopeptiforms associated with cognitive impairment
study,aimed to identify,glycopeptiforms associated with cognitive impairment
glycopeptiforms,were associated with,cognitive impairment
discovery of the novel treatment targets,will potentially lead to,treatment of Type 2 diabetes cognitive decline
discovery of novel treatment targets,will potentially lead to,treatment of Type 2 diabetes cognitive decline
metformin,association with,all-cause dementia
metformin,association with,dementia subtypes
metformin,association with,PD
metformin,compared with,sulfonylureas
metformin,was associated with,all-cause dementia
metformin,was associated with,dementia subtypes
metformin,was associated with,PD
all-cause dementia,compared with,sulfonylureas
dementia subtypes,compared with,sulfonylureas
PD,compared with,sulfonylureas
amylin's signaling,is through,several AMYR subtypes
amylin's signaling,is through,other receptors
other receptors,associated with,amylin effects
amylin effects,are associated with,other receptors
well-designed clinical trials,are needed to evaluate,impacts of Glucagon-like peptide-1 receptor agonists on both the clinical progression of Alzheimer's disease dementia
well-designed clinical trials,are needed to evaluate,impacts of Glucagon-like peptide-1 receptor agonists on the underlying pathology of Alzheimer's disease dementia
clinical trials,are needed to evaluate,impacts of Glucagon-like peptide-1 receptor agonists on the underlying pathology of Alzheimer's disease dementia
clinical trials,are needed to evaluate,impacts of Glucagon-like peptide-1 receptor agonists on Alzheimer's disease dementia
Glucagon-like peptide-1 receptor agonists,have impacts on,clinical progression of Alzheimer's disease dementia
impacts of Glucagon-like peptide-1 receptor agonists,need to be,evaluated
Glucagon-like peptide-1 receptor agonists,have impacts on,underlying pathology of Alzheimer's disease dementia
underlying pathology of Alzheimer's disease dementia,need to be,evaluated
Glucagon-like peptide-1 receptor agonists,have impacts on,Alzheimer's disease dementia
cognitive decline,is due to,AD
dementia,is due to,AD
cognitive decline and dementia due to AD,is a problem that needs to be,addressed
biomarkers,predict,cognitive decline
Type 2 diabetes patients,will,dement
type 2 diabetes patients,will,dement
LVH,contributes to,cognitive decline
understanding whether LVH contributes to cognitive decline,will allow,identify patients at particular risk
cognitive decline,in,some patients
LVH,contributes to,cognitive decline in other patients
other patients,it is in,LVH contributes to cognitive decline
patients,contributes to,LVH
patients,in which,LVH contributes to cognitive decline
other patients,does not contribute to,LVH
LVH,does not contribute to,cognitive decline
patients,are,those in whom LVH contributes to cognitive decline
LVH,contributes to,cognitive decline in these patients
these patients,in whom LVH contributes to,cognitive decline
Fibrinogen,was causally associated with,Osteoporosis
Chronic kidney disease,was causally associated with,Osteoporosis
Fibrinogen,is causally associated with,several other diseases
Chronic kidney disease,is causally associated with,several other diseases
coffee intake,is causally associated with,osteoporosis
several diseases,are causally associated with,each other
amyloid β aggregation,causes,loss of cells in Alzheimer's disease
Amylin protofibrils,cause,selective loss of pancreatic β-cells
Alzheimer's disease,is caused by,amyloid β aggregation
Alzheimer's disease,is,disease
Alzheimer's disease,caused by,amyloid β aggregation
Potential pharmacotherapies,can lead to,preservation of pancreatic β-cells mass
chronic hyperglycemia,is a cause of,amylin-induced pancreatic β-cells loss
chronic hyperlipidemia,is a cause of,amylin-induced pancreatic β-cells loss
chronic endoplasmic reticulum (ER) stress,is a cause of,amylin-induced pancreatic β-cells loss
amylin-induced pancreatic β-cells loss,causes,chronic endoplasmic reticulum (ER) stress
chronic endoplasmic reticulum (ER) stress,are a cause of,amylin-induced pancreatic β-cells loss
chronic hyperglycemia and hyperlipidemia,are a cause of,amylin-induced pancreatic β-cells loss
chronic hyperglycemia,cause,chronic endoplasmic reticulum (ER) stress
chronic hyperlipidemia,cause,chronic endoplasmic reticulum (ER) stress
chronic endoplasmic reticulum (ER) stress,cause,amylin-induced pancreatic β-cells loss
data,were associated with,HTS activity databases
Type 2 diabetes mellitus,is associated with,dementia
Type 2 diabetes mellitus patients,are associated with,dementia
clinical presentations of patients,can worsen due to,Alzheimer's disease
clinical presentations of patients,can worsen due to,vascular dementia
patients with comorbid type 2 diabetes mellitus,can have,clinical presentations that worsen
clinical presentations that worsen,due to,Alzheimer's disease
clinical presentations that worsen,due to,vascular dementia
clinical presentations that worsen,due to,VaD
patients,can have,clinical presentations
clinical presentations,worsen due to,Alzheimer's disease
Patients with Alzheimer's disease,can have,clinical presentations that worsen
clinical presentations that worsen,due to,comorbid type 2 diabetes mellitus
patients with type 2 diabetes mellitus,can have,clinical presentations that worsen
Type 2 diabetes mellitus,increases the risk for,vascular dementia
hyperinsulinemia,is associated with,higher adiposity
hyperinsulinemia,is associated with,insulin resistance
higher adiposity,associated with,hyperinsulinemia
insulin resistance,associated with,hyperinsulinemia
Alzheimer's disease,is related to,higher adiposity
Alzheimer's disease,is related to,insulin resistance
higher adiposity,are related to,higher risk of Alzheimer's disease
insulin resistance,are related to,higher risk of Alzheimer's disease
higher risk of Alzheimer's disease,is associated with,hyperinsulinemia
higher risk of Alzheimer's disease,is associated with,higher adiposity
higher risk of Alzheimer's disease,is associated with,insulin resistance
underestimation of their importance in Alzheimer's disease,may result in,underestimation of their importance in Alzheimer's disease
risk factors,may result in,underestimation of their importance in Alzheimer's disease
risk factors,may result in,underestimation of their importance
risk factors,may result in,underestimation
risk factors,may result in,underestimation of their
world population,is at increased risk of,Alzheimer's disease
trends for increasing prevalence of overweight,due to,Alzheimer's disease
trends for increasing prevalence of obesity,due to,Alzheimer's disease
trends for increasing prevalence of hyperinsulinemia,due to,Alzheimer's disease
trends for increasing prevalence of diabetes,due to,Alzheimer's disease
associations,are present,unique opportunity for prevention and treatment of Alzheimer's disease
causal,if proven,associations
associations,are proven,causal
associations,present,unique opportunity for prevention and treatment of Alzheimer's disease
they,are,unique opportunity for prevention and treatment of Alzheimer's disease
proven causal,if,they
associations,are proven causal,unique opportunity for prevention and treatment of Alzheimer's disease
associations,are,unique opportunity for prevention and treatment of Alzheimer's disease
researchers,assessed,how intranasal insulin influences the activity of Akt1 and Akt2 kinases
intranasal insulin,influences,activity of Akt1 and Akt2 kinases
intranasal insulin,influences,expression of glial and neuronal markers
Incretin-based therapies,have,glucose-lowering effects
therapies,in relation to,Alzheimer's disease
therapies,in relation to,stroke
patients with type 2 diabetes,with,therapies
therapies,are in relation to,stroke
therapies,in relation to,dementia
patients with type 2 diabetes,are in relation to,Alzheimer's disease
patients with type 2 diabetes,are in relation to,stroke
patients with type 2 diabetes,are in relation to,dementia
Alzheimer's disease,are in relation to,therapies
stroke,are in relation to,therapies
lifestyle in the West,is associated with,chronic stress
Patients with Type 2 diabetes mellitus and Alzheimer's disease,are caused by,many abnormalities common to Type 2 diabetes mellitus and Alzheimer's disease
protein misfolding diseases,are caused by,various factors
neurodegenerative diseases,are associated with,amyloidogenic proteins
neurodegenerative diseases,are caused by,amyloidogenic proteins
protein misfolding diseases,are caused by,amyloidogenic proteins
pathogenesis of protein misfolding diseases,is caused by,amyloidogenic proteins
amylin,contribute to,complex pathophysiology of type two diabetes
pancreatic α-synuclein,contribute to,complex pathophysiology of type two diabetes
Aβ,contribute to,complex pathophysiology of type two diabetes
PrP,contribute to,complex pathophysiology of type two diabetes
tau,contribute to,complex pathophysiology of type two diabetes
these proteins,may contribute to,appearance of insulin resistance in Alzheimer's and Parkinson's disease
diabetic cognopathy,develops due to,"convergence of aging, genetic and lifestyle abnormalities"
Aging,result in,overnutrition
Aging,result in,lack of exercise
genetic abnormalities,result in,overnutrition
genetic abnormalities,result in,lack of exercise
lifestyle abnormalities,result in,overnutrition
lifestyle abnormalities,result in,lack of exercise
overnutrition,result in,multiple injurious metabolic and immunologic toxicities
lack of exercise,result in,multiple injurious metabolic and immunologic toxicities
Multiple injurious metabolic and immunologic toxicities,result in,dysfunctional immune responses
dysfunctional immune responses,result in,oxidative stress
insulin resistance,results in,dysglycemia
abnormalities,may result in,neurodegeneration
abnormalities,may cause,impaired cognition
abnormalities,may cause,dementia
microglia activation,may cause,impaired cognition
blood-brain barrier tight junction/adherens junction (TJ/AJ) complex,remodeling may result in,neurodegeneration
blood-brain barrier tight junction/adherens junction (TJ/AJ) complex,remodeling may cause,impaired cognition
microglia activation,and,blood-brain barrier tight junction/adherens junction (TJ/AJ) complex remodeling
microglia activation and the blood-brain barrier tight junction/adherens junction (TJ/AJ) complex remodeling,may result in,neurodegeneration
microglia activation and the blood-brain barrier tight junction/adherens junction (TJ/AJ) complex remodeling,may cause,impaired cognition
endothelial blood-brain barrier tight junction/adherens junction (TJ/AJ) complex remodeling,may cause,impaired cognition
endothelial blood-brain barrier tight junction/adherens junction (TJ/AJ) complex,remodeling,microglia activation
remodeling and microglia activation,may cause,impaired cognition
sensitivity,is due to,enzyme's properties
enzyme,is sensitive to,thiol-alkylating agents
enzyme,due to,its properties
Insulin-degrading enzyme,has,active site
Insulin-degrading enzyme,of,active site
active site,is,two separate domains
two separate domains,are operational in,close apposition
two separate domains,are,operational
Insulin-degrading enzyme active site,is operational in,close apposition
active site of Insulin-degrading enzyme,is,operational
two separate domains,are in close apposition,active site of Insulin-degrading enzyme
two separate domains,are close together in,active site of Insulin-degrading enzyme
treatment with amyloid-β(1-42) oligomers (10 μM),resulted in,decrease in active- and pro-caspase-3 expression
impairment of neuronal cells,via,apoptosis signaling pathway
impairment of neuronal cells,due to,amyloid-β(1-42) oligomers
treatment with amyloid-β(1-42) oligomers (10 μM),resulted in,decrease in Bcl-2 protein expression
amyloid-β(1-42) oligomers,caused,decrease in active- and pro-caspase-3 expression
amyloid-β(1-42) oligomers,caused,Bcl
study,revealed,decrease in Akt phosphorylation
decrease in Akt phosphorylation,caused by,amyloid-β oligomers (AβOs)
study,revealed,decrease in CREB phosphorylation
decrease in CREB phosphorylation,caused by,amyloid-β oligomers (AβOs)
changes,were due to,pre-treatment with Ex-4 (300 nM)
diabetes,associated with,clinical application of Ex-4 for AD treatment
Alzheimer's disease,is associated with,neuroinflammation
neuroinflammation,is associated with,neurodegenerative disorders
disease,is caused by,factors
disease,is contributed by,factors contributing to its etiology
Alzheimer's disease (AD),is contributed by,factors contributing to its etiology
factors,contributing to,its etiology
factors contributing to its etiology,contribute to,the disease (AD)
mechanism,plays a role in,comorbid somatic diseases such as diabetes mellitus type 2 (DM2)
mechanism,plays a role in,comorbid somatic diseases
comorbid somatic diseases,such as,diabetes mellitus type 2 (DM2)
study,was to identify,genes associated with both AD and SID
genes associated with AD and SID,could increase,insights into their molecular underpinnings
genes associated with AD and SID,could increase insights into,their molecular underpinnings
genes,associated with,AD
genes,associated with,SID
genes,could increase insights into,their molecular underpinnings
genes associated with AD and SID,could increase our insights into,their molecular underpinnings
global metabolic disorders epidemic,is caused by,several factors
aging,negatively impacts,metabolic function in a specific tissue
metabolic stress of exercise,results in,long-term adaptations
adaptations,are associated with,protection against metabolic disease states
impact of exercise,is modulated,context of aging
diabetes,contributes to,acceleration of Alzheimer's disease progression
mechanisms of diabetes,tend to reinforce,each other
mechanisms of diabetes,accelerating,cognitive impairment
type 2 diabetes mellitus,has impact on,Alzheimer's disease risk and progression
Elucidating the impact of type 2 diabetes mellitus on Alzheimer's disease risk and progression,requires,greater attention
impact,requires,greater attention to the myriad facets of type 2 diabetes mellitus pathophysiology
treatment modalities,may differentially impact,relationships
these facets,may influence,Alzheimer's disease risk
facets,may influence,Alzheimer's disease risk
compounds that inhibit catalase binding to amyloid catalase,may therefore result in,unwanted effects
individuals,were at risk due to,existing metabolic risk factors
Alzheimer's disease,is due to,metabolic factors
attenuating neuro-inflammatory processes in brain,by,Trx1 mimetic peptides could become beneficial for preventing neurological disorders associated with diabetes
Trx1 mimetic peptides,could become,beneficial for preventing neurological disorders associated with diabetes
Trx1 mimetic peptides,could be beneficial for,preventing neurological disorders associated with diabetes
Trx1 mimetic peptides,can prevent,neurological disorders associated with diabetes
disruption of β-cells,can be caused by,formation of amyloid fibers
insulin resistance,is associated with,Alzheimer's disease neuropathology
midlife insulin resistance,is associated with,late-life cognition
Type 2 diabetes mellitus,is associated with,cognitive impairment
aggregation of these proteins,appears to cause,degenerative maladies
maladies,are caused by,aggregation of human proteins
aggregation of human proteins,causes,degenerative maladies
aggregation of human proteins,causes,amyloid diseases or amyloidoses
human proteins,cause,degenerative maladies
human proteins,that,aggregate
aggregation of human proteins,causes,amyloid diseases
aggregation of human proteins,causes,amyloidoses
human proteins,that aggregate,amyloid diseases
human proteins that aggregate,cause,amyloid diseases
human proteins,that aggregate cause,amyloidoses
human proteins,aggregate,amyloid diseases or amyloidoses
amyloid diseases,are caused by,human proteins that aggregate
diseases,are caused by,transthyretin aggregation
narrative review,examines,evidence for the major causes of death
causes of death,include,cardiovascular disease
causes of death,include,hypertension
causes of death,include,cancer
causes of death,include,type 2 diabetes mellitus
causes of death,include,COVID-19
evidence,examines,sub-optimal serum 25-hydroxyvitamin D concentrations
sub-optimal serum 25-hydroxyvitamin D concentrations,is related to,causes of death
sub-optimal serum 25-hydroxyvitamin D concentrations,are related to,causes of death
cardiovascular disease,is a cause of,death
hypertension,is a cause of,death
cancer,is a cause of,death
type 2 diabetes mellitus,is a cause of,death
COVID-19,is a cause of,death
narrative review,examines,evidence for the causes of death
causes of death,including,cardiovascular disease
causes of death,including,hypertension
causes of death,including,cancer
causes of death,including,type 2 diabetes mellitus
causes of death,including,COVID-19
narrative review,examines,evidence with regard to the causes of death
review,examines,evidence for the causes of death
narrative review,examines,causes of death
review,examines,causes of death
raising serum 25-hydroxyvitamin D concentrations,will result in,significant reduction in preventable illness and death
oxidative stress,results in,systemic inflammation
cycles of hypoxia and normoxia,result in,oxidative stress
loss of β-cell function,is associated with,islet amyloid
islet amyloid,is associated with,loss of β-cell function
loss of β-cell function,is associated with,islet amyloid development
islet amyloid development,is associated with,loss of β-cell function
IDE haploinsufficiency,impact of,metabolic parameters
IDE total deletion,impact of,metabolic parameters
characterization,was of,impact of IDE haploinsufficiency and total deletion in metabolic parameters
IDE haploinsufficiency,of the impact,behavioral parameters
total deletion,of the impact,behavioral parameters
characterization,was of,IDE haploinsufficiency and total deletion
IDE haploinsufficiency,impact of,molecular parameters
total deletion,impact of,molecular parameters
characterization,was of,impact of IDE haploinsufficiency and total deletion in molecular parameters
IDE absence,results in,brief effects on amyloid-β management
IDE absence,has impact on,amyloid-β management
impact of IDE absence on amyloid-β management,is,temporary
IDE absence,has,temporary impact on amyloid-β management
Triggering receptor expressed on myeloid cells 2,increase the risk of,developing AD
AD development,is associated with,TREM2 and innate immunity
upregulation of these proteins,suggested,improvement in synaptic transmission
obesity/diabetes-associated cognitive decline,is associated with,obesity
obesity/diabetes-associated cognitive decline,is associated with,diabetes
condition,associated with,obesity
condition,associated with,diabetes
risk factors,lead to,neuronal death
brain insulin resistance,can contribute to,neurodegeneration
brain insulin resistance,have attracted,increasing attention
they,are among,them
brain insulin resistance,can contribute to,obesity
brain insulin resistance,can contribute to,type 2 diabetes mellitus (T2DM)
obesity,are among them,type 2 diabetes mellitus (T2DM)
obesity,have attracted,increasing attention
type 2 diabetes mellitus (T2DM),have attracted,increasing attention
obesity,are among,them
type 2 diabetes mellitus (T2DM),are among,them
obesity,is among,them
type 2 diabetes mellitus (T2DM),is among,them
Type 2 diabetes mellitus,will promote the transformation of,Mild cognitive impairment into Alzheimer's disease
association between type 2 diabetes mellitus,and,modest changes in cognition
Type 2 diabetes mellitus,will promote,transformation of Mild cognitive impairment into Alzheimer's disease
association between type 2 diabetes mellitus,is well established,modest changes in cognition
antecedent cardiovascular disease risk factors,increase the risk for,late-onset Alzheimer disease
Antecedent cardiovascular disease risk factors,increase the risk for,late-onset Alzheimer disease
Antecedent cardiovascular disease risk factors,are associated with,increased risk of late-onset Alzheimer disease
score,was based on,common variants associated with LOAD
aging,is associated with,glucose metabolism disturbances
Type 2 diabetes,contributes to,its own complications
Type 2 diabetes,are associated with,its complications
Type 2 diabetes and its complications,are associated with,the elderly population
bile acids,are associated with,metabolic disorders
bile acids,are associated with,type 2 diabetes
Type 2 diabetes,is associated with,the disorders
reduction in adiposity,was associated with,adipocyte hypertrophy
adipocyte hypertrophy,was associated with,lipids accumulation in the liver
improvement in glucose-insulin homeostasis,was associated with,aged mice
improvement in glucose-insulin homeostasis,was associated with,lipids accumulation in the liver
improvement in glucose-insulin homeostasis,was associated with,reduction in adiposity and adipocyte hypertrophy
1-point change in plant protein intake,was associated with,change in HbA1c
changes,were associated with,change in HbA1c
change in HbA1c,was associated with,1-point change in plant protein intake
increase in dietary pulse intake,was associated with,reduction in HbA1c
reduction in HbA1c,was associated with,2 c-PDS points
Portfolio Diet,was associated with,lower HbA1c
lower HbA1c,over,a 6-month period
metformin,positively influences,process of haemostasis
metformin,apart from,hypoglycaemic activity
long term use of metformin,contributes to,better cognitive function
several clinical studies,confirm that,long term use of metformin in diabetic patients
metformin,contributes to,better cognitive function in diabetic patients
Empagliflozin,may increase,cerebral brain-derived neurotrophic factor
empagliflozin,may increase,cerebral brain-derived neurotrophic factor
these inhibitors,may impact,pathways participating in the acute stage of stroke
atherosclerosis,has an impact on,late stage of stroke
Atherosclerosis,has an impact on,acute stage of stroke
induction,leads to,vascular endothelial growth factor-A
Sodium-glucose co-transporter 2 inhibitors,presents potential mechanisms of,paper
mechanisms,are related to,Sodium-glucose co-transporter 2 inhibitors
progressive decline in cognitive function,seen during,normal aging
progressive decline in cognitive function,is due to,underlying processes
mechanism,is on,Diabetic encephalopathy
Diabetic encephalopathy,via,GSK-β/Tau signaling pathway
Diabetic encephalopathy hippocampus,were both studied,primary neurons
expression of miRNA-132 RNA,was,low in primary neurons
epigenetic studies,may help identify,molecular signatures of Insulin resistance associated with Alzheimer's disease
hypothesis,that,TZDs could impact Ca(2+) signaling/homeostasis in neurons
TZDs,could impact,Ca(2+) signaling/homeostasis in neurons
hypothesis,was that,TZDs could impact Ca(2+) signaling/homeostasis in neurons
Ca(2+) dysregulation,is a pathogenic factor of,brain aging/AD
hypothesis,that TZDs could impact,Ca(2+) signaling/homeostasis in neurons
evidence,supported the,hypothesis that TZDs could impact Ca(2+) signaling/homeostasis in neurons
hypothesis,was based on,evidence that Ca(2+) dysregulation is a pathogenic factor of brain aging/AD
evidence,was used to support the hypothesis that,TZDs could impact Ca(2+) signaling/homeostasis in neurons
area of the brain,is vulnerable to,effects of aging
area of the brain,is vulnerable to,effects of AD
Amyloid-beta,associated with,Alzheimer's
alpha synuclein,associated with,Parkinson's
human islet amyloid polypeptide,associated with,type 2 diabetes
prions,associated with,prion diseases
Alzheimer's,associated with,peptides and proteins
Parkinson's,associated with,peptides and proteins
type 2 diabetes,associated with,peptides and proteins
prion diseases,associated with,peptides and proteins
peptides and proteins,associated with,Alzheimer's
peptides and proteins,associated with,Parkinson's
peptides and proteins,associated with,type 2 diabetes
peptides and proteins,associated with,prion diseases
study,investigated,potential impact of insulin use on this association
Alzheimer's disease,is associated with,shared molecular mechanisms
Type 2 diabetes mellitus,is associated with,shared molecular mechanisms
events,are associated with,biological processes
genes,associated with,biological processes
genes,are associated with,oxidative stress
genes,are associated with,insulin resistance
genes,are associated with,apoptosis
genes,are associated with,cognition
genes,associated with,oxidative stress
genes,associated with,insulin resistance
genes,associated with,apoptosis
genes,associated with,cognition
events,associated with,biological processes
these genes,are associated with,biological
development of diabetes,is associated with,associated diseases
IL-1β pathway,is associated with,development of diabetes
IL-1β,is associated with,diabetes
IL-1β,is associated with,diseases
Alzheimer's disease,is associated with,complex neuroinflammatory reactions
Alzheimer's disease,is associated with,microglial activation
Alzheimer's disease,is associated with,cytokine production
Alzheimer's disease,is associated with,neurofibrillary tangles
neurofibrillary tangles,are associated with,cytokine production
microglial activation,are associated with,cytokine production
Alzheimer's disease,is associated with,Alzheimer's disease
Alzheimer's disease,associated with,neurofibrillary tangles
Alzheimer's disease,associated with,microglial activation
Alzheimer's disease,associated with,cytokine production
neurofibrillary tangles,are associated with,Alzheimer's disease
microglial activation,are associated with,Alzheimer's disease
cytokine production,are associated with,Alzheimer's disease
neurofibrillary tangles,associated with,microglial activation
neurofibrillary tangles,associated with,cytokine production
microglial activation,associated with,cytokine production
Alzheimer's disease,are associated with,neurofibrillary tangles
Alzheimer's disease,are associated with,microglial activation
Alzheimer's disease,are associated with,cytokine production
interventions,lead to,better intellectual development in epileptic children
interventions,lead to,better intellectual development
epileptic children,experience,better intellectual development
better intellectual development,due to,the interventions
interventions,lead to,better intellectual development in children with epilepsy
interventions,lead to,better
alterations on the utilization or availability of glucose,may be cause for,appearance of neurodegenerative pathologies like Alzheimer's disease
increased risk,is specifically for,dementia due to Alzheimer's disease
mechanisms responsible for the increase in glucose and ketone production,examine,empagliflozin in patients with type 2 diabetes mellitus
objective,was to examine,mechanisms responsible for the increase in glucose and ketone production caused by empagliflozin in patients with type 2 diabetes mellitus
empagliflozin,caused,increase in glucose and ketone production
increase in glucose and ketone production,in,patients with type 2 diabetes mellitus
increase in glucose and ketone production,was caused by,empagliflozin
increase in glucose and ketone production,was caused by,something
empagliflozin,is,substance
something,caused,increase in glucose and ketone production
decrease in plasma glucose,was associated with,increase in plasma free fatty acid
decrease in plasma glucose,was associated with,increase in plasma β-hydroxybutyrate
increase in plasma glucagon,was associated with,increase in plasma β-hydroxybutyrate
increase in plasma glucagon concentration,caused by,empagliflozin
increase in plasma glucagon concentration,is responsible for,increase in plasma ketone production
empagliflozin,caused,decrease in plasma insulin concentration
empagliflozin,caused,increase in plasma FFA concentration
Empagliflozin,caused,increase in plasma ketone production
decrease in plasma insulin concentration,caused by,empagliflozin
decrease in plasma insulin concentration,responsible for,increase in plasma FFA concentration
increase in plasma glucagon concentration,caused by,increase in plasma ketone production
empagliflozin,is responsible for,increase in plasma ketone production
Empagliflozin,caused,decrease in plasma insulin concentration
empagliflozin,caused,increase in plasma glucagon concentration
empagliflozin,caused,increase in plasma ketone production
predictive role of S100B,has been shown to be closely related to,cognitive function
S100B,has,predictive role
mild cognitive impairment,is a condition associated with,type 2 diabetes
increased plasma glucose levels,decrease,neuronal activity
precuneus,in,posterior cingulate cortex
DMN,is the functional core of,precuneus/posterior cingulate cortex
functional core,of,DMN
plasma glucose levels,increase,neuronal activity
precuneus/posterior cingulate cortex,is the functional core of,DMN
DMN,associated with,AD
DMN,associated with,T2DM
AD,associated with,T2DM
glycemic control trajectories,predict,cognitive performance
depression,associated with,early AD
anxiety,associated with,early AD
nighttime behavioral disturbances,associated with,early AD
appetite disturbances,associated with,early AD
T2DM,is associated with,depression
T2DM,is associated with,anxiety
T2DM,is associated with,nighttime behavioral disturbances
T2DM,is associated with,appetite disturbances
T2DM,is associated with,occurrence of depression
T2DM,is associated with,occurrence of anxiety
T2DM,is associated with,occurrence of nighttime behavioral disturbances
T2DM,is associated with,occurrence of appetite disturbances
diabetes,contributes to,Alzheimer's disease pathogenesis
mechanisms,by which,diabetes contributes to Alzheimer's disease pathogenesis
cluster,increases,risk of cardiovascular disease
steatosis,has a significant impact on,amount of extracellular vesicles
development of pathologies associated with MetS,is related to,hepatocytes
hepatocytes,are involved in,development of pathologies associated with MetS
extracellular vesicles,are involved in,development of pathologies associated with MetS
extracellular vesicles,involved in,development of pathologies associated with MetS
extracellular vesicles,related to,hepatocytes
Pathologies,associated with,MetS
Pathologies associated with MetS,related to,hepatocytes
hepatocytes,caused,development of pathologies associated with MetS
hepatocytes,cause,involvement of extracellular vesicles
involvement of extracellular vesicles,in the development of,pathologies associated with MetS
pathologies associated with MetS,are the result of,involvement of extracellular vesicles secreted by hepatocytes
extracellular vesicles secreted by hepatocytes,is the cause of,pathologies associated with MetS
pathologies associated with MetS,are caused by,involvement of extracellular vesicles secreted by hepatocytes
extracellular vesicles,secreted by,hepatocytes
extracellular vesicles secreted by hepatocytes,are the cause of,pathologies associated with MetS
pathologies associated with MetS,are the result of,hepatocytes
pathologies associated with MetS,are the result of,involvement of extracellular vesicles
tight junction protein Zonula Occludence-1,is associated with,brain endothelial cells
Insulin-degrading enzyme,is associated with,brain endothelial cells
impairment,leads to,alteration in insulin signalling
Sodium-glucose cotransporter-2 inhibitors,show,antidiabetic drugs
Sodium-glucose cotransporter-2 inhibitors,with,potential cardiovascular advantages
potential cardiovascular advantages,because of,these disorders
Sodium-glucose cotransporter-2,have,significant positive results
Sodium-glucose cotransporter-2 inhibitors,exert,impressive cardiovascular effects
more research,is needed to determine,how Sodium-glucose cotransporter-2 inhibitors exert these impressive cardiovascular effects
activation in brain cells,can lead to,neuroinflammation
metabolic alterations,associated with,neurodegeneration
metabolic alterations,are associated with,neurodegeneration
specific interventions,should be designed to,modulate Protein tyrosine phosphatase 1B activity in brain
values,were measured in,mmHg
BP,stands for,Blood Pressure
values,were measured in,intervention group
reduction in the values,was,measured
involvement of pharmacists,leads to,improved control of diabetes mellitus
the study,showed,the involvement of pharmacists
findings of the study,were that,involvement of pharmacists leads to improved control of diabetes mellitus
future studies,should assess,impact of pharmacists interventions on other chronic conditions
pharmacists interventions,impact of should be assessed on,asthma
pharmacists interventions,impact of,Alzheimer's disease
pharmacists interventions,impact of should be assessed on,dementia
L-NAME,did not have much influence on,these parameters
neurobehavioural changes,were associated with,predictable modulations in Aβ levels in hippocampus and cortex
predictable modulations in Aβ levels in hippocampus and cortex,in,HFD + STZ + saline group
this,may result in,faster declines
combination of multiple neuropathologies,may result in,faster declines
combination of multiple neuropathologies,may lead to,faster declines
this,may lead to,faster declines
Alzheimer's disease,have similar causes,type 2 diabetes
Type 2 diabetes,is caused by,a pathophysiological factor
Type 2 diabetes,has,pathophysiological cause
Alzheimer's disease,has,epidemiological cause
Type 2 diabetes,is,disease
Type 2 diabetes,caused by,pathophysiological factor
Alzheimer's disease,is caused by,epidemiological cause
Type 2 diabetes,is caused by,pathophysiological cause
Type 2 diabetes,has a,cause
Alzheimer's disease,has,cause
cerebral insulin resistance,causes,neuronal degeneration
amyloid precursor protein (APP),has been extensively investigated for,role in a condition in which amyloid beta (Aβ) plaques are formed
amyloid beta (Aβ) plaques,are formed due to,type 2 diabetes
this model,did not result in,detectable levels of Aβ
This,did not result in,detectable levels of Aβ
this,did not result in,detectable levels of Aβ
Alzheimer's disease,is associated with,amyloid precursor protein
Alzheimer's disease,is associated with,APP
Alzheimer's disease,is associated with,its metabolites
amyloid precursor protein,and,APP
amyloid precursor protein and APP,and its metabolites are capable of,influencing the basic physiology of the pancreas
metabolic alterations,are associated with,type 2 diabetes
Alzheimer's disease,is caused by,aging
Alzheimer's disease,is caused by,type 2 diabetes
deposition,constitutes,cerebral amyloid angiopathy (CAA)
cerebral amyloid angiopathy (caa),is constituted by,the deposition
cerebral amyloid angiopathy (caa),is caused by,amyloid-β (aβ) deposition
T2D,contributes to,increase CAA mediated oxidative stress
oxidative stress,is caused by,CAA
MMP activation,is a result of,oxidative stress
MMP activation,is a result of,CAA
oxidative stress,is a result of,CAA
CAA,causes,oxidative stress
oxidative stress,causes,red blood cell velocity
red blood cell velocity,is caused by,MMP activation
MMP activation,is caused by,oxidative stress
changes,contribute to,AD pathology
AD pathology,affects,brain microvasculature
hippocampal neuroinflammation,contributes to,cognitive decline
correlation,suggests that,hippocampal neuroinflammation contributes to cognitive decline
progression of cognitive decline,is associated with,AD-like neurodegenerative states
AD-like neurodegenerative states,are associated with,cognitive decline
cognitive decline,is associated with,states
we,sought to examine,relationship between sleep duration and cause-specific mortality
shorter sleep durations,were associated with,increased risk of all-cause mortality
longer sleep durations,were associated with,increased risk of all-cause mortality
all-cause mortality risk,was,≤5 h/day
people who slept for ≤5 h/day,for,all-cause mortality risk
all-cause mortality risk,was,6 h/day
people who slept for 6 h/day,for,all-cause mortality risk
risk of all-cause mortality,was,8 h/day
people who slept for 8 h/day,for,risk of all-cause mortality
people who slept for ≥10 h/day,had,risk of all-cause mortality ≥10 h/day
people who slept for ≤5 h/day,had,risk of all-cause mortality 1.24 times higher than the reference group
all-cause mortality risk,was,1.13 times higher than reference group
people who slept for 6 h/day,had,all-cause mortality risk
all-cause mortality risk,was,1.17 times higher
all-cause mortality risk,than,reference group
people who slept for 8 h/day,for,all-cause mortality risk
all-cause mortality risk,was,1.83 times higher than the reference group
people who slept for ≥10 h/day,for,all-cause mortality risk
risk of all-cause mortality,was between,1.09 and 1.40
people who slept for ≤5 h/day,for,risk of all-cause mortality
95% confidence interval,for,risk of all-cause mortality
risk of all-cause mortality,was between,1.61 and 2.08
people who slept for ≥10 h/day,for,risk of all-cause mortality
risk of all-cause mortality,was,1.24 times higher than the reference group
all-cause mortality risk,was,1.13 times higher than the reference group
risk factors,impact on,Alzheimer's disease progression
this,leading to,growing demand to understand the impact of risk factors on Alzheimer's disease progression
growing demand,is to understand,impact of risk factors on Alzheimer's disease progression
study,included,SGLT2 inhibitors
study,included,it
study,was included,because of it
study,included,one drug
study,was included,because of one drug
study,included for,GLP-1RAs
study,included because of,GLP-1RAs
one study,was included because of,one drug
one study,was included,SGLT2 inhibitors
SGLT2 inhibitors,because of,one study
one study,was included,GLP-1RAs
meta-analysis,was unavailable,only one study was included
analysis,was,unavailable
analysis,because,only one study was included
impairments,are associated with,Alzheimer's disease
disease,is associated with,cognitive decline
disease,is associated with,anxiety
disease,is associated with,type 2 diabetes
mice,were used in,the study
mice,because of,their genetic modification
mice,were used in the study because of,Pin1 KO status
mice,are,Pin1 KO
mice,are,genetically modified
properties of SGLT2 inhibitors,have led to,significant improvements
SGLT2 inhibitors,impact on,neurodevelopmental disorders
study,looked at,impact of SGLT2 inhibitors
this review,looked at,impact of SGLT2 inhibitors
this review,looked at,impact of SGLT2 inhibitors on neurodevelopmental disorders
this review,looked at,canagliflozin
review,looked at,impact of canagliflozin
review,looked at,impact of SGLT2 inhibitors
pathological features,observed in,dementia process
pathological features,may be caused by,Type 2 diabetes
pathological features in the dementia process,may be caused by,Type 2 diabetes
diabetes mellitus,interaction of,hypertension
hypertension,interaction of,hyperlipidemia
"interaction of diabetes mellitus, hypertension, and hyperlipidemia",was the cause of,impaired cortical CBF in Type 2 diabetes mellitus
impaired cortical CBF,was caused by,Type 2 diabetes mellitus
diabetes mellitus,interaction of,impaired cortical CBF
hypertension,interaction of,impaired cortical CBF
hyperlipidemia,interaction of,impaired cortical CBF
structural plasticity of Amyloids,leads to,"sampling of metastable, low-molecular-weight oligomers"
electronic polarization,impact on,structural morphology and stability of preformed hexamers
study,provides,insight into the impact of electronic effects on amyloid oligomers structure
high-fat diet,causes,cognitive impairment
high-fat diet,causes,Aβ accumulation
Aβ accumulation,occurs in,middle-aged or aged knock-in (KI) Alzheimer's disease mouse models
cognitive impairment,occurs in,middle-aged or aged transgenic (Tg) Alzheimer's disease mouse models
middle-aged or aged transgenic (Tg) Alzheimer's disease mouse models,with/without,Aβ accumulation
cognitive impairment,in,middle-aged or aged knock-in (KI) Alzheimer's disease mouse models
middle-aged or aged knock-in (KI) Alzheimer's disease mouse models,with/without,Aβ accumulation
cognitive impairment,in,middle-aged or aged Alzheimer's disease mouse models
Alzheimer's disease mouse models,with/without,Aβ accumulation
cognitive impairment,in,Alzheimer's disease mouse models
cognitive impairment,occurs in,middle-aged or aged Alzheimer's disease mouse models
Aβ accumulation,occurs in,middle-aged or aged Alzheimer's disease mouse models
Aβ accumulation,occurs in,Alzheimer's disease mouse models
high-fat diet,without,Aβ accumulation in Alzheimer's disease mouse models
high-fat diet,with,middle-aged or aged Alzheimer's disease mouse models
high-fat diet,without,it
high-fat diet,causes,cognitive impairment with Aβ accumulation
high-fat diet,causes,cognitive impairment without Aβ accumulation
high-fat diet,has an impact on,nutrient metabolism
impact,is on,young Alzheimer's disease mouse models
impact,is on,neurological phenotypes
neurological phenotypes,in,young Alzheimer's disease mouse models
this impact,is,not known
diet,had no impact on,phosphorylation of hippocampal insulin receptor substrate 1
subset of these exposures,was associated with,non-CVD traits
type 2 diabetes,is associated with,high VLDL-C
type 2 diabetes,is associated with,high IDL-C
type 2 diabetes,is associated with,high LDL-C
inflammatory bowel disease,is associated with,high LDL-C
inflammatory bowel disease,is associated with,high IDL-C
these processes/pathways,have,differential impact on β-amyloid precursor protein processing
these processes/pathways and their differential impact on β-amyloid precursor protein processing,provide,comprehensive systems biology view of the APP
differential impact,on,β-amyloid precursor protein processing
relationships between these processes/pathways,provide,comprehensive systems biology view of the APP
identification of these processes/pathways,provide,comprehensive systems biology view of the APP
differential impact on β-amyloid precursor protein processing,provide,comprehensive systems biology view of the APP
processes/pathways,relationships between,processes/pathways
processes/pathways,have differential impact on,β-amyloid precursor protein processing
"processes/pathways, their differential impact on β-amyloid precursor protein processing",provide,comprehensive systems biology view of the APP
identification of these processes/pathways,and their differential impact on,β-amyloid precursor protein processing
long-term type 2 diabetes,may lead to,brain aging
Type 2 diabetes,may lead to,brain aging
type 2 diabetes,interplay between,brain aging
interplay between type 2 diabetes and brain aging,causes,neurodegeneration/death
neurodegeneration/death,underlying,cognitive dysfunction
cognitive dysfunction,and ultimately,dementia
Type 2 diabetes,may contribute to,development of Alzheimer's disease
Munc18c isoform,influences,glucose-stimulated insulin secretion
glucose-stimulated insulin secretion,in,rodents
reduction,resulted in,reduction in GSIS in the second phase
dysglycemia,was associated with,higher number of brain infarcts
dysglycemia,was associated with,higher WMH volume
dysglycemia,was associated with,decreased total white matter volume
dysglycemia,was associated with,decreased total gray matter volume
dysglycemia,was associated with,lower speed
dysglycemia,was associated with,lower visuospatial function
fibril structures,were profoundly altered,remodeling of the energy landscape of primary nucleation
energy landscape of primary nucleation,was altered,remodeling by the small molecule and the type-2 diabetes drug
small molecule,alter,resulting fibril structures
type-2 diabetes drug,alter,resulting fibril structures
alteration of the energy landscape of primary nucleation,due to,resulting fibril structures
early primary symptom of Alzheimer's disease,is,decline of memory ability
decline of memory ability,is caused by,Alzheimer's disease
decline of memory ability,gradually develops into,complete dementia
complete dementia,is the end stage of,Alzheimer's disease
Alzheimer's disease,caused by,decline of memory ability
complete dementia,is,end stage of Alzheimer's disease
end stage of Alzheimer's disease,caused by,early primary symptom of Alzheimer's disease
novel GLP-1/GIP dual agonist DA5-CH,of,neuroprotection
novel GLP-1/GIP dual agonist DA5-CH,in alleviating,cognitive impairments and pathological damages
neuroprotection of novel GLP-1/GIP dual agonist DA5-CH,might be associated with,improvement of hippocampal synaptic plasticity
alleviation of cognitive impairments and pathological damages,is due to,neuroprotection of DA5-CH
neuroprotection of DA5-CH,is due to,improvement of hippocampal synaptic plasticity
neuroprotection of DA5-CH,is due to,activation of the PI3K/AKT signaling pathway
improvement of hippocampal synaptic plasticity,is associated with,activation of the PI3K/AKT signaling pathway
need for intervention research,is due to,high prevalence of type 2 diabetes mellitus
need for treatment,is due to,high prevalence of type 2 diabetes mellitus
type 2 diabetes mellitus,is a cause of,dementia
type 2 diabetes mellitus and stroke,is the cause of,dementia
etiological fraction of dementia,is attributable to,type 2 diabetes mellitus and stroke
etiological fraction of dementia,is substantial,type 2 diabetes mellitus and stroke
groups with high prevalence of type 2 diabetes mellitus,have a need for,intervention research and treatment
need for intervention research and treatment,is,substantial
etiological fraction of dementia,attributable to,type 2 diabetes mellitus and stroke
high prevalence of type 2 diabetes mellitus,is a cause of,dementia
cause of dementia,is,type 2 diabetes mellitus and stroke
dementia,in,ethnic group
dementia in this ethnic group,may be related to,preventable causes
COVID-19 pandemic,has impacted,global economy
dementia,in,this ethnic group
dementia,may be related to,preventable causes
fibrillar aggregates of the islet amyloid polypeptide (IAPP),are associated with,type-2 diabetes mellitus (T2DM)
fibrillar aggregates of amyloid-β (Aβ),are associated with,type-2 diabetes mellitus (T2DM)
fibrillar aggregates of the islet amyloid polypeptide (IAPP),are associated with,Alzheimer's disease (AD)
fibrillar aggregates of amyloid-β (Aβ),are associated with,Alzheimer's disease (AD)
development of T2DM,is associated with,β-cell line dysfunction
T2DM,is,disease
T2DM,associated with,β-cell line dysfunction
dysfunction,is caused by,interaction of islet amyloid polypeptide with the β-cell line membrane
islet amyloid polypeptide,interacts with,β-cell line membrane
interaction of islet amyloid polypeptide with the β-cell line membrane,influences,T2DM
interaction of islet amyloid polypeptide with the β-cell line membrane,causes,T2DM
islet amyloid polypeptide,interaction with,β-cell line membrane
interaction of islet amyloid polypeptide with the β-cell line membrane,is the primary cause of,T2DM
β-cell line membranes,cause,similar effects on the kinetics of islet amyloid polypeptide IAPP-Aβ heterocomplexes IAPP-Aβ heterocomplexes formation
anionic heterogeneous model membranes,cause,similar effects on the kinetics of islet amyloid polypeptide IAPP-Aβ heterocomplexes IAPP-Aβ heterocomplexes formation
β-cell line membranes,cause similar effects on,kinetics of islet amyloid polypeptide IAPP-Aβ heterocomplexes IAPP-Aβ heterocomplexes formation
anionic heterogeneous model membranes,cause similar effects on,kinetics of islet amyloid polypeptide IAPP-Aβ heterocomplexes IAPP-Aβ heterocomplexes formation
up-regulation of platelet glycogen synthase kinase-3β,was associated with,cognitive decline in T2DM patients
impaired olfactory function,was associated with,cognitive decline in T2DM patients
several factors,are associated with,cognitive decline in T2DM patients
aging,is a factor associated with,cognitive decline in T2DM patients
up-regulation of platelet glycogen synthase kinase-3β,is a factor associated with,cognitive decline in T2DM patients
platelet GSK-3β activity,could be,useful biomarker
useful biomarker,to predict,cognitive decline
unfolding of Aβ16-22 helix,contributes to,aggregation free-energy barrier
T2DM disorder,is associated with,cognitive decline
cognitive decline,observed in,T2DM disorder
cognitive decline,associated with,T2DM
hyperglycemia,is the cause of,different non-psychiatric complications
detrimental effects of glucose,are the cause of,different non-psychiatric complications
comorbidity,is associated with,early neurodegenerative processes
donepezil,is a reference drug,Alzheimer's disease
donepezil,impacts the features of,Alzheimer's disease
3 doses of polyphenols from Conyza dioscoridis (L.) extract,impacts of,investigated
impacts,were investigated in,two animal models
T2DM,combined with,AD
combination of T2DM and AD,led to,additional pathologies
glycemic variability metrics,were associated with,treatment outcomes
genomic variants,contribute to,susceptibility
genomic variants,can be identified,carriers
individuals with potential for a better response to a drug,can be identified,carriers of known genomic variants that contribute to susceptibility
carriers of known genomic variants,contribute to,susceptibility
individuals with potential,have,better response to a drug
carriers of known genomic variants,are,identified
individuals with potential for a better response to a drug,are known,genomic variants that contribute to susceptibility
individuals with potential for a better response to a drug,are carriers of,known genomic variants
known genomic variants,contribute to,susceptibility
impact,would have been on,recently described clinical trials
selecting individuals for a trial,on the basis of,genotypes identified in contemporary GWA studies
selecting individuals for a trial,would have had an impact on,clinical trials
selecting individuals for a trial on the basis of genotypes identified in contemporary GWA studies,would have had,impact on clinical trials
increase in incidence of outcomes in trials restricted to individuals with specific genotypic profiles,can result in,substantial reductions
increase in incidence of outcomes,can result in,substantial reductions
atherogenic dyslipidemia,is associated with,increased cardiometabolic risk for CAD
atherogenic dyslipidemia,is associated with,increased cardi
Log(TG)/HDL-C,is associated with,several adverse health conditions
Log(TG)/HDL-C,is associated with,several health risks
diseases that make up Metabolic syndrome,are,high-risk clinical pathological conditions
high-risk clinical pathological conditions,because of,this
Metabolic syndrome,is because of,this
clinical pathological conditions,because of,this
diseases,make up,Metabolic syndrome
syndrome,causes,concern
syndrome,causes,loss of productivity
syndrome,results in,high social costs
syndrome,results in,loss of productivity
syndrome,causes,social costs
these actions,can lead to,more effective prevention of Metabolic syndrome disease
reducing healthcare costs,will lead to,more effective prevention of Metabolic syndrome disease
model,is used to study,endothelial cells in the hippocampus
changes,were caused by,modulating the expression of protein-coding genes
changes in the global transcriptomic profile of hippocampal endothelial cells,were caused by,modulating the expression of protein-coding genes and long noncoding RNAs
changes in the global transcriptomic profile of hippocampal endothelial cells,were caused by,modulating the expression of protein-coding genes
changes in the global transcriptomic profile of hippocampal endothelial cells,were caused by,modulating the expression of long noncoding RNAs
T2D,had effect on,global transcriptomic profile of hippocampal endothelial cells
modulating the expression of protein-coding genes,caused,effect of T2D on the global transcriptomic profile of hippocampal endothelial cells
T2D,is predictive of,increased vascular permeability
T2D,negatively impacts,cognitive function
regulation,is the cause of,dysfunction
regulation,has negative impact on,cognitive function
T2D,is the cause of,dysfunction
dysfunction,has a,negative impact on cognitive function
T2D,causes,endothelial cell dysfunction
proteins,are associated with,neurodegeneration
proteins,are associated with,related proteinopathies
researchers,explored,modules associated with multiple Alzheimer's Disease-related phenotypes
type 2 diabetes mellitus (DM),is associated with,age-dependent Alzheimer's disease (AD)
type 2 diabetes mellitus (DM),is associated with,age
age,is associated with,Alzheimer's disease
this,leads to,liver lipid accumulation
direct pathway,involves,increased uric acid levels
direct pathway,involves,liver lipid accumulation
direct pathway,involves,dyslipidemia
consumption of added sugar,is associated with,development and/or prevalence of fatty liver
insulin resistance,is associated with,hyperuricemia
hyperuricemia,is associated with,CVD
fatty liver,is associated with,dyslipidemia
CVD,is associated with,T2DM
dyslipidemia,is associated with,insulin resistance
consumption of added sugar,is associated with,development
high sugar diets,were compared to,control diets
fructose consumption,causes,increased energy intake
failure to stimulate leptin production,is due to,fructose consumption
failure to stimulate leptin production,causes,reduced energy expenditure
the form in which added sugar is consumed,is also,a variable
form in which added sugar is consumed,has an impact on,its potential to promote weight gain
form in which added sugar is consumed,has an influence on,potential to promote weight gain
diabetes mellitus,increases the risk for,Alzheimer's disease
mechanisms associated with DM,responsible for,increased AD risk
mechanisms associated with DM,are responsible for,increased AD risk
increased AD risk,is associated with,DM mechanisms
mechanisms,associated with,DM
mechanisms,are associated with,increased AD risk
AD risk,is increased due to,DM mechanisms
mechanisms of DM,associated with,AD risk
pathologies,are associated with,onset of memory deficits
T2DM,causes,pathologies
pathologies,are associated with,onset of memory deficits and AD
T2DM,causes,disruption of the neural milieu
disruption of the neural milieu,encourages,pathologies
disruption of the neural milieu,leads to,pathologies
T2DM,causes,disruption
disruption,leads to,pathologies associated with the onset of memory deficits and AD
disruption,leads to,pathologies associated with the onset of memory deficits
disruption,leads to,pathologies
genetic polymorphisms,in,GLP1R gene
genetic polymorphisms in the GLP1R gene,impact,therapeutic response
dysregulation of peroxisome proliferator-activated receptor alpha (PPAR-α),leads to,central and peripheral metabolic disturbances
AD,cause,central and peripheral metabolic disturbances
T2D,cause,central and peripheral metabolic disturbances
central metabolic disturbances,are caused by,AD
peripheral metabolic disturbances,are caused by,AD
central metabolic disturbances,are caused by,T2D
peripheral metabolic disturbances,are caused by,T2D
AD,cause,central metabolic disturbances
AD,cause,peripheral metabolic disturbances
T2D,cause,central metabolic disturbances
T2D,cause,peripheral metabolic disturbances
central and peripheral metabolic disturbances,are caused by,AD and T2D
Alzheimer's disease AD,is the putative main culprit associated with,brain amyloid-β (Aβ)
diabetes,can result in,hyper- or hypoglycemic events
events,can cause,disease to worsen
events,can cause,the disease
events,can lead to,disease
events,can result in,the disease
events,can lead to,worsening of the disease
events,can lead to,disease worsening
monitoring of glucose variability,is of critical importance,importance
perspective,explores,impact of CGM on T2DM management
CGM,is on,T2DM management
vascular risk factors,influence,neuropsychological performance of an independent elderly population
ARWMC,influence,neuropsychological performance of an independent elderly population
our aim,was to study,influence of vascular risk factors and ARWMC on the neuropsychological performance of an independent elderly population
study,was to see,influence of vascular risk factors
study,was to see the influence of,vascular risk factors and ARWMC
Diabetes,influenced,neuropsychological performance
hypertension,influenced,neuropsychological performance
previous stroke,influenced,neuropsychological performance
predisposition to AD,is associated with,T2DM
dysfunction of SorCS1,may contribute to,insulin/glucose disturbance underlying DM
data from these studies,suggest that,dysfunction of SorCS1
dysfunction of SorCS1,may contribute to,APP/Aβ disturbance underlying AD
data from these studies,suggest,dysfunction of SorCS1 may contribute to the insulin/glucose disturbance underlying DM
Dysfunction of SorCS1,contributes to,AD
Dysfunction of SorCS1,contributes to,DM
dysfunction of SorCS1,contributes to,AD
seemingly distinct diseases,have,shared mechanisms and signalling pathways
effective treatment for one disorder,could prove beneficial in,others
T2DM,is a condition that causes,apoptotic cell death of pancreatic beta cells
pancreatic beta cells,die due to,apoptotic cell death
apoptotic cell death,occurs in,T2DM
potential benefit,of,GLP-1R stimulation
intervention,was associated with,employment
intervention,was associated with,disability benefit receipt
disability benefit receipt,during,the intervention
intervention,after,disability benefit receipt
intensive lifestyle intervention,was associated with,improvements in labor market outcomes
improvements in labor market outcomes,during and after,the intervention period
intervention,had an impact on,labor market outcomes
intervention,after,intervention
intervention,was associated with,higher levels of employment
type 2 diabetes,is associated with,lower levels of employment
ML-based models,have,limited predictive performance
models proposed,have,limited predictive performance
the goal,was to improve,the predictive performance
predictive performance,is improved,S6
the m number of 60 PFs,is used to,improve the predictive performance
models,are to predict,cognitive dysfunction
cognitive dysfunction,can be predicted in,patients with Type 2 diabetes mellitus
models,purpose of,predict cognitive dysfunction
Type 2 diabetes,is associated with,cross-seeding Aβ
misfolded IAPP,is associated with,cross-seeding Aβ
Type 2 diabetes,is associated with,Alzheimer's disease pathology
cross-seeding Aβ,is associated with,misfolded IAPP
misfolded IAPP,is associated with,link between type 2 diabetes and Alzheimer's disease
misfolded IAPP,impact on,Aβ aggregation
misfolded IAPP,impact on,Alzheimer's disease pathology
these peptides,may be the cause of,the interaction
pathogenesis,is associated with,cross-seeding events
disease,is associated with,cross-seeding events
misfolded proteins,interaction of,cross-seeding events
interaction of misfolded proteins through cross-seeding events,may contribute to,accelerate Alzheimer's disease
interaction of misfolded proteins,is associated with,Alzheimer's disease
interaction of misfolded proteins,through,cross-seeding events
interaction of misfolded proteins through cross-seeding events,is associated with,the disease
interaction of misfolded proteins,is associated with,disease
misfolded proteins,are associated with,Alzheimer's disease
interaction,is associated with,Alzheimer's disease
interaction,is associated with,the disease
cross-seeding events,are associated with,the disease
cross-seeding events,are associated with,Alzheimer's disease
these data,are associated with,the disease
these data,are associated with,cross-seeding events
data,associated with,interaction of misfolded proteins
data,are associated with,interaction of misfolded proteins
educational attainment,was associated with,MCI in T2DM patients
duration of diabetes,was associated with,MCI in T2DM patients
HDL-c levels,were associated with,MCI in T2DM patients
SPP1,is,pro-inflammatory gene
SPP1,associated with,AD
AD,is associated with,SPP1
AD and T2D human subjects,had,similar gene expression changes
similar gene expression changes,in,a pro-inflammatory gene associated with AD
AD and T2D human subjects,had similar gene expression in,pro-inflammatory gene associated with AD
subjects,had,similar gene expression
similar gene expression,associated with,pro-inflammatory gene
pro-inflammatory gene,associated with,AD
metabolic stressors,cause,early and progressive CI
inflammatory changes,were caused by,metabolic stressors
metabolic stressors,cause,disease
disease,was caused by,early and progressive CI and inflammatory changes
inflammatory changes,were caused by,early and progressive CI and metabolic stressors
early and progressive CI,was caused by,inflammatory changes and metabolic stressors
disease,was caused by,early and progressive CI
disease,was caused by,inflammatory changes
disease,was caused by,metabolic stressors
early and progressive CI and inflammatory changes,caused,the disease
metabolic stressors,caused,the disease
early and progressive CI,caused,disease
inflammatory changes,caused,disease
metabolic stressors,caused,disease
early and progressive CI,caused,the disease
inflammatory changes,caused,the disease
disease,was caused by,"early and progressive CI, inflammatory changes and metabolic stressors"
metformin usage,is associated with,reduced risk of severe dementia
Metformin's effects,are associated with,APOE genotype
Metformin's effects,on,cognitive decline in AD patients
APOE genotype,is associated with,mediating metformin's effects on cognitive decline in AD patients
Metformin,has effects on,cognitive decline in AD patients
cognitive decline in AD patients,is influenced by,APO
findings from a substantial cohort of AD and T2DM patients,suggest that,metformin usage not significantly associated with a decreased risk of severe dementia
Metformin usage,is not significantly associated with,decreased risk of severe dementia
substantial cohort of patients,suggest that,metformin usage is not significantly associated with decreased risk of severe dementia
AD and T2DM patients,suggest that,metformin usage is not significantly associated with a decreased risk of severe dementia
Metformin usage,is associated with,decreased risk of severe dementia
decreased risk of severe dementia,is associated with,metformin usage
Metformin usage,is not associated with,severe dementia
severe dementia,is not significantly associated with,metformin usage
Metformin usage,is not associated with,decreased risk of severe dementia
work,allowed,elaboration of signaling cascades
signaling cascades,directly impacting,AβPP and tau
obesity,associated with,dysregulation of glucose in the central nervous system
type 2 diabetes mellitus,associated with,dysregulation of glucose in the central nervous system
Alzheimer's disease,associated with,dysregulation of glucose in the central nervous system
Parkinson's disease,associated with,dysregulation of glucose in the central nervous system
dysregulation of glucose,in,central nervous system
dysregulation of glucose in the central nervous system,is associated with,numerous diseases
further research,about,transporters and transporter-related proteins
further research,to fully understand,mechanistic role
further research,to fully understand,impact on cellular metabolism
impact of transporters and transporter-related proteins,on,cellular metabolism
impact of transporters and transporter-related proteins,needs to be,understood
polygenic risk score (sT2DM),independently predicted,amnestic mild cognitive impairment conversion Alzheimer's disease AD
polygenic risk score (sT2DM),independently predicts,amnestic mild cognitive impairment conversion Alzheimer's disease AD
PRS (sT2DM),could be used as,measure to predict conversion of amnestic mild cognitive impairment to Alzheimer's disease
amnestic mild cognitive impairment,can be converted to,Alzheimer's disease
conversion of amnestic mild cognitive impairment,is predicted by,Alzheimer's disease
PRS (sT2DM),is predicted by,conversion of amnestic mild cognitive impairment to Alzheimer's disease
PRS (sT2DM),is a measure to predict,conversion of amnestic mild cognitive impairment to Alzheimer's disease
agents,are,therapeutic
regulating miR-497-5p,provides,a potential targeted therapy for lung cancer treatment
regulating miR-497-5p,provides,potential targeted therapy for lung cancer treatment
activation of caspase signal pathway,was the reason for,stronger apoptosis
short-acting insulin,was independently associated with,SH
rapid-acting insulin,was associated with,SH
Peripheral vascular disease,was independently associated with,SH
Anxiolytics,were associated with,SH
paralysis/hemiplegia/paraplegia,was independently associated with,SH
congestive heart failure,was associated with,SH
β-adrenoceptor agonists,were associated with,SH
Corticosteroids,were associated with,SH
smoking,was associated with,SH
Charlson Comorbidity Index score of 2,was independently associated with,SH
Charlson Comorbidity Index score of 4 or higher,was independently associated with,SH
liver/gallbladder/pancreatic disease,was associated with,SH
reactive oxygen species,can cause,activation of inflammatory proteins
mitochondria deterioration,can cause,oxidative stress
activation of inflammatory proteins,can cause,oxidative stress
oxidative stress,can be caused by,mitochondria deterioration
chronic inflammation,due to,oxidative damage
chronic inflammation due to oxidative damage,is thought to trigger,numerous chronic diseases
adiposity,may cause,Alzheimer's disease
type 2 diabetes,may cause,Alzheimer's disease
hyperinsulinemia,through,Alzheimer's disease
adiposity,through,hyperinsulinemia
Type 2 diabetes,may cause,Alzheimer's disease
Type 2 diabetes,through,hyperinsulinemia
adiposity,through,glycosylation
adiposity,through,advanced products of glycosylation
Type 2 diabetes,through,advanced products of glycosylation
products of adipose tissue metabolism,through,Alzheimer's disease
glycosylation,through,Alzheimer's disease
higher type 2 diabetes,increase,risk of AD
insulin resistance,increase the risk of,AD
higher insulin resistance,increase,risk of AD
insulin resistance,increase,risk of AD
SARS-CoV-2,has primary impact on,respiratory
SARS-CoV-2,caused,extra-pulmonary complications
SARS-CoV-2,causes,respiratory complications
SARS-CoV-2,causes,complications
SARS-CoV-2,has impact,impact
SARS-CoV-2,causes,various complications
SARS-CoV-2,has impact,various
SARS-CoV-2,has,various impact
virus,affects,organs
widespread expression of ACE-2 receptors,due to,virus affects organs
widespread expression of ACE-2 receptors,is due to,the virus
widespread expression of ACE-2 receptors,due to,virus affecting organs
the virus,is associated with,the widespread expression of ACE-2 receptors
the virus,affects the organs due to,the widespread expression of ACE-2 receptors
widespread expression of ACE-2 receptors,is due to,virus affecting organs
SARS-CoV-2,is the virus that causes,COVID-19
SARS-CoV-2,causes,neurological complications
COVID-19,causes,neurological complications
SARS-CoV-2 infection,have,long-term impacts
SARS-CoV-2 infection,have,short-term impacts
interventions,aim to mitigate,long-term impacts of SARS-CoV-2 infection
interventions,aim to mitigate,short-term impacts of SARS-CoV-2 infection
short-term impacts of SARS-CoV-2 infection,are caused by,COVID-19
COVID-19,has,long-term impacts
COVID-19,has,short-term impacts
impacts of COVID-19,are caused by,SARS-CoV-2 infection
review,highlights,importance of understanding the impacts of COVID-19
the review,emphasizes,the importance of understanding the impacts of COVID-19
changes,associated with,cerebrovascular disease
changes,are associated with,cerebrovascular disease
cerebrovascular disease,such as,white matter hyperintensities
cerebrovascular disease,such as,infarcts
chronic decrements in cerebral blood flow,result in,end-stage manifestations
this damage,is caused by,cognitive decline
information,can be used to predict,irreversible parenchymal damage
older adults,with,Type 2 diabetes mellitus
study,looked at,older adults with Type 2 diabetes mellitus
this marker of risk,may be associated with,cognitive impairment
this study,aims to discuss,renal outcomes associated with non-insulin antidiabetic pharmacotherapy prescribed for patients with type 2 diabetes mellitus
study,aims to compare,renal outcomes associated with non-insulin antidiabetic pharmacotherapy prescribed for patients with type 2 diabetes mellitus
renal outcomes,are associated with,non-insulin antidiabetic pharmacotherapy
review,reported,three main types of the clinical impact of the prescribed AD on the renal outcomes
clinical impact,of,prescribed AD
prescribed AD,was,additional
clinical impact of the prescribed AD,was with,decline in renal
more than half of the studies,included in,this review
studies,supported,renoprotective effects associated with the use of AD medications
renoprotective effects,were associated with,use of AD medications
dysfunction,leads to,neuronal loss
pathogenic mechanisms,are associated with,oligomeric protein assemblies
atrophy,leads to,loss
loss,leads to,dysfunction
Alzheimer's disease (AD),is caused by,the amyloid beta-protein (Abeta)
damage of neurons,was caused by,Berberine
protective effect of Berberine,on,neurons
protective effect of Berberine,is due to,ability to inhibit the Berberine pathway of ER stress
increased expression of SH2-containing inositol 5'-phosphatase 2,investigated the impact of,brain
high-sugar diets,directly contribute to,weight gain
high-sugar diets,contribute to,chronic hyperglycemia
systemic inflammation,is caused by,advanced glycation end products
obesity,is associated with,chronic inflammation
T2DM,causes,blood-brain barrier dysfunction
High-sugar diets,impact of,central nervous system diseases
high-sugar diets high in glucose and fructose,have,detrimental impact on central nervous system diseases
High-sugar diets,has detrimental impact on,central nervous system diseases
high-sugar diets,have,detrimental impact on central nervous system diseases
high-sugar diets,have a detrimental impact on,central nervous system diseases
high-sugar diets,due to,glucose
high-sugar diets,due to,fructose
high glucose and fructose,due to,detrimental impact on central nervous system diseases
detrimental impact on central nervous system diseases,particularly due to,glucose and fructose
detrimental impact on central nervous system diseases,particularly due to,high glucose and fructose
high-sugar diets high in glucose and fructose,have a detrimental impact on,central nervous system diseases
high-sugar diets,have,detrimental impact on central nervous
emotional distress,caused by,adding basal insulin to metformin
emotional distress,compared to,other treatments
basal insulin,does not cause,emotional distress
basal insulin,does not have a deleterious effect on,emotional distress
basal insulin,does not have,deleterious effect on emotional distress
drug targets,are impacted by,GWAS-identified variants
GWAS-identified variants,impact,drug targets
three drugs,are associated with,decreased risk of Alzheimer's disease
gene locus ARHGAP44,is associated with,rs56340929
linkage peak,was significantly associated with,ΔHbA1c
linkage peak,was associated with,ΔHbA1c
ΔHbA1c,is associated with,T2D
T2D,is associated with,ΔHbA1c
T2DM,co-occur with or influence,neurodegeneration
AS,co-occur with or influence,neurodegeneration
OA,co-occur with or influence,neurodegeneration
AMD,co-occur with or influence,neurodegeneration
these conditions,co-occur with,neurodegeneration
these conditions,influence,neurodegeneration
AD,co-occur with or influence,neurodegeneration
PD,co-occur with or influence,neurodegeneration
Gal-3,contributes to,Aβ plaque deposition
Gal-3,contributes to,tau hyperphosphorylation
Gal-3,contributes to,neuronal apoptosis
this association,is due to,obesity
obesity,is due to,this association
Alzheimer-related proteins,are associated with,insulin resistance
association,is due to,obesity
obesity,due to,this association
Alzheimer's disease,is a causal association in,women with PCOS
SGLT2i agents,are associated with,prolonged survival
Sodium-glucose cotransporter 2 inhibitors,are associated with,improved cardiovascular outcomes
Sodium-glucose cotransporter 2 inhibitors,are associated with,prolonged survival
benefits in neurodegenerative disorders,may be due to,attenuation of inflammatory responses
high glycemia levels,in,healthy individuals
high glycemia levels in healthy individuals,are not associated with,amyloid deposition
MPV,in,AD patients
MPV in AD patients,are not associated with,amyloid deposition
SNPs,were associated with,AD
SNPs,used to be found associated with,lipid parameters and AD
SNPs,were found associated with,lipid parameters
SNPs,were found associated with,AD
lipid parameters,were associated with,SNPs
variants,influence,lipid profile
Alzheimer's disease,are the most common causes of,dementia
vascular dementia,are the most common causes of,dementia
AD patients,are in,tremendous need of new therapeutic options
available treatments,have had,limited success
AD patients,are in a tremendous need of,new therapeutic options
new therapeutic options,because of,limited success of available treatments
incidence of dementia,is rising,aging population
aging population,due to,incidence of dementia
daily supplementation,with,hop-derived bitter acids
hop-derived bitter acids,may be,safe and effective strategy to stimulate the vagus nerve
safe and effective strategy to stimulate the vagus nerve,and thus enhance,cognitive function
recent insights,have led to,development of promising treatments
Type 2 diabetes mellitus,is associated with,neurodegenerative disorders
their therapeutic effects,are due to,reducing inflammation
Alzheimer's disease,is characterized by,abnormal elevation of brain beta-amyloid levels
caffeine administration,impact on,metabolism
caffeine administration,impact on,cognitive performance
study,investigated,impact of caffeine administration on metabolism
study,investigated,impact of caffeine administration on cognitive performance
impact,was investigated in,control rats
caffeine administration,impact of,cognitive performance in rats
we,investigated,impact of caffeine administration on metabolism and cognitive performance in rats
study,investigated,caffeine administration impact on metabolism
study,investigated,caffeine administration impact on cognitive performance
study,conducted on,rats
TFEB knockdown,had,negative impact on DE
DE,was negatively impacted by,TFEB knockdown
TFEB knockdown,had a negative impact on,DE
Diabetic encephalopathy AD-like pathology,is associated with,T2DM
Type 2 diabetes mellitus,is associated with,T2DM
Diabetic encephalopathy AD-like pathology,is a type of,pathology
Diabetic encephalopathy AD-like pathology,associated with,T2DM
Type 2 diabetes mellitus,is a cause of,Diabetic encephalopathy AD-like pathology
Diabetic encephalopathy AD-like pathology,in,T2DM
gut microbiota,may influence,process of AD
gut microbiota,influences,process of AD
gut microbiota,regulating,immune system
process of AD,is influenced by,gut microbiota
gut microbiota,through regulation of,immune system
gut microbiota,through maintenance of,intestinal barrier
mild traumatic brain injury,may frequently lead to,"long-lasting cognitive, behavioral, and emotional impairments"
condition,may frequently lead to,"long-lasting cognitive, behavioral, and emotional impairments"
mTBI,may frequently lead to,"long-lasting cognitive, behavioral, and emotional impairments"
mTBI,accounts for,approximately 90% of all traumatic brain injury cases
condition,is known as,mild traumatic brain injury
mild traumatic brain injury,may lead to,"long-lasting cognitive, behavioral, and emotional impairments"
traumatic brain injury cases,accounts for approximately 90% of,condition
condition,is also known as,mild traumatic brain injury
researchers or investigators,show that,co-assembly of the two sequences
co-assembly of the two sequences,results in,hetero-oligomers with distinct properties and aggregation kinetics properties
observations,may be of key significance to,elucidating how different sequences and/or assembly conditions can result in different fibril structures and/or pathogenic outcomes
mechanisms of amyloid formation in vivo,can result in,different fibril structures
mechanisms of amyloid formation in vivo,can result in,pathogenic outcomes
different sequences,can result in,different fibril structures
different assembly conditions,can result in,different fibril structures
different fibril structures,can result in,different pathogenic outcomes
COVID-19 pandemic,impact of,these parameters
COVID-19 pandemic impact,was,determined
COVID-19 pandemic,had an impact on,parameters of type 2 diabetes patients with dementia
incident and preexisting diabetes mellitus (DM),were associated with,cognitive decline
cognitive decline,among,African Americans (AAs) and European Americans (EAs)
incident diabetes mellitus,associated with,cognitive decline
preexisting diabetes mellitus,associated with,cognitive decline
incident and preexisting diabetes mellitus (DM),among,African Americans (AAs) and European Americans (EAs)
incident and preexisting diabetes mellitus (DM),associated with,cognitive decline
incident and preexisting diabetes mellitus (DM),examined if,African Americans (AAs) and European Americans (EAs)
examination,was to determine,if incident and preexisting diabetes mellitus (DM) were associated with cognitive decline
type 2 diabetes,combinatory effect on,Alzheimer's disease pathology
human glutaminyl cyclase activity,combinatory effect on,Alzheimer's disease pathology
Type 2 diabetes induction,in,Alzheimer's disease mice
Type 2 diabetes induction in Alzheimer's disease mice,is associated with,increased Aβ deposition
Alzheimer's disease mice,are at risk of,AD pathology
Alzheimer's disease mice,due to,type 2 diabetes induction
Type 2 diabetes induction,is associated with,increased risk of AD pathology in Alzheimer's disease mice
Type 2 diabetes induction,increases the risk of,AD pathology in Alzheimer's disease mice
increased risk of AD pathology,in,Alzheimer's disease mice
increased risk of AD pathology,is due to,type 2 diabetes induction
Type 2 diabetes induction,leads to,increased Aβ deposition in Alzheimer's disease mice
Type 2 diabetes induction in Alzheimer's disease mice,causes,increased Aβ deposition
Type 2 diabetes induction,causes,AD pathology in Alzheimer's disease mice
Type 2 diabetes induction in Alzheimer's disease mice,is a cause of,increased Aβ deposition
Type 2 diabetes induction in Alzheimer's disease mice,leads to,AD pathology
multiple factors,contribute to,this predisposition
neuroinflammation,is caused by,islet amyloid polypeptide deposition
islet amyloid polypeptide,causes,cytotoxicity
islet amyloid polypeptide,induced,cytotoxicity
cytotoxicity,causes,vascular damage
islet amyloid polypeptide deposition,causes,vascular damage
islet amyloid polypeptide deposition,causes,neuroinflammation
islet amyloid polypeptide,interaction with,other amyloids
interaction with other amyloids,causes,vascular damage
islet amyloid polypeptide,interaction causes,neuroinflammation
neuroinflammation,is caused by,islet amyloid pol
it,is also a future target in treating,dementia associated with type 2 diabetes mellitus
dementia,associated with,type 2 diabetes mellitus
dementia associated with type 2 diabetes mellitus,is,condition to be treated
dementia associated with type 2 diabetes mellitus,is also a condition to be,prevented
target,is for,treating dementia associated with type 2 diabetes mellitus
target,is for,preventing dementia associated with type 2 diabetes mellitus
target,is for treating,dementia associated with type 2 diabetes mellitus
this target,is also for preventing,dementia associated with type 2 diabetes mellitus
regulatory enzymes,impact,core pathological molecular mechanisms
core pathological molecular mechanisms,shared by,T2DM and AD
their metabolites,impact,core pathological molecular mechanisms shared by T2DM and AD
signaling pathways,impact,core pathological molecular mechanisms
type 2 diabetes,contributed to,elevated risk
Type 2 diabetes,may contribute to,elevated risk
elevated risk,is associated with,African American individuals
Hp 1-1 alleles,is associated with,poor cognition
Hp 1-1 alleles,is associated with,cerebrovascular disease
Hp 2-1,include,alleles
Hp 2-2,include,alleles
Hp 2-1,associated with,greater risk of myocardial infarction and mortality
Hp 2-2,associated with,greater risk of myocardial infarction and mortality
Hp 2-1,are associated with,greater risk of myocardial infarction and mortality
Hp 2-2,are associated with,greater risk of myocardial infarction and mortality
alleles,are associated with,poor cognition
alleles,are associated with,cardiovascular disease
alleles,are associated with,mortality
Hp 1-1 allele,is associated with,poor cognition
Hp 1-1 allele,is associated with,cerebrovascular disease
Hp 2-1 alleles,include,Hp 2-2 alleles
Hp 2-1 alleles,associated with,greater risk of myocardial infarction
Hp 2-1 alleles,associated with,mortality
Hp 1-1,is associated with,poor
Hp 1-1 genotype,would be associated with,more cognitive impairment
other genotypes,were not associated with,cognitive impairment
other genotypes,were not associated with,cognitive decline
Hp 1-1 genotype,was associated with,poorer cognitive function
Hp 1-1 genotype,was associated with,greater cognitive decline
Hp 1-1 genotype,was associated with,other Hp genotypes
Hp 1-1 genotype,than,other Hp genotypes
Hp 1-1 genotype,was associated with,higher prevalence of cognitive decline
higher prevalence of cognitive decline,among,African American individuals
higher prevalence of cognitive decline,among,individuals of white race/ethnicity
Hp 1-1 genotype,was associated with,higher prevalence of poorer cognitive function
higher prevalence of poorer cognitive function,among,African American individuals
higher prevalence of poorer cognitive function,among,individuals of white race/ethnicity
African American individuals,among,greater cognitive decline and poorer cognitive function
individuals of white race/ethnicity,among,greater cognitive decline and poorer cognitive function
individuals in the SGLT2 inhibitor group,had,lower risk of developing all-cause dementia
SGLT2 inhibitor group,had,1.8% of individuals who developed all-cause dementia
SGLT2 inhibitor group,had,individuals who developed all-cause dementia
individuals,developed,all-cause dementia
sulfonylurea group,had,4.7% of individuals who developed all-cause dementia
modifiable lifestyle factors,may contribute to,disease pathogenesis
modifiable lifestyle factors,contribute to,disease pathogenesis
Alzheimer's disease,is caused by,modifiable lifestyle factors
Alzheimer's disease pathogenesis,may be influenced by,lifestyle factors
lifestyle factors,influence,disease pathogenesis
lifestyle factors,may influence,disease pathogenesis
symptomologies of Alzheimer's disease,suggest that,lifestyle factors influence disease pathogenesis
lifestyle factors,may be,modifiable
modifiable lifestyle factors,influence,disease pathogenesis
lifestyle factors,contribute to,disease pathogenesis
modifiable lifestyle factors,may be influenced by,modifiable lifestyle factors
elevated glutamate release,led to,elevated extracellular glutamate
condition,is caused by,human amylin fibrillization
Human amylin,causes,T2DM
human amylin fibrillization,causes,the condition
glucose variability,is associated with,mortality in the elderly population with diabetes
study,mentioned in,sentence
study,aims to evaluate,whether Glucose variability is an independent predictor of all-cause mortality
study,evaluates,whether Glucose variability is an independent predictor of all-cause mortality in patients aged 75 years or older
glucose variability,is,independent predictor of all-cause mortality
models,were performed to,assess the effect of CV-FPG on all-cause mortality
CV-FPG,affects,all-cause mortality
effect,was assessed on,all-cause mortality
CV-FPG,has an effect on,all-cause mortality
effect of CV-FPG,was assessed,all-cause mortality
effect of CV-FPG,was assessed on,all-cause mortality
CV-FPG,was assessed on,all-cause mortality
all-cause mortality,was assessed in relation to,CV-FPG
CV-FPG,was assessed in relation to,all-cause mortality
CV-FPG,effect of,all-cause mortality
CV-FPG effect,was assessed in relation to,all-cause mortality
CV-FPG,had effect on,all-cause mortality
all-cause mortality rate,was,"822.3 per 10,000 person-years"
amylin,is the major component of,the deposits
Type 2 diabetes mellitus,causes,condition that affects the pancreatic islets of patients
age-related macular degeneration,was associated with,high-density lipoprotein cholesterol
higher high-density lipoprotein cholesterol,is associated with,increased risk of age-related macular degeneration (AMD)
disease,leads to,loss of β-cell function
impaired insulin release,results in,hyperglycemia
overweight/obese adults,with,diabetes
overweight/obese adults with diabetes,had,many age-related health deficits
interventions,were,multidomain lifestyle interventions
interventions,were administered before,individuals had accrued many age-related health deficits
interventions,may be most effective in reducing,CVD
Type 2 diabetes,contributes to,Alzheimer's disease progress
risk factors,have an impact on,specific deposits
Type-2 diabetes,increased the risk for,Parkinson's disease
Type-2 diabetes,is associated with,Parkinson's disease clinical severity
Parkinson's disease clinical severity,is associated with,type-2 diabetes
Parkinson's disease,risk for increased due to,type-2 diabetes
Parkinson's disease,is associated with,clinical severity of type-2 diabetes
Type-2 diabetes (T2DM),is associated with,Parkinson's disease clinical severity
Type-2 diabetes (T2DM),increased the risk for,Parkinson's disease
Parkinson's disease,risk for,type-2 diabetes (T2DM)
type-2 diabetes (T2DM),increased due to,Parkinson's disease
clinical severity of Parkinson's disease,is associated with,type-2 diabetes
various diseases,are affected by,gut-brain communication
gut-microbiota,are involved in,gut-brain communication
gut-microbiota,are involved in,vice-versa communication
type-2 diabetes,include,diseases mentioned
Alzheimer's disease,include,diseases mentioned
dysfunction in cognitive functions of a healthy brain,is caused by,Type-2 diabetes
dysfunction in cognitive functions,of,healthy brain
dysfunction in cognitive functions of healthy brain,caused by,diet
dysfunction in cognitive functions of a healthy brain,is caused by,diet
diet,causes,dysfunction in microbiota-gut-brain (MGB) and brain-gut (BG) communication
type-2 diabetes,cause,dysfunction in cognitive functions of a healthy brain
diet,cause,dysfunction in cognitive functions of a healthy brain
dysfunction in microbiota-gut-brain (MGB) and brain-gut (BG) communication,is caused by,Type-2 diabetes and diet
metabolites,cause,loss of integrity of intestinal barrier
loss of integrity of intestinal barrier,is associated with,colonic inflammation
colonic inflammation,is associated with,systemic inflammation
Obesity,is associated with,T2D
systemic inflammation,is associated with,obesity
obesity,is associated with,T2D
future research,might shed lights on,novel potential pharmacological targets
novel potential pharmacological targets,to impede,Alzheimer's disease progression
IR,is possibly associated with,ADNC
Type 2 diabetes mellitus,is caused by,deficient insulin secretion
Type 2 diabetes mellitus,is caused by,tissue insulin resistance
Type 2 diabetes mellitus,is caused by,both
condition,is caused by,deficient insulin secretion
condition,is caused by,tissue insulin resistance
Type 2 diabetes mellitus,is caused by,combination of both
deficient insulin secretion,caused by,the condition
tissue insulin resistance,caused by,the condition
a combination of both,caused by,the condition
Type 2 diabetes mellitus,is caused by,combination of deficient insulin secretion and tissue insulin resistance
condition,is caused by,"combination of deficient insulin secretion and tissue insulin resistance, or both"
Type 2 diabetes mellitus,is caused by,"combination of deficient insulin secretion, tissue insulin resistance, or both"
Type 2 diabetes mellitus,is associated with,onset and progression of the disease
Type 2 diabetes mellitus,has been studied,its involvement in the onset and progression of the disease
onset and progression of Type 2 diabetes mellitus,are influenced by,fatty acid composition of phospholipids
Lysophospholipid acyltransferases,have,significant impact on lipid metabolism and homeostasis
Type 2 diabetes mellitus patients,are at risk of,AD
increased Human Islet amyloid polypeptide circulating levels,due to,Type 2 diabetes mellitus patients
pathology,remains,unclear
dynamics,underlying,disease
pathology,underlying,disease
pathology underlying the disease,remain,unclear
presence of DM,associated with,greater WMH burden
Metformin BV,led to,significant response in the mice
Metformin BV,caused,change in the level of IL10
changes,were associated with,arrangement and number of beta cells
diabetic mice,showed,significant changes in the shape and size of islets
significant changes in the shape and size of islets,associated with,arrangement and number of beta cells
diabetic mice,had significant changes in,shape and size of islets
pancreas in diabetic mice,showed,significant changes in the shape and size of islets
preserved brain IGF-I activity,contributes to,resilience to Alzheimer's disease pathology
amyloid-β (Aβ),cause,inflammation
amyloid-β (Aβ),cause,oxidative stress
amyloid-β (Aβ),cause,neuronal loss
tau,cause,inflammation
tau,cause,oxidative stress
tau,cause,neuronal loss
it,needs to be changed,aging processes
it,is driven by,aging processes
disease,needs to be changed,aging processes
disease,is exclusively driven by,aging processes
it,needs to be change,aging processes
aging processes,is,exclusively
it,needs to be changed,disease exclusively driven by aging processes
disease,is driven by,aging processes
disease,needs to be changed,it
disease,is driven by,it
it,needs to be changed,driven by the disease
late onset Alzheimer's disease,associated with,obesity
late onset Alzheimer's disease,associated with,infections
processes,involve,cytokine production
cytokine production,associated with,peripheral stressors
Systemic/environmental stressors,impact,pathways
brain derived neurotrophic factor signaling,is associated with,brain derived neurotrophic factor
pathways,are associated with,regulation of late onset Alzheimer's disease morphogenesis
pathways,are associated with,synaptic maintenance
regulation of late onset Alzheimer's disease morphogenesis,is associated with,pathways
regulation of late onset Alzheimer's disease synaptic maintenance,is associated with,pathways
systemic/environmental stressors,are associated with,pathways
pathways,are impacted by,systemic/environmental stressors
classical mechanism of neurodegeneration,is no longer the only possible cause of,neurodegenerative disease
unconventional mechanisms,may also lead to,neurodegenerative disease
neurodegenerative disease,may be caused by,unconventional mechanisms
unconventional mechanisms,can lead to,neurodegenerative disease
neurodegenerative disease,can be caused by,unconventional mechanisms
unconventional mechanisms,can cause,neurodegenerative disease
Type 2 diabetes mellitus,is,widely studied metabolic disorder
We,have a clear understanding of,glucose-mediated neurodegeneration
Most studies,have been in,Alzheimer's disease models
Alzheimer's disease,is recognized to be significantly associated with,hyperglycemia
advances,are discussed as a result of,recent research developments in metabolic disorders-driven neurodegeneration
current advances in Alzheimer's disease management,are discussed as a result of,recent research developments in metabolic disorders-driven neurodegeneration
known causes of AD,are apart from,new causes
Alzheimer's disease pathology,is open in,several ways
Alzheimer's disease pathology,due to,type 2 diabetes mellitus
Alzheimer's disease pathology,has,several open windows
several open windows,due to,type 2 diabetes mellitus
Alzheimer's disease pathology,has,several windows open
several windows open,due to,type 2 diabetes mellitus
Alzheimer's disease pathology,has,open windows
open windows,due to,type 2 diabetes mellitus
treatments,are available that reduce,risk of developing Alzheimer's disease
studies,investigate,impact on dementia syndromes
studies,investigate,impact of Glucagon-like peptide-1 receptor agonists on dementia syndromes
studies,investigate,impact of Glucagon-like peptide-1 receptor agonists
studies,investigate,impact of Glucagon-like peptide-1 receptor agonists on the aetiologies of cognitive impairment
Glucagon-like peptide-1 receptor agonists,investigate,impact
Glucagon-like peptide-1 receptor agonists,on the various aetiologies of,cognitive impairment and dementia syndromes
Glucagon-like peptide-1 receptor agonists,impact of,cognitive impairment aetiologies
Glucagon-like peptide-1 receptor agonists,impact of,dementia syndromes aetiologies
gene,associated with,pathogenesis of Alzheimer's disease
gene,has been associated with,pathogenesis of Alzheimer's disease
G allele of the rs2421943 polymorphism,was found to significantly increase the risk of developing,Schizophrenia
gender-based analysis,showed that,both AG and GG genotypes were associated with a more than 1.55 times increased risk of Schizophrenia in females
risk,was not associated with,genotypes in males
G allele,increased the risk of developing,Schizophrenia
genotypes AG or GG,were associated with,risk in females
observed association,was associated with,G allele locus
G allele locus,was due to,association
mechanism,was due to,has-miR-7110-5p
mechanism,was due to,G allele locus
future research,should investigate,relationship between miRNA and estrogen influence on IDE expression
IDE expression,is influenced by,estrogen
IDE expression,is influenced in,schizophrenia pathogenesis
targeting kinases linked to inflammation,may help in reducing,risk of type 2 diabetes (T2D)
targeting kinases,linked to,Alzheimer's disease (AD)
targeting kinases linked to Alzheimer's disease (AD),may help in,reducing the risk of Alzheimer's disease (AD) in its early stages
reducing the risk of type 2 diabetes (T2D),may help in reducing the risk of,Alzheimer's disease (AD) in its early stages
changes in insulin resistance and IR,were caused by,the intervention
intervention,caused,changes
effect,was due to,intervention
intervention,was the cause,null
intervention,caused,effect
effect,was caused by,intervention
the intervention,was the cause of,the cause
the effect,was caused by,the intervention
the cause,was,the intervention
DHA-rich fish oil,is associated with,potential role of long-chain omega-3 polyunsaturated fatty acids (LCn-3PUFA) in ameliorating Alzheimer's disease risk
DHA-rich fish oil,is associated with,reduction of GSK-3 insulin resistance IR
reduction of GSK-3 insulin resistance IR,associated with,DHA-rich fish oil
reduction of GSK-3 insulin resistance IR,associated with,long-chain omega-3 polyunsaturated fatty acids (LCn-3PUFA)
elevated blood glucose levels,increase,brain excitability
elevated blood glucose levels,cause,release of amyloid-β
release of amyloid-β,offers,mechanistic link between type 2 diabetes and Alzheimer's disease
elevated blood glucose levels,can increase,brain excitability
release of amyloid-β,can cause,mechanistic link between type 2 diabetes and Alzheimer's disease
diabetes or prediabetes,is associated with,amyloid-β pathology
Alzheimer's disease,is associated with,amyloid-β pathology
our results,are,reliable
our results,because of,large dataset
our results,because of,detailed subgroup analyses
detailed subgroup analyses,because of,our results
large dataset,because of,our results
reliability of our results,is due to,large dataset
reliability of our results,is due to,detailed subgroup analyses
large dataset,exist,our results
detailed subgroup analyses,exist,our results
large dataset and detailed subgroup analyses,because,our results are reliable
duration of the metabolic condition,contributes to,potential impact on peripheral health
age of the individual,contributes to,potential impact on peripheral health
peripheral metabolic dysregulation,impacts,Ca(2+) dysfunction in hippocampal CA1 neurons
longer T2DM duration,can have,greater negative impact on cognitive functions
longer T2DM duration,can be caused by,greater negative impact on cognitive functions
T2DM duration,the longer the,negative impact on cognitive functions
T2DM duration,the greater the,negative impact on cognitive functions
Type 2 Diabetes Mellitus (T2D),impact on risk of,Alzheimer's disease (AD)
Type 2 Diabetes Mellitus (T2D) anti-hyperglycemic medications (A-HgM),impact on risk of,Alzheimer's disease (AD) and related dementias (ADRD) outcomes
Alzheimer's disease (AD) and related dementias (ADRD) outcomes,including,vascular dementia
Alzheimer's disease (AD) and related dementias (ADRD) outcomes,including,"non-AD dementia such as frontotemporal, Lewy body, and mixed etiology dementias"
A-HgM exposure,was associated with,decreased diagnosis of vascular dementia
these drugs,were not associated with,AD
early and effective control of hyperglycemia,has,beneficial impact
controlling hyperglycemia early and effectively,is beneficial,impact
phosphorylation,causes,inactivation of glycogen synthase
phosphorylation,causes,inactivation of tau protein
phosphorylation,causes,inactivation of beta catenin
inhibitors,do not lead to,up-regulation of oncogenes
impaired dopamine signaling,caused,reduced motility in diabesity-afflicted worms
reduced motility,in,diabesity-afflicted worms
reduced motility in diabesity-afflicted worms,was due to,impaired dopamine signaling
diabesity-afflicted worms,had,impaired dopamine signaling
impaired dopamine signaling,caused,reduced motility
reduced motility in diabesity-afflicted worms,caused by,diminished locomotors behavior
reduced motility in diabesity-afflicted worms,caused by,impaired dopamine signaling
diabesity-afflicted worms,had,reduced motility
reduced motility,due to,diminished locomotors behavior
diabesity-afflicted worms,showed,reduced motility
reduced motility,due to,impaired dopamine signaling
diminished locomotors behavior,caused,reduced motility in diabesity-afflicted worms
reduced motility,was caused by,diminished locomotors behavior
reduced motility,was caused by,impaired dopamine signaling
worms,afflicted with,diabesity
production,resulted in,anatomical disruptions
diabesity,led to,anatomical disruptions
diabesity,is associated with,mechanisms studied in C. elegans
diabesity,has impact on,this study
This study,underscores,impact
T2DM,is associated with,atherogenic dyslipidemia
Type 2 diabetes mellitus (T2DM),is caused by,something
condition,is caused by,insulin resistance
disorder,is caused by,insulin resistance
pathogenesis of a disease,is involved in,insulin resistance
disease,is caused by,insulin resistance
insulin resistance,is caused by,insulin resistance
it,is involved in,pathogenesis of something
something,is caused by,insulin resistance
it,is involved in,pathogenesis of a condition
insulin resistance,causes,disease
it,is involved in,pathogenesis of a medical condition
medical condition,is caused by,insulin resistance
tissue plasminogen activator (tPA)/plasmin system,is involved in the pathogenesis of,tissue plasminogen activator (tPA)/plasmin system disease
islet amyloid deposition,is observed in,type 2 diabetes
beta cells,are affected by,islet amyloid polypeptide (hIAPP) aggregation
aggregation of human islet amyloid polypeptide (hIAPP),is,toxic
tPA production,was caused by,hIAPP aggregation
hIAPP aggregation,in,islet cell type(s)
hIAPP aggregation,resulted in,tPA production
tPA production,by,islet cell type(s)
hIAPP aggregation,caused,tPA production
tPA production,in,islet cell type(s)
this,caused,rapid decrease in the abundance of full-length hIAPP
decrease,led to,appearance of hIAPP 1-11 fragments
decrease,led to,appearance of hIAPP 12-37 fragments
age,was significantly associated with,HPGA
CPR index,was significantly associated with,HPGA
age,were significantly associated with,HPGA
CPR index,were significantly associated with,HPGA
age,associated with,HPGA
CPR index,associated with,HPGA
age,was associated with,HPGA
CPR index,was associated with,HPGA
age,were associated with,HPGA
CPR index,were associated with,HPGA
triplication of human chromosome 21,results in,neurological and physiological pathologies
Down syndrome (DS),is caused by,the triplication of human chromosome 21
disorder,results in,neurological and physiological pathologies
pathologies,are caused by,the disorder
pathologies,are caused by,Down syndrome (DS)
disorder,causes,neurological and physiological pathologies
Down syndrome (DS),causes,the pathologies
disorder,causes,pathologies
Down syndrome (DS),causes,neurological and physiological pathologies
changes in APN signaling,may be associated with,cognitive decline
changes in APN signaling,may be associated with,neurodegeneration
cognitive decline,may be associated with,changes in APN signaling
neurodegeneration,may be associated with,changes in APN signaling
changes in APN signaling,may be associated with,cognitive decline and neurodegeneration
Type-2 diabetes mellitus,is associated with,Alzheimer's disease
Type-2 diabetes mellitus,is associated with,dementia
this study,aims to unveil,microstructural brain changes
microstructural brain changes,associated with,Type-2 diabetes mellitus
Type-2 diabetes mellitus,in,Alzheimer's disease
study,aims to identify,clinical variables contributing to these changes
type-2 diabetes mellitus,is associated with,microstructural brain changes in Alzheimer's disease
clinical variables,contribute to,these changes
Alzheimer's disease,is associated with,Alzheimer's disease with AD
diagnosis of Type 2 diabetes mellitus,was significantly associated with,gray matter atrophy
gray matter atrophy,primarily within,"ventral striatum, cerebellum, and putamen"
gray matter atrophy,was primarily within,"ventral striatum, cerebellum, and putamen"
changes associated with Type 2 diabetes mellitus,are more severe when,disease duration is longer
changes associated with Type 2 diabetes mellitus,linked to,more severe neurodegeneration
changes associated with Type 2 diabetes mellitus,are more severe than,effects correlating with age
changes associated with Type 2 diabetes mellitus,are linked to,more severe neurodegeneration
effects correlating with age,are less than,more severe neurodegeneration
effects correlating with age,are less severe than,changes associated with Type 2 diabetes mellitus
structural and functional changes,associated with,Type 2 diabetes mellitus
effects,correlating with,age
structural and functional changes associated with Type 2 diabetes mellitus,show marked overlap with,effects correlating with age
changes associated with Type 2 diabetes mellitus,appear earlier than,effects correlating with age
changes,associated with,Type 2
neuropsychiatric disorders,were the cause for,37% of smell loss
trauma,was the cause for,5% of smell loss
infection,was the cause for,4% of smell loss
other causes,were the cause for,18% of smell loss
studies,were examined for,causes of smell loss
causes of smell loss,were examined among,included studies
smell loss,were the focus of,the studies
causes of smell loss,were the topic of,the studies
future research,should incorporate,non-elderly individuals
non-elderly individuals,have,non-psychiatric causes of smell loss
risk of dementia,may be due to,hereditary variables
risk of cognitive decline,may be due to,hereditary variables
diabetes,increases,risk
research evidence,has accumulated over,recent decades
evidence,indicates,common metabolic mechanisms
type 2 diabetes mellitus,increases the risk of,late-onset Alzheimer's dementia
type 2 diabetes mellitus,share common metabolic mechanisms with,late-onset Alzheimer's dementia
Type 2 diabetes mellitus,increases the risk of,late-onset Alzheimer's dementia
type 2 diabetes mellitus,increases the risk of,late-onset alzheimer's dementia
profiling,was derived from,temporal cortex
profiling,for,Alzheimer's disease
profiling,for,type 2 diabetes mellitus
Alzheimer's disease profiling,was,GSE122063
type 2 diabetes mellitus,was,GSE161355
new strategies,development of,This
new strategies,develop,facing the dilemmas
marker genes,discovering and exploring,intrinsic relationship between type 2 diabetes mellitus and Alzheimer's disease
new strategies,lead to the development of,this
Sodium-glucose cotransporter 2 inhibitors therapy,effects on,dementia risks
Sodium-glucose cotransporter 2 inhibitors therapy,effects on,Parkinson's disease risks
effects of Sodium-glucose cotransporter 2 inhibitors therapy,are,not well established
results of observational studies,are,conflicting
results of observational studies,are not,well established
patients,had,type 2 diabetes mellitus
patients,had,heart failure
patients,had,chronic kidney disease
trials,were,controlled trials
trials,were,randomized trials
trials,were included in,analysis
patients in the second group,received,SGLT2i therapy
cerebral estradiol resistance,can cause,cerebral estradiol resistance
cerebral estradiol resistance,contributes to,development of Parkinson's disease
cerebral estradiol resistance,contributes to,development of Alzheimer's disease
cognitive aging,is associated with,various levels of cognition
cognitive functions,are influenced by,brain networks
cognitive decline,is associated with,brain network atrophy
human phenotypic data,can be used to predict,drug-target interactions (DTIs)
human phenotypic data,can be used to,predict drug-target interactions (DTIs)
human phenotypic data,can be used to,eliminate the translational gap between animal experiments and clinical outcomes in humans
translational gap,between,animal experiments
translational gap,between,clinical outcomes in humans
human phenotypic data,to predict,drug-target interactions (DTIs)
using human phenotypic data to predict drug-target interactions (DTIs),can eliminate,translational gap
human phenotypic data,can be used to,eliminate the translational
researchers or the authors,showed that,prescription of liraglutide is significantly associated with decreased risk of AD diagnosis
risk of AD diagnosis,is significantly associated with,prescription of liraglutide
researchers or the authors,showed that,prescription of liraglutide
prescription of liraglutide,is significantly associated with,decreased risk of AD diagnosis
prescription of liraglutide,is associated with,decreased risk of AD diagnosis
pharmacological properties,have been of interest due to,their purported ability to lower blood glucose levels
they,are of interest in,pharmacology
they,have purported ability to,lower blood glucose levels
their pharmacological properties,is due to,their purported ability to lower blood glucose levels
mung beans,are of interest in,pharmacology
mung beans,have,ability to lower blood glucose levels
mung beans,have purported ability to,lower blood glucose levels
this study,aimed to explore,impact of mung bean water on carbohydrate and lipid metabolism
T2DM rat model,induced by,nicotinamidestreptozotocin
impact,was studied in,T2DM rat model
mung bean water,had impact on,metabolism
mung bean water,impact of,rat model's metabolism
DM patients,were associated with,serum VCAM-1
AD event,was associated with,serum VCAM-1
Brain-derived neurotrophic factor,plays a role in,neurobiology
Brain-derived neurotrophic factor,plays a role in,central metabolism
Brain-derived neurotrophic factor,plays a role in,peripheral metabolism
Brain-derived neurotrophic factor,appears to play a role in,central metabolism
Brain-derived neurotrophic factor,appears to play a role in,peripheral metabolism
Brain-derived neurotrophic factor,appears to play a role in,neurobiology
Brain-derived neurotrophic factor,appears to play a role in,both central and peripheral metabolism
d-Ribose,plays a,role
d-Ribose,has,impact
limited knowledge,is due to,demanding nature of the experiments
knowledge,is limited,interactions
amyloid fibril,are predicted,cross-interactions
amyloid fibril,cross-interactions are predicted,amyloid fibril
deficits in neuronal energy metabolism,due to,reduced glucose import
reduced glucose import,were described for,Alzheimer's disease
increased ferritin expression,leads to,depletion of the cellular free iron pool
depletion of the cellular free iron pool,causes,stabilization of the hypoxia-induced factor (HIF) 1α
long-lasting iron depletion,results in,anemia of chronic disease
lack of energy supply and cellular glucose uptake,causes,chronic disease
lack of energy supply and cellular glucose uptake,causes,anemia
Sodium-glucose cotransport-2 inhibitors,were associated with,significantly lower risks of all-cause mortality
sodium-glucose cotransport-2 inhibitors,have low risks of,all-cause mortality
sodium-glucose cotransport-2 inhibitors,have low risks of,cardiovascular events
all-cause mortality,risks are low for,risks
cardiovascular events,risks are low for,risks
epigenetic age acceleration,is caused by,causative mutations of several proger
these variants,can reduce,risk of developing certain age-related disorders
protective variants,can reduce,risk
protective variants,can reduce,risk of age-related disorders
protective variants,were discovered,age-related disorders
protective variants,can reduce the risk of,age-related disorders
protective variants,were discovered at,the same time
age-related disorders,can be reduced by,protective variants
protective variants,were discovered at the same time that,can reduce the risk of age-related disorders
age-related disorders,were discovered at,the same time
protective variants,were discovered at the same time,age-related disorders
protective variants,were discovered,at the same time
age-related disorders,risk of can be reduced by,protective variants
protective variants,impact on,epigenetic aging
protective variants,impact of,epigenetic aging
impact of protective variants on epigenetic aging,has,not been well elucidated
impact of protective variants on epigenetic aging,has not been well,elucidated
PCSK9 protective variant,is associated with,specific biological processes
available results,in,patients
available results,are up to,date
suppression of proinflammatory cytokines,is the result of,α7nAChRs activation
suppression of proinflammatory cytokines,is a result of,α7nAChRs activation
risk,was lower,because of enhanced anti-inflammatory effects
effects,were due to,AChE inhibition
their mechanisms,are associated with,insulin resistance
their mechanisms,are associated with,OS (oxidative stress)
their mechanisms,are associated with,OS (oxidive stress)
their mechanisms,are associated with,inflammatory responses
their pathological mechanisms,is associated with,insulin resistance
their pathological mechanisms,is associated with,OS (oxidative stress)
their pathological mechanisms,is associated with,inflammatory responses
pathological mechanisms,are associated with,insulin resistance
pathological mechanisms,are associated with,OS (oxidative stress)
pathological mechanisms,are associated with,inflammatory responses
correlation,is associated with,insulin resistance
correlation,is associated with,OS (oxidative stress)
correlation,is associated with,inflammatory responses
advancing age of the population,has led to,increase in the worldwide challenge to the healthcare system
increase,has led to,worldwide challenge to the healthcare system
healthcare system,is facing,worldwide challenge
increase in the worldwide challenge,led to,healthcare system
increase,led to,worldwide challenge to the healthcare system
risk factor,is associated with,dementia co-morbidities
individual's lifestyle,influences,development of co-morbidities
vascular risk factors,contribute to,Alzheimer's disease development
vascular risk factors,are associated with,Alzheimer's disease development
vascular risk factors,are associated with,higher risk for cognitive decline
reducing the risk for cognitive decline,involves,lowering vascular risk factors
architecture,is dominated by,interactions associated with the common polypeptide main chain
cross-β architecture of such structures,is dominated by,interactions associated with the common polypeptide main chain
core elements of such structures,are dominated by,interactions associated with the common polypeptide main chain
common polypeptide main chain,is associated with,interactions
cross-β architecture,is dominated by,interactions associated with the common polypeptide main chain
sequence of proteins,is,unique
sequence of proteins,is unique to,each one
protein's sequence,is unique to,it
variable side chains,are unique to,each protein
late-life diseases,contribute to,age-related cognitive decline
researchers,relied on,anatomical organization of the hippocampal formation
these diseases,contribute to,age-related cognitive decline
diabetes,associated with,hippocampal dysfunction
brain infarcts,associated with,hippocampal dysfunction
conditions,are associated with,different hippocampal subregions
conditions,associated with,different subregions
age-related memory decline,is caused by,elevations in blood glucose
age-related memory decline,is caused by,diseases of late life
elevations in blood glucose,cause,age-related memory decline
elevations in blood glucose,are a cause of,age-related memory decline
insulin,is synthesized independently in,central nervous system
knowledge that insulin is synthesized independently in the central nervous system,is the source of,this mechanism
this mechanism,is for,Alzheimer's disease
knowledge,is the source of,mechanism
mechanism,is for,Alzheimer's disease
mechanism,is due to,knowledge that insulin is synthesized independently in the central nervous system
mechanism,for,Alzheimer's disease
Activation of the NF-κB/NLRP3 inflammasome axis,in,Type 2 diabetes mellitus patients
Activation of the NF-κB/NLRP3 inflammasome axis in Type 2 diabetes mellitus patients,is the causal pathway in the,development of PD
activation of the NF-κB/NLRP3 inflammasome axis,in,Type 2 diabetes mellitus patients
activation of the NF-κB/NLRP3 inflammasome axis in Type 2 diabetes mellitus patients,is a,possible cause of PD
inflammatory mechanisms,triggered by,activated NLRP3 inflammasome
activated NLRP3 inflammasome,cause,Type 2 diabetes mellitus pancreatic β-cell dysfunction
activated NLRP3 inflammasome,cause,development of Type 2 diabetes mellitus T2DM
inflammatory mechanisms triggered by activated NLRP3 inflammasome,cause,development of Type 2 diabetes mellitus T2DM
Type 2 diabetes mellitus pancreatic β-cell dysfunction,are caused by,development of Type 2 diabetes mellitus T2DM
development of Type 2 diabetes mellitus T2DM,is caused by,inflammatory mechanisms triggered by activated NLRP3 inflammasome
Alzheimer's Disease and Alzheimer's Disease-related dementias (AD/ADRD),are associated with,diabetes mellitus (DM)
Diabetes mellitus (DM),is associated with,Alzheimer's Disease
Diabetes mellitus (DM),is associated with,Alzheimer's Disease-related dementias (AD/ADRD)
colocalization,suggested that,association between loneliness and Alzheimer's disease
association between loneliness and Alzheimer's disease,was predominantly driven by,shared causal variant on Chromosome 11
loneliness,associated with,Alzheimer's disease
shared causal variant on Chromosome 11,predominantly drove,association between loneliness and Alzheimer's disease
loneliness,was associated with,Alzheimer's disease
shared causal variant,drove the,association
variant,was,causal
association,was due to,causal variant
association,was driven by,causal factor
low-carbohydrate diet,could influence,metabolic changes
sodium-glucose cotransporter 2 inhibitor,could influence,metabolic changes
study,investigated,influence of two interventions on the metabolic changes
use of antidiabetic medications,was associated with,decline in MMSE score points between the follow-ups
use of insulin,was associated with,larger point-wise decrements in MMSE
use of insulin,by,prevalent users of DPP-4i and sulfonylureas
use of insulin by prevalent users of DPP-4i and sulfonylureas,was associated with,larger point-wise decrements in MMSE with annual intervals
point-wise decrements in MMSE,were,-1.19
point-wise decrements in MMSE,were,-2.33
point-wise decrements in MMSE,were,-0.04
intervals,were,annual
decrements in MMSE,were,larger
users of DPP-4i and sulfonylureas,experienced,decrements in MMSE
use of metformin and DPP-4i,was associated with,slower decline in MMSE scores
slower decline in MMSE scores,was associated with,use of metformin and DPP-4i
use of metformin,associated with,slower decline in MMSE scores
use of DPP-4i,associated with,slower decline in MMSE scores
biological fluids,contain,high concentration of macromolecules
macromolecular crowding,causes,this
biological fluids,have,high concentration of macromolecules
high volume fraction of macromolecules,in,biological fluids
high volume fraction of macromolecules in biological fluids,leads to,crowding
high concentration of macromolecules,in,biological fluids
high concentration of macromolecules in biological fluids,leads to,crowding
high volume fraction of macromolecules in biological fluids,causes,macromolecular crowding
this,causes,macromolecular crowding
effects,are influenced by,multiple genetic factors
effects,are influenced by,multiple non-genetic factors
genetic variants,associated with,Cardiorespiratory fitness
genetic variants,associated with,Physical activity
Cardiorespiratory fitness and Physical activity,influenced,genetic expression
these genes,are associated with,type 2 diabetes (T2D)
Alzheimer's disease,is one of the,top 10 causes of death in high-income countries
Parkinson's disease,is one of the top 10 causes of,death in high-income countries
these genes,are associated with,pulmonary fibrosis
these genes,are associated with,heart rate
these genes,are associated with,respiratory phenotypes
Alzheimer's disease,is one of the top 10 causes of death in,high-income countries
these genes,are associated with,blood pressure
these genes,are associated with,Alzheimer's disease
Alzheimer's disease,is one of the top 10 causes of,death in high-income countries
Proprotein convertase subtilisin/kexin type 9 GS,was associated with,plasma lipid levels
Proprotein convertase subtilisin/kexin type 9 GS,was associated with,apolipoprotein levels
semaglutide,is associated with,decreased risk of dementia
semaglutide,was associated with,significantly reduced risk of overall ADRD incidence
causal relationships,will be established through,randomized clinical trials
Future works,are needed to establish,causal relationships through randomized clinical trials
future works,are needed to establish,causal relationships through randomized clinical trials
future works,are needed to establish,causal relationships
causal relationships,through,randomized clinical trials
human islet amyloid polypeptide,in combination with,hyperlipidemia
human islet amyloid polypeptide in combination with hyperlipidemia,may lead to,AD-like pathological changes in the brain
autonomic imbalance,is a major cause for,CVS morbidity in Type 2 diabetes mellitus
autonomic imbalance,is a major cause for,Type 2 diabetes mellitus
CVS morbidity,is caused by,autonomic imbalance
CVS morbidity,is a major cause for,Type 2 diabetes mellitus
AD,associated with,metabolites
T2D,associated with,metabolites
BBB permeability,is associated with,metabolites
T2D,is associated with,the BBB
metabolites,are associated with,AD
metabolites,are associated with,T2D
metabolites,are associated with,disease
disease,is associated with,BBB
disease,is associated with,metabolites
BBB,is associated with,diseases
BBB,associated with,metabolites
BBB,associated with,diseases
metabolites,associated with,diseases
MCP-1,is,cytokine
MCP-1,associated with,monocyte recruitment
metabolites,were associated with,protective properties
metabolites,were associated with,detrimental properties
IL-9,is differentially associated with,T2D
IL-9,is associated with,T2D
cytokines,may contribute to,AD development
development of AD,is caused by,downstream effects of neuroinflammation
T2D,is associated with,BBB-permeable metabolites
BBB-permeable metabolites,are associated with,T2D
AD development,is caused by,downstream effects of neuroinflammation
cytokines,such as,MCP-1 and IL-9
cytokines,are associated with,AD development
diseases,suggest,dysregulation of insulin signaling
Glucagon-like peptide-1 receptor agonists,have generated,enormous interest
polypill,includes,angiotensin-converting enzyme inhibitor
brain atrophy,was associated with,T2D
T2D,was associated with,brain atrophy
polypill,was associated with,T2D
polypill,was associated with,T2D-associated brain atrophy
reduction,was associated with,polypill
polypill,had effect resulting in,reduction
polypill,effect was the cause of,reduction
reduction,was due to,polypill's effect
polypill,effect led to,reduction
central complications,are associated with,Type 2 diabetes
central complications,are associated with,Alzheimer's disease
information,was about,impact of a new policy
the impact,was on,the community
impaired tissue response,is caused by,increased iron stores
increased iron stores,are associated with,impaired glucose homeostasis
impaired tissue response to insulin,causes,Type 2 diabetes
increased iron stores,lead to,Type 2 diabetes
epinephrine,resulted in,normalization of SF
epinephrine,resulted in,recovery from severe COVID-19 infection
Iron overload,is,repeated twice
Iron overload,is,the same idea
epinephrine,resulted in,normalization of SF and recovery from severe COVID-19 infection
iHSP levels,are reduced potentially due to,eHSP
iHSP levels,are reduced,potentially
cell's ability,due to,export of heat shock proteins to the extracellular space
reduction in iHSP levels,is potentially due to,cell's ability to export heat shock proteins to the extracellular space
iHSP levels,are reduced,eHSP
iHSP levels,are reduced,due to the cell's ability to export heat shock proteins to the extracellular space
the cell's ability to export heat shock proteins to the extracellular space,due to,eHSP
cell's ability to export heat shock proteins to the extracellular space,due to,eHSP
reduction in iHSP levels,is potentially due to,the cell
reduction in iHSP levels,is potentially due to,cell's ability to export heat shock proteins
reduction in iHSP levels,is potentially due to,cell's ability to export
increase in extracellular heat shock proteins,can contribute to,oxidative damage
these effects,lead to,vascular dysfunction
these effects,lead to,whole organ dysfunction
drug STZ,causes,cognitive impairment
STZ,causes,cognitive impairment
literature,is on,how ketogenic interventions impact the NLRP3 inflammasome
toxicity,is caused by,receptor-mediated interactions
interactions,cause,down-stream protein misfolding
interactions,cause,down-stream protein aggregation
dysfunction,is caused by,receptor-mediated interactions
interactions,cause,mitochondrial dysfunction
down-stream protein misfolding and aggregation,is caused by,dysfunction
down-stream protein misfolding and aggregation,cause,mitochondrial dysfunction
receptor-mediated interactions,cause,mitochondrial dysfunction
mitochondrial dysfunction,is caused by,receptor-mediated interactions
receptor-mediated interactions,and,down-stream protein misfolding and aggregation
interactions,cause,dysfunction
interactions,cause,misfolding
dysfunction,is caused by,interactions and misfolding
misfolding and dysfunction,are caused by,interactions
dysfunction,caused by,interactions
misfolding,caused by,interactions
dysfunction,cause,misfolding
reduction in ROS (reactive oxygen species) levels,was due to,reduced oxidative stress
reduction in ROS (reactive oxygen species) levels,was due to,reduced mitochondrial respiration impairment
reduction in ROS (reactive oxygen species) levels,was due to,reduced oxidative stress and reduced mitochondrial respiration impairment
AUC,increased from,0.55
AUC,increased to,0.61
inclusion of the APOE hapl,due to,AUC increased
TOMM40/APOE/APOC1,highlight the importance of,our results
AD,is caused by,dysregulation of glucose metabolism
dysregulation of glucose metabolism,is a cause of,AD
Type 2 diabetes mellitus,is associated with,increased inflammation
Type 2 diabetes mellitus,is associated with,impaired glucose homeostasis
type 2 diabetes mellitus,is associated with,increased inflammation
type 2 diabetes mellitus,is associated with,impaired glucose homeostasis
Alzheimer's Disease,associated with,type 2 diabetes mellitus
Alzheimer's Disease,associated with,co-morbidity
type 2 diabetes mellitus,associated with,co-morbidity
pathologies in Alzheimer's Disease,are associated with,co-morbidity
"pathologies in type 2 diabetes mellitus, T2DM",are associated with,co-morbidity
Type 2 diabetes mellitus,is,disease
Type 2 diabetes mellitus,associated with,co-morbidity
Alzheimer's Disease,associated with,pathologies
type 2 diabetes mellitus,associated with,pathologies
Type 2 diabetes mellitus,is associated with,metabolic factors
this review,addresses,possible mechanisms due to obesity
obesity,contributes to,progression of Type 2 diabetes mellitus
obesity,contributes to,progression of late-onset Alzheimer's disease-dementia
aging,contributes to,progression of Type 2 diabetes mellitus
aging,contributes to,late-onset Alzheimer's disease-dementia
Type 2 diabetes mellitus,intersection of,late-onset Alzheimer's disease-dementia
intersection of Type 2 diabetes mellitus and late-onset Alzheimer's disease-dementia,contributes to,progression
images,are in,female diabetic db/db models
female diabetic db/db models,are of,models
models,are,db/db models
Type 2 diabetes,is associated with,elevated risk of neurodegenerative diseases
Type 2 diabetes,associated with,neuroinflammation
Type 2 diabetes,associated with,neuronal survival
neurodegenerative diseases,associated with,neuroinflammation
neurodegenerative diseases,associated with,neuronal survival
Type 2 diabetes,are associated with,neurodegenerative diseases
Type 2 diabetes,are associated with,neuroinflammation
neurodegenerative diseases,are associated with,neuroinflammation
Type 2 diabetes and neurodegenerative diseases,are associated with,neuronal survival
Type 2 diabetes,is associated with,neuroinflammation
neurodegenerative diseases,are associated with,neuronal survival
Alzheimer's disease,is associated with,neuronal survival
severe transient hypoglycemia,would cause,less AD-related protein changes
widowhood,increased,risk
three metabolic factors,increased the risk,risk
having four to five metabolic factors,increased,risk
job strain,increased,risk
obesity,increased,risk
sleep disturbances,increased,risk
functional status,impacts,prognosis in older age group
cognition,significantly impacts,prognosis in older age group
risk calculators,lack,specificity
risk calculators,do not adjust for,co-morbidities
lack of specificity in the risk calculators,is because,they do not adjust for functional status
risk calculators,lack of,specificity
risk calculators,do not adjust for,frailty
lack of specificity in the risk calculators,is because,they do not adjust for cognition
risk prediction among older individuals,is,less certain
risk calculators,lack,specificity in older individuals older than 75 years
they,do not adjust for,frailty
they,do not adjust for,cognition
risk prediction among older individuals,is less certain,older individuals older than 75 years
older individuals older than 75 years,have,co-morbidities
data,are limited because,trials included mostly younger patients
statins,may be associated with,incident cognitive impairment
incident cognitive impairment,in,older patients
statins,are associated with,incident cognitive impairment
diabetes mellitus,increases the risk of,neurodegenerative diseases
reduction in inflammation,was due to,lowering prostaglandin E2
reduction in inflammation,was due to,lowering tumor necrosis factor-α
presence of polyneuropathy,is a predictive factor for,development of cognitive impairment
Type 2 Diabetes Mellitus,is,condition
condition,leads to,impairment in cognitive functions
DM,lead to,impairment in cognitive functions
pathophysiological mechanisms,lead to,impairment in cognitive functions
this issue,cannot be commented on,our study's cross-sectional nature
our study's nature,because of,impossible to comment on this issue
this issue,cannot be commented on,our study
our study,due to impossibility of,commenting on this issue
our study's inability,due to,impossible to comment on this issue
polyneuropathy,may be a predictive factor in the development of,cognitive impairment in Diabetes Mellitus
larger sample group,is needed for,long-term follow-up studies
long-term follow-up studies,to determine whether,presence of polyneuropathy
presence of polyneuropathy,is a predictive factor in the development of,cognitive impairment in Diabetes Mellitus
development of cognitive impairment,in,Diabetes Mellitus
development of cognitive impairment in Diabetes Mellitus,can be predicted by,presence of polyneuropathy
larger sample group,to determine whether,presence of polyneuropathy is a predictive factor in the development of cognitive impairment in Diabetes Mellitus
larger sample group,is needed to determine,whether the presence of polyneuropathy is a predictive factor in the development of cognitive impairment in Diabetes Mellitus
long-term follow-up studies,are required to determine,whether the presence of polyneuropathy is a predictive factor in the development of cognitive impairment in Diabetes Mellitus
membrane changes,cause,influx of calcium ions
influx of calcium ions,can cause,β-cell stress
influx of calcium ions,is caused by,membrane changes in β-cell
granule membrane recovery,is,incomplete
granule membrane recovery,due to,membrane changes
β-cell,is stressed due to,influx of calcium ions
influx of calcium ions,can cause,death
death,due to,β-cell stress
β-cell stress,can cause,death
influx of calcium ions,due to,death
β-cell,is stressed due to,granule membrane recovery being incomplete
β-cell stress,is caused by,granule membrane recovery being incomplete
β-cell stress,is caused by,influx of calcium ions
variable length poly-T,was associated with,several phenotypes of cognitive function
rs10524523,is associated with,several phenotypes of cognitive function
variable length poly-T,is associated with,several phenotypes of cognitive function
diabetes,has impact on,patterns of AD-related phosphoprotein in the human brain
diabetes,has an impact on,human brain
diabetes,has an impact on,patterns of AD-related phosphoprotein
diabetes,impact on,AD-related phosphoprotein
patterns of AD-related phosphoprotein,in,human brain
patterns of AD-related phosphoprotein,affected by,diabetes
impact,is not well understood,diabetes on patterns of AD-related phosphoprotein
Alzheimer's disease,is associated with,mechanisms
dementia,is associated with,Alzheimer's disease
Alzheimer's disease,in,diabetes
Therapeutics,are associated with,Alzheimer's disease
dementia,is associated with,therapeutics
production of β-amyloid beta,is the cause of,Alzheimer's disease
Alzheimer's disease,is caused by,production of β-amyloid beta
BACE1 actions,are the cause of,Alzheimer's disease
β-secretase,is responsible for,production of β-amyloid beta
production of β-amyloid beta,is the primary cause of,Alzheimer's disease
β-secretase,is the primary cause of,Alzheimer's disease
β-secretase,responsible for,production of β-amyloid beta
the β-secretase,is the primary cause of,Alzheimer's disease
primary cause of Alzheimer's disease,is,BACE1 actions
BACE1 expression,is associated with,metabolic diseases
metabolic diseases,include,type 2 diabetes
metabolic diseases,include,obesity
metabolic diseases,include,cardiovascular disease
BACE1 comorbidities,are,conditions
conditions,associated with,BACE1 inhibitors
BACE1 comorbidities,are,conditions associated with BACE1 inhibitors
oxidative stress,caused by,the opposite
inflammation,caused by,the opposite
opposite,is caused by,oxidative stress
oxidative stress,causes,opposite
inflammation,causes,opposite
opposite,is caused by,inflammation
oxidative stress,caused,the opposite
inflammation,caused,the opposite
oxidative stress,causes,the opposite
inflammation,causes,the opposite
reducing recirculation of bile acids,facilitates,new bile acid synthesis from cholesterol
db/db mouse,leads to,alterations in the protein expression of two lysosomal enzymes
two lysosomal enzymes,include,hexosaminidase A
two lysosomal enzymes,include,cathepsin D
alterations in the protein expression,lead to,destabilization of lysosomes
alterations in the protein activity,lead to,destabilization of lysosomes
alterations in the protein trafficking of lysosomal enzymes,lead to,destabilization of lysosomes
alterations,are due to,db/db mouse
db/db mouse,has,changes in lysosomal enzymes
EMPA-HEART CardioLink-6 trial,in,sodium-glucose cotransporter 2 inhibitor (SGLT2i) treatment
sodium-glucose cotransporter 2 inhibitor (SGLT2i) treatment,was associated with,reductions in LVMi
treatment,was associated with,reductions in LVMi
reductions in LVMi,in,people with type 2 diabetes mellitus
SGLT2i treatment,was associated with,reductions in LVMi
reductions in LVMi,irrespective of,duration of diabetes
people with type 2 diabetes mellitus and coronary artery disease,with,SGLT2i treatment
reductions in LVMi,in,people with type 2 diabetes mellitus and coronary artery disease
duration of diabetes,assessed categorically,irrespective of
duration of diabetes,assessed categorically above and below,10 years
Families and society,are affected by,"heavy individual, social, and economic stresses"
"heavy individual, social, and economic stresses",due to,Alzheimer's disease and type 2 diabetes
general elderly population,experiences,"heavy individual, social, and economic stresses"
this association,is associated with,largely unknown mechanisms
mechanisms underlying this association,are,largely unknown
this association,is largely associated with,unknown mechanisms
mechanisms,associated with,this association
association,is associated with,unknown underlying mechanisms
association,is associated with,unknown mechanisms
this association,are,unknown
amyloid cascade hypothesis,suggests,fibrillary amyloid-beta load in the brain causes Alzheimer's disease
Alzheimer's disease,is caused by,fibrillary amyloid-beta load in the brain
pathogenesis of AD,is the cause of,AD
Type 2 diabetes mellitus,is associated with,decreased Brain-derived neurotrophic factor levels
Type 2 diabetes mellitus,is associated with,Brain-derived neurotrophic factor levels
Brain-derived neurotrophic factor levels,regulated by,plasma levels of glucose
Brain-derived neurotrophic factor levels,are regulated in response to,plasma levels of glucose
type 2 diabetes mellitus,is associated with,decreased Brain-derived neurotrophic factor levels
decreased Brain-derived neurotrophic factor levels,are regulated by,plasma levels of glucose
IAPP overexpression,induced,T2D
BACE2 modulation,was on,β-cell alterations
BACE2 modulation,affected,β-cell alterations
lethality,was due to,massive destruction of β-cell mass
progression of cognitive dysfunction,was associated with,Alzheimer's disease
progression of cognitive dysfunction in Alzheimer's disease,was associated with,peripheral levels of vitamin C
non-enzymatic reactions,result in,protein dysfunction
something,as a result,happens
identifying periphery biomarkers,correlated with,mild cognitive impairment
identifying periphery biomarkers correlated with mild cognitive impairment,is of importance,therefore
Type 2 diabetes mellitus,is an independent risk factor of,Alzheimer's disease
Alzheimer's disease,is a risk factor of,Alzheimer's disease
periphery biomarkers,correlated with,mild cognitive impairment
identifying periphery biomarkers correlated with mild cognitive impairment,is of,importance
identifying periphery biomarkers correlated with mild cognitive impairment,is of importance for,early diagnosis of AD
endocytic disturbance,cause of,unclear
gut microbiota,has,profound influence on human health
microbial ecosystem,influences,mechanisms of disease and wellness
microbial ecosystem,is,influence
ecosystem,influences,mechanisms of disease and wellness
ecosystem,influences,disease
ecosystem,influences,wellness
ecosystem,has a profound influence on,disease and wellness
ecosystem,has influence on,disease
ecosystem,has an influence on,wellness
ecosystem,has,profound influence on wellness
ecosystem,influences,human health
ecosystem,influences,health
dysbiosis,leads to,development of allergies
dysbiosis,leads to,development of autoimmune disorders
treatment with Angiotensin receptor blockers,could alleviate,brain pathology and inflammation associated with Metabolic syndrome
brain pathology,associated with,Metabolic syndrome
inflammation,associated with,Metabolic syndrome
rat,used,Otsuka Long-Evans Tokushima Fatty
Otsuka Long-Evans Tokushima Fatty,was,rat
rats,exhibit,progression of pathological hallmarks associated with Metabolic syndrome
AD,associated with,Metabolic syndrome
progression of Metabolic syndrome,is associated with,Otsuka Long-Evans Tokushima Fatty rat rats
progression of Metabolic syndrome,is associated with,deterioration of various aspects of neuronal integrity
overactivation of angiotensin receptor,contributes to,detriments
metabolic syndrome,is associated with,these disorders
metabolic syndrome,is associated with,degenerative process in the brain
degenerative process,in,brain
degenerative process in the brain,is associated with,Metabolic syndrome
metabolic syndrome,leads to,degenerative process in the brain
use of SGLT2I,is associated with,lower risks of Parkinson's disease
use of DPP4I,is associated with,higher risks of Parkinson's disease
use of DPP4I,is associated with,higher risks of cerebrovascular mortality
studies,address,co-occurring and comorbid diseases
studies,are limited,due to the fact that they address co-occurring and comorbid diseases
existing evidence bases,is limited,number of
number of existing evidence bases,is limited due to the fact that,studies address co-occurring and comorbid diseases
studies,are limited,fact that they address co-occurring diseases
studies,are limited,fact that they address comorbid diseases
existing evidence bases,is limited,due to the fact that studies address co-occurring diseases
principal components,are predictive of,AD status
T2D principal components,are predictive of,AD status
our model,revealed,genes enriched for biological pathways
biological pathways,associated with,"inflammation, metabolism, and signaling pathways"
T2D principal components,predictive of,AD
model,revealed,genes enriched for biological pathways
biological pathways,associated with,inflammation
biological pathways,associated with,metabolism
biological pathways,associated with,signaling pathways
biological pathways,are associated with,inflammation
biological pathways,are associated with,metabolism
biological pathways,are associated with,signaling pathways
pathways,are associated with,inflammation
pathways,are associated with,metabolism
pathways,are associated with,signaling
pathways,are associated with,T2D
T2D pathways,are predictive of,AD
AD,is associated with,T2D
principal components of T2D,are predictive of,AD
T2D principal components,are predictive of,AD
components predictive of AD,are from,T2D
components,are,predictive
components,are from,T2D
components,predictive of,AD
components,are predictive of,AD
components from T2D,are predictive of,AD
components predictive of AD,are associated with,T2D
components from T2D,are associated with,AD
components from T2D,are predictive,predictive
T2D PC,is associated with,erythroid cells
erythroid cells,are associated with,T2D PC
programs,may predict,future onset of AD in this population
influence,is under,Porphyromonas gingivalis
Porphyromonas gingivalis,influences,ecology
amount of toxic oligomers,in,solution
amount of toxic oligomers in solution,is,decreased
treatments,are for,type 2 diabetes mellitus diseases
approach,is towards,generating pharmaceutical treatments
generating pharmaceutical treatments,for,Alzheimer's disease
generating pharmaceutical treatments,for,type 2 diabetes mellitus diseases
treatments,are for,Alzheimer's disease
therapeutic agents that regulate the activity of Insulin-degrading enzyme,would be a viable approach towards generating,pharmaceutical treatments for Alzheimer's disease and type 2 diabetes mellitus diseases
therapeutic agents that regulate the activity of Insulin-degrading enzyme,is a viable approach towards generating,pharmaceutical treatments for Alzheimer's disease and type 2 diabetes mellitus diseases
acetamidobenzoic acid,is a,metabolite
acetamidobenzoic acid,associated with,high-fiber diet
high-fiber diet,is associated with,acetamidobenzoic acid
exploratory nature of the study,caused,this
study,was due to,exploratory nature
amyloid deposits,are associated with,transition from α-helix to β-sheet
this,leads to,chronic cerebral hypoperfusion
abundance of common mechanisms,results in,dysfunction
Dysfunction and degeneration of neuroglial cells,result in,degeneration
dysfunction,results in,degeneration of neuroglial cells
neuroglial cells,degenerate,degeneration
neuroglial cells,degenerate,dysfunction and degeneration
dysfunction and degeneration,cause,neuroglial cells degeneration
dysfunction and degeneration,lead to,neuroglial cells degeneration
dysfunction,causes,neuroglial cells degeneration
Dysfunction,leads to,neuroglial cells degeneration
dysfunction,leads to,neuroglial cells degenerating
both disorders,have an abundance of,common mechanisms
type 2 diabetes mellitus,leads to,alzheimer's disease in type 2 diabetes mellitus aged individuals
Type 2 diabetes mellitus,leads to,Alzheimer's disease
Type 2 diabetes mellitus aged individuals,in,Type 2 diabetes mellitus
cluster,was associated with,increased blood pressure
increased blood pressure,was associated with,hypertension
T2D,is caused by,genetically driven pathways
genetically driven pathways,lead to,T2D
genetically driven pathways,predispose differentially to,clinical outcomes
pathways,predisposing differentially to,clinical outcomes
pathways,lead to,T2D
neuroprotection,is associated with,decreased risk of developing various neurodegenerative disorders
study,suggests,potential for expanding the therapeutic applications of GLP-1 receptor agonists
expanding the therapeutic applications of GLP-1 receptor agonists,to improve,neurocognitive outcomes
therapeutic applications of GLP-1 receptor agonists,can be expanded to,improve neurocognitive outcomes
the potential,for expanding,the therapeutic applications of GLP-1 receptor agonists to improve neurocognitive outcomes
study findings,are the basis for,suggesting the potential for expanding the therapeutic applications of GLP-1 receptor agonists
study findings,are the evidence that supports,potential for expanding the therapeutic applications of GLP-1 receptor agonists to improve neurocognitive outcomes
findings from the study,are the evidence that supports,potential for expanding the therapeutic applications of GLP-1 receptor agonists to improve neurocognitive outcomes
workplace exposures to particles,are associated with,increased risk of type 2 diabetes mellitus
workplace exposures to particles,are associated with,increased risk of neurodegenerative diseases
Type 2 diabetes mellitus,are related health issues with,cognitive decline
workplace environment,is one of the settings where,this is relevant
workplace,is where,some of these steps
some of these steps,may be taken,workplace
these steps,is a,potential benefit
main goal,is to,reduce air pollution levels
main goal,is to,make workplace environment changes
these changes,can help prevent,type 2 diabetes mellitus
these changes,can help prevent,cognitive decline
STK26,influence,immune environment of the tumor
influence of STK26,on,immune environment of the tumor
immune environment of the tumor,was examined to assess,levels of stromal and immune cells
influence of STK26 on the immune environment of the tumor,was examined to assess,levels of stromal and immune cells in cancer tissues from expression profiles
influence of STK26 on the immune environment of the tumor,was examined to assess,levels of stromal and immune cells in cancer tissues
influence of STK26 on the immune environment of the tumor,was examined to assess,levels of stromal and immune cells
STK26,influence,immune environment
elevated expression,is due to,disease LUAD
LUAD,may have a common cause,T2DM
LUAD,may be caused by,glucose metabolism
T2DM,may be caused by,glucose metabolism
development of LUAD,may be influenced by,STK26
development of T2DM,may be influenced by,STK26
LUAD,may be influenced by,STK26
T2DM,may be influenced by,STK26
STK26,may influence,LUAD
STK26,may influence,T2DM
low-grade systemic inflammation,observed in,clinical conditions
low-grade systemic inflammation,is due to,imbalance in the metabolism of essential fatty acids
n-3 fatty acids,may lead to,newer therapeutic strategies
anti-inflammatory compounds,may lead to,newer therapeutic strategies
compounds from n--3 fatty acids,may lead to,newer therapeutic strategies
increasing number of people with dementia and cognitive impairments,makes it essential to,detect and prevent the modifiable risk factors of dementia
modifiable risk factors of dementia,are,modifiable
increasing number of people with dementia and cognitive impairments,is making,essential to detect and prevent the modifiable risk factors of dementia
undiagnosed type 2 diabetes mellitus,was associated with,increased likelihood of poor cognitive performance
this study,aimed to validate whether,glucagon-like peptide-1 receptor (GLP-1R) / cyclic adenosine monophosphate (cAMP) / protein kinase (PKA) / insulin-degrading enzyme (IDE) signaling pathway
pathway,was associated with,neuronal apoptosis
reduction in severity of both diseases,is due to,Grb2 and NOX4
reduction in the severity of the diseases,is due to,Grb2 and NOX4
diseases,are reduced in severity,Grb2 and NOX4
Grb2 abundance,causes,cytoskeletal degradation
abundance of Grb2,causes to degrade,network of small GTPases
network of small GTPases,degrades,cytoskeleton
substantial decrease in cell viability,results in,increase in the concentration of Phosphatidylserine in the outer plasma membranes
irreversible self-assembly of amyloidogenic proteins,causes,progressive neurodegeneration
amyloidogenic proteins,cause,progressive neurodegeneration
decrease in cell viability,results in,increase in the concentration of Phosphatidylserine in the outer plasma membranes
disease,is associated with,hyperglycemia
disease,is strongly associated with,high blood sugar
Insulin resistance,is a cause of,hyperglycemia
type 2 diabetes mellitus,is strongly associated with,high blood sugar
insulin resistance,is strongly associated with,high blood sugar
insufficient insulin production,is strongly associated with,high blood sugar
high blood sugar,is strongly associated with,insulin resistance
high blood sugar,is strongly associated with,insufficient insulin production
Type 2 diabetes mellitus,is a,chronic and progressive disease
Type 2 diabetes mellitus,is strongly associated with,high blood sugar
disease,is,chronic and progressive disease
disease,associated with,high blood sugar
high blood sugar,strongly associated with,disease
high blood sugar,is a cause of,Type 2 diabetes mellitus
Type 2 diabetes mellitus,is strongly associated with,chronic and progressive disease
Type 2 diabetes mellitus,is a disease strongly associated with,high blood sugar
disease,is strongly associated with,Type 2 diabetes mellitus
Type 2 diabetes mellitus,is a,disease
Type 2 diabetes mellitus,is,a chronic disease
chronic disease,is strongly associated with,Type 2 diabetes mellitus
proteins known to be associated with pathogenesis of this malady,are associated with,different human maladies
proteins,are associated with,different human maladies
proteins,are known to be associated with,pathogenesis of this malady
PTMs,are associated with,functions of these proteins
metabolic disorders,caused by,type 2 diabetes mellitus
metabolic disorders,associated with,neurodegeneration
metabolic disorders,associated with,neural impairments
neurodegeneration,in,Alzheimer's disease
neural impairments,in,Alzheimer's disease
Alzheimer's disease,has a relationship with,metabolic disorders
metabolic disorders caused by type 2 diabetes mellitus,related to,Alzheimer's disease
metabolic disorders caused by type 2 diabetes mellitus,associated with,neurodegeneration
metabolic disorders caused by type 2 diabetes mellitus,associated with,neural impairments
neurodegeneration and neural impairments,observed in,Alzheimer's disease
type 2 diabetes mellitus,induced by,Alzheimer-like neuropathological changes
neonatal monosodium glutamate exposure,results in,type 2 diabetes mellitus
Alzheimer-like neuropathological changes,further causes,cognitive deficits and neurodegeneration
cognitive deficits and neurodegeneration,in,young adulthood
exposure,results in,Alzheimer-like neuropathological changes
exposure,causes,cognitive deficits
exposure,causes,neurodegeneration
cognitive deficits and neurodegeneration,occurs in,young adulthood
Type 2 diabetes mellitus,cause,cognitive deficits
Type 2 diabetes mellitus,cause,neurodegeneration
exposure,cause,cognitive deficits
exposure,cause,neurodegeneration
cognitive deficits,occur in,young adulthood
neurodegeneration,occur in,young adulthood
Type 2 diabetes mellitus,results in,Alzheimer-like neuropathological changes
Type 2 diabetes mellitus,results in,cognitive deficits
Type 2 diabetes mellitus,results in,neurodegeneration
neurodegeneration,occurs in,young adulthood
cognitive deficits,in,young adulthood
neurodegeneration,in,young adulthood
type 2 diabetes mellitus,cause,cognitive deficits
type 2 diabetes mellitus,cause,neurodegeneration
Type 2 diabetes mellitus,results in,neurodegeneration in young adulthood
Type 2 diabetes mellitus,causes,cognitive deficits
Type 2 diabetes mellitus,causes,neurodegeneration in young adulthood
type 2 diabetes mellitus,results in,Alzheimer-like neuropathological changes
type 2 diabetes mellitus,causes,cognitive deficits
type 2 diabetes mellitus,causes,neurodegeneration in young adulthood
duration of type 2 diabetes mellitus,influence of,type 2 diabetes mellitus
type 2 diabetes mellitus,is,not well understood
Type 2 diabetes mellitus,influence on,likelihood of developing new-onset dementia in post-stroke population
duration of type 2 diabetes mellitus,influence of,likelihood of developing new-onset dementia
influence of duration of type 2 diabetes mellitus on the likelihood of developing new-onset dementia,is,not well understood
development of antidiabetic therapies,can predict,cardiovascular health endpoints
development of antidiabetic therapies,can also predict,other health endpoints
antidiabetic therapies,are developed to predict,cardiovascular health endpoints
antidiabetic therapies,predict,cardiovascular health endpoints
human genetics,can guide,development of antidiabetic therapies
development of antidiabetic therapies,to predict,cardiovascular health endpoints
development of antidiabetic therapies,can be guided by,human genetics
human genetics,to predict,other health endpoints
cardiovascular health endpoints,can be predicted by,antidiabetic therapies
antidiabetic therapies,developed with the guidance of,human genetics
antidiabetic therapies,can predict,other health endpoints
we,investigated,association of variants in six genes
GLP1R agonists agents,were tested to predict,cardiovascular safety
GLP1R agonists agents,predict,cardiovascular safety
GLP1R agonists agents,predict,safety
agents,were predicted to be,safe
agents,predict,safety
safety,is predicted by,agents
safety,is predicted for,agents
agents,predicted,safety
the safety,is predicted by,the agents
variant,associated with,lower risk of type 2 diabetes
variant,was associated with,lower risk of type 2 diabetes
variant,was associated with,lower fasting glucose
variant,was associated with,lower risk of type
minor allele,was associated with,protection against heart disease
Glucagon-like peptide-1 receptor agonists,are not likely to be associated with,unacceptable increase in cardiovascular risk
Glucagon-like peptide-1 receptor agonists,are not associated with,unacceptable increase in cardiovascular risk
glucagon-like peptide-1 receptor agonists,are not associated with,unacceptable increase in cardiovascular risk
glucagon-like peptide-1 receptor agonists,associated with,no unacceptable increase in cardiovascular risk
signal,suggests,these GLP1R agonists may be associated with benefit
our results,provide,encouraging signal
encouraging signal,that,these GLP1R agonists may be associated with benefit
GLP1R agonists,may be associated with,benefit
pathologies,are associated with,molecular mechanisms
molecular mechanisms,implicated in,association of these pathologies
association of these pathologies,associated with,these pathologies
hyperphosphorylation of tau,has been associated with,dysfunction of the phosphatidylinositol 3-kinase and mitogen-activated protein kinase pathways
dysfunction of the phosphatidylinositol 3-kinase and mitogen-activated protein kinase pathways,in,nervous tissues
formation of neurofibrillary tangles,has been associated with,dysfunction of the phosphatidylinositol 3-kinase and mitogen-activated protein kinase pathways in the nervous tissues
absence,leads to,type 1 DM in offspring
P2X7R,results in,K(+) efflux
K(+) efflux,results in,NLRP3 inflammasome formation
this increase,results in,lack of antioxidant defenses
increase,causes,mitochondrial alterations
increase,results in,lack of antioxidant defenses
mitochondrial alterations,are caused by,the increase
IKKβ,is associated with,phosphorylated (active) form of IKKβ [pSer(176/180)]
IRS1,is associated with,phosphorylated (active) form of IRS1 [pS(312)]
PKR,is associated with,phosphorylated (active) form of PKR [pT(451)]
these loci,influence,risk factors of Type 2 Diabetes Mellitus (T2DM)
study,was done to study,influence of Ribose Nucleic Acid (RNA) molecule component (TERC) polymorphisms on LTL
CC genotype of Ribose Nucleic Acid (RNA) molecule component (TERC),was significantly associated with,shorter LTL
CC genotype,was associated with,lower hTERT levels
CC genotype,was associated with,higher BMI
CC genotype,was associated with,larger WC
CC genotype,was associated with,hypo-adiponectemia
findings,may expand,understanding of pathological mechanisms underlying age-associated conditions such as T2DM
pathological mechanisms,underlying,age-associated conditions such as T2DM
age-associated conditions such as T2DM,are characterized by,underlying pathological mechanisms
study,contribute to,better understanding of age-associated conditions such as T2DM
findings of the study,may have significant implications for,understanding of age-associated conditions such as T2DM
this effect,appears to be due to,increase in beta cell proliferation
reduction in pancreatic apoptosis,due to,this effect
increase in beta cell proliferation,due to,this effect
effects,are due to,peptides
pancreatic islet amyloid deposits,contribute to,β-cell mass depletion
pancreatic islet amyloid deposits,contribute to,development of type-2 diabetes
Type-2 diabetes,is caused by,inducing oxidative stress and inflammation
type-2 diabetes,is caused by,β-cell mass depletion
type-2 diabetes,is caused by,development of type-2 diabetes
β-cell mass depletion,causes,development of type-2 diabetes
β-cell mass depletion,caused by,type-2 diabetes
oxidative stress,caused by,type-2 diabetes
inflammation,caused by,type-2 diabetes
oxidative stress,cause,β-cell mass depletion
inflammation,cause,β-cell mass depletion
oxidative stress and inflammation,cause,development of type-2 diabetes
oxidative stress,causes,inflammation
inflammation,causes,oxidative stress
type-2 diabetes,is caused by,oxidative stress
type-2 diabetes,is caused by,inflammation
Type-2 diabetes patients,are,Alzheimer's disease patients
membrane destabilization,led to,generation of 4-HNE
development of neurodegenerative diseases,is associated with,Alzheimer's disease and other types of dementia
comorbidities,associated with,obesity
comorbidities associated with obesity,are,serious
comorbidities,are associated with,obesity
comorbidities associated with obesity,are,serious problem
agents,have been examined in,animal models of neurodegeneration
biochemical mechanisms,are responsible for,initiation and/or progression of folate-associated pathologies
causal metabolic pathways,are responsible for,initiation and/or progression of folate-associated pathologies
causal metabolic pathways,are involved in,initiation and/or progression of folate-associated pathologies
causal metabolic pathways,are responsible for,initiation of folate-associated pathologies
causal metabolic pathways,are involved in,initiation of folate-associated pathologies
causal metabolic pathways,are involved in,progression of folate-associated pathologies
progression of folate-associated pathologies,is caused by,biochemical mechanisms
progression of folate-associated pathologies,is caused by,causal metabolic pathways
elevated homocysteine,is known to result in,increased oxidative-redox stress
impaired folate-mediated one-carbon metabolism,is known to result in,increased oxidative-redox stress
elevated homocysteine,is associated with,increased oxidative-redox stress
increased oxidative-redox stress,is associated with,impaired folate-mediated one-carbon metabolism
impaired folate-mediated one-carbon metabolism,results in,increased oxidative-redox stress
elevated homocysteine,results in,increased oxidative-redox stress
elevated homocysteine,may result in,oxidative-redox stress
folate-mediated one-carbon metabolism,is the cause of,impaired
This review,is intended to fill,gaps in knowledge associated with clinical diseases
clinical disease state,is associated with,impaired folate-mediated one-carbon metabolism
review,will allow,reader to better understand the role of folate-mediated one-carbon metabolism in the disease states associated with impaired folate-mediated one-carbon metabolism
type 2 diabetes mellitus,increases the risk of,Alzheimer's disease
disorder,occurs due to,insufficient insulin production
disorder,occurs due to,mounting resistance to insulin action
disorder,occurs due to,two reasons
two reasons,are,insufficient insulin production
two reasons,and,mounting resistance to insulin action
disorder,is caused by,two factors
two factors,include,insufficient insulin production
two factors,include,mounting resistance to insulin action
disorder,is caused by,insufficient insulin production
disorder,is caused by,mounting resistance to insulin action
diabetes mellitus,is caused by,two factors
Diabetes mellitus,is,metabolic disorder
Diabetes mellitus,characterized by,high blood glucose levels
high blood glucose levels,due to,two factors
Diabetes mellitus,is,a metabolic disorder
Diabetes mellitus,is characterized by,high blood glucose levels
high blood glucose levels,caused by,two factors
two factors,are,insufficient insulin production
two factors,are,mounting resistance to insulin action
metabolic disorder,characterized by,high blood glucose levels
two factors,and,mounting resistance to insulin action
AST's actions,include,MMP-13 inhibition
management of Alzheimer's disease,is due to,AST's multi-targeted actions
treatment,had greater impact on,larger plaques
inflammation,was caused by,neuroinflammation
cytokine production,was,proinflammatory
mechanism of action,was through,sodium-glucose cotransporter 2 inhibition
sodium-glucose cotransporter 2 inhibition,had effect through,NF-κB signaling suppression
enhancement,is due to,AMPK-mediated mitochondrial biogenesis and function
process,is related to,Enavogliflozin
study,uncovers,impact on neuroinflammation
Glucagon-like peptide-1 receptor agonists,is about,the review
Glucagon-like peptide-1 receptor agonists,about,this review
lysine methylation,impacts,glucose metabolism
lysine methylation,impacts,lipid metabolism
lysine methylation,impact of,glucose and lipid metabolism
lysine methylation,impacts,glucose and lipid metabolism
lysine methylation,has significant impact on,glucose and lipid metabolism
lysine methylation,has a significant impact on,glucose and lipid metabolism
lysine methylation,has,significant impact on glucose
Type 2 diabetes mellitus,are associated with,T2DM
insulin resistance,are associated with,IR
T2DM,are associated with,IR
heart failure therapy,impact on,cognitive deficits
hypertension,suggests,causal link
obesity,suggests,causal link
Type 2 diabetes mellitus,suggests,causal link
atrial fibrillation,suggests,causal link
Type 2 diabetes mellitus,suggests a causal link,causal link
vascular dementia,represents,pathophysiological continuum
Alzheimer's disease,represents,pathophysiological continuum
pathophysiological continuum,driven by,cerebrovascular pathology
cerebrovascular pathology,due to,cardiovascular dysfunction
risk factors,considered,type 2 diabetes
brain energy metabolism,altered,type 2 diabetes
development of AD,was due to,type 2 diabetes
AD,was due to,type 2 diabetes
hsa-miR-29b-3p,is associated with,cognitive function
etiology of AD,could be caused by,reduced intracellular proteostasis
etiology of AD,could be caused by,reduced mitochondrial function
etiology of AD,could be caused by,mitochondrial dysfunction
chaperone systems,can contribute to,protein aggregates
reduced mitochondrial quality control,is due to,mitophagy
these forms,result in,prolonged apnea
prolonged apnea,following,administration of succinylcholine
administration of succinylcholine,leads to,prolonged apnea
prolonged apnea,in,some endogamous communities
succinylcholine,causes,prolonged apnea
variant forms,result in,prolonged apnea
individuals with variant forms of BChE,may be protected against,metabolic diseases
individuals with variant forms of BChE,are being protected against,metabolic diseases
disease duration,is associated with,glycaemic control
Glycaemic control,is associated with,HbA1c levels
NODDI,contributed to,DTI in capturing white matter differences
DTI in capturing white matter differences,in,participants with type 2 diabetes
Type 2 diabetes,has an impact on,brain microstructure
impact,is on,brain microstructure
type 2 diabetes,has influence on,brain microstructure
Ser(262) residue in the KXGS motif,phosphorylating,detachment of tau from microtubule
detachment of tau,results in,phosphorylating Ser(262) residue in the KXGS motif
Phosphorylating Ser(262) residue in the KXGS motif,results in,detachment of tau from microtubule
detachment of tau,results in,MARK4 phosphorylating Ser(262) residue in the KXGS motif
logical memory,was predicted in,T2DM patients
Diabetic MCI patients,have,D-allele of the Angiotensin-converting enzyme gene polymorphism
D-allele of the Angiotensin-converting enzyme gene polymorphism,is associated with,memory deterioration in diabetic MCI patients
age-associated diseases,are caused by,slow accumulation of senescent cells in tissues
tool,has been developed,its advantages
tool,has been developed,"advantages of visualization of targets, more accurate drug/gene delivery, and reduced toxicity"
tool,has been developed due to,advantages of visualization of targets
tool,has been developed due to,more accurate drug/gene delivery
tool,has been developed due to,enhanced effectiveness
tool,has been developed,"advantages of visualization of targets, more accurate drug/gene delivery, and enhanced effectiveness"
"advantages of visualization of targets, more accurate drug/gene delivery, and enhanced effectiveness",due to,tool
tool,has been developed,"advantages of visualization of targets, more accurate drug/gene delivery, and reduced toxicity and enhanced effectiveness"
targeted strategies,contribute to,imaging or therapy for senescent cells
overactive RAS,is caused by,elevated angiotensin II levels
the study,examined,the impact of elevated Ang II levels on the enzyme's ability to alleviate hyperglycemia
model,was used to study,enzyme's ability to alleviate hyperglycemia
enzyme's ability,alleviate,hyperglycemia
hyperglycemia,caused by,elevated Ang II levels
elevated Ang II levels,examined the impact of,enzyme's ability to alleviate hyperglycemia
endogenous pancreatic ACE2,role of,study
elevated Ang II levels,impact of,study
this phenotype,was associated with,decreased ACE2 expression and activity
Ang II type 1 receptor (AT1R) expression,was associated with,increased oxidative stress in the mouse pancreas
impaired glycemia,was caused by,lack of compensatory activity
treatment,restored,compensatory activity
compensatory activity,against,impaired glycemia
impaired glycemia,caused by,Ang II
lack of compensatory activity,was the cause of,impaired glycemia
overactive RAS,results in,diabetes
overactive RAS,leads to,diabetes
the study,used,the ZDF rodent model of advanced T2DM
researchers,retrieved,single nucleotide polymorphisms (SNPs)
single nucleotide polymorphisms (SNPs),associated with,T2D
single nucleotide polymorphisms (SNPs),associated with,AD
genes,influenced by,shared T2D/AD SNPs with the same risk allele
study observation,suggests that,"among T2D subjects with common genetic predispositions, dysregulation of pathogenic pathways could contribute to the elevated risks for AD in subjects"
dysregulation of the pathogenic pathways,contributed to,elevated risks for AD
disease,is influenced by,several risk factors
Alzheimer's disease,is influenced by,metabolic disorder
predominant form of dementia,is influenced by,metabolic disorder
Alzheimer's disease,is influenced by,risk factor
disease,is influenced by,risk factor
metabolic disorder,is characterized by,dysregulation of blood sugar levels
disease,is influenced by,metabolic disorder
Alzheimer's disease,is the predominant form of,dementia
disease,is a form of,dementia
disease,influenced by,metabolic disorder
Alzheimer's disease,is influenced by,a form of dementia
Alzheimer's disease,is influenced by,form of dementia
disease,is influenced by,form of dementia
goal,was to identify,enriched pathways predictive of human Alzheimer's disease status
pathways,were predictive of,human Alzheimer's disease status
model,predicted,outcomes
outcomes,with,T2D and translatable components regression
model,did not predict,Alzheimer's disease alone
model,did not predict,Alzheimer's disease outcomes
model,predict,Alzheimer's disease outcomes
model,predict alone,Alzheimer's disease outcomes
models of T2D,with,model
translatable components regression,with,model
the model,did not predict,Alzheimer's disease outcomes
the model,with,the model alone
model,predicted,human Alzheimer's disease outcomes
model,with,models of T2D
model,with,translatable components regression
model,predicted,Alzheimer's disease outcomes
model,with,T2D
our approach,may lead to,therapeutic development for Alzheimer's disease AD
our approach,may lead to,development of therapeutics for Alzheimer's disease AD
ability to monitor the kinetics of fiber formation,is therefore crucial for,other prefibrillar assemblies
peptides,were,islet amyloid polypeptide (IAPP)
islet amyloid polypeptide (IAPP),associated with,type II diabetes
oligomers,are believed to be,highly cytotoxic
protofibrils,are believed to be,highly cytotoxic
prefibrillar amyloid assemblies,are,oligomers and protofibrils
prefibrillar amyloid assemblies,are,highly cytotoxic
detection of prefibrillar amyloid assemblies,is of,intense interest
oligomers and protofibrils,are,highly cytotoxic
Midlife Type 2 Diabetes Mellitus,is associated with,increased risk of Alzheimer Disease
Alzheimer Disease,is associated with,increased risk in later life
Midlife Type 2 Diabetes Mellitus,is associated with,Alzheimer Disease in later life
early stages of cognitive dysfunction,in,Type 2 Diabetes Mellitus T2DM
early stages of cognitive dysfunction in Type 2 Diabetes Mellitus T2DM,are associated with,peripheral NLRP3 inflammasome response dysregulation
early stages of cognitive dysfunction in Type 2 Diabetes Mellitus T2DM,may not be caused by,peripheral NLRP3 inflammasome response dysregulation
NLR family pyrin domain containing 3,is associated with,disease pathology
worsening of T2DM,is due to,acceleration of cognitive decline
worsening of T2DM,is due to,responses of NLR family pyrin domain containing 3 towards disease pathology
worsening of T2DM,is due to,association of NLR family pyrin domain containing 3 responses with disease pathology
worsening of T2DM,is due to,association of NLR family pyrin domain containing 3 responses with acceleration of cognitive decline
association of NLR family pyrin domain containing 3 responses,with,disease pathology
diabetes,is associated with,decreased memory
diabetes,is associated with,decreased language
diabetes,is associated with,decreased executive function performance
diabetes,is associated with,decreased attention
diabetes,is associated with,decreased concentration
diabetes,is associated with,decreased psychomotor speed
population's performance,was decreased,diabetes
individuals,have,high risk
high risk,due to,peripheral metabolic disturbances
risk,is due to,peripheral metabolic disturbances
levels of urinary microvesicle-bound uromodulin,are associated with,severity of DKD
urinary microvesicle-bound uromodulin levels,are associated with,severity of DKD
urinary microvesicle-bound uromodulin levels,are associated with,DKD severity
urinary microvesicle-bound uromodulin levels,are associated with,DKD's severity
urinary microvesicle-bound uromodulin,are associated with,DKD severity
urinary microvesicle-bound uromodulin,are associated with,DKD's severity
findings,suggest that,levels of urinary microvesicle-bound uromodulin
levels of urinary microvesicle-bound uromodulin,are associated with,DKD
urinary microvesicle-bound uromodulin levels,are associated with,DKD
urinary microvesicle-bound uromodulin,are associated with,DKD
findings,are associated with,DKD's severity
findings,are associated with,DKD
levels of urinary microvesicle-bound uromodulin,are associated with,DKD severity
researchers,quantified,two peaks
two peaks,associated with,concentration of plasma glycoproteins
peaks,were associated with,GlycA
peaks,were associated with,GlycB
aging,leads to,abnormal proteins accumulation
accumulation of amylin deposits,is associated with,type 2 diabetes
accumulation of amylin deposits,is associated with,amyloidosis
chronic bacterial infections,are known to be associated with,amyloidosis
Alzheimer's disease,is associated with,diabetes
Alzheimer's disease,is associated with,improvement in diabetes
Diabetes,is associated with,Alzheimer's disease
improvement in diabetes,is associated with,Alzheimer's disease
Alzheimer's disease,associated with,diabetes
Alzheimer's disease,associated with,improvement in Alzheimer's disease
diabetes,associated with,improvement in diabetes
Alzheimer's disease and diabetes,associated with,improvement in Alzheimer's disease and diabetes
diabetes,associated with,Alzheimer's disease
diabetes,improvement in,Alzheimer's disease
Alzheimer's disease,improvement in,diabetes
improvement in Alzheimer's disease,associated with,improvement in Alzheimer's disease
TT,has turned out to be,cause of concern
cause of concern,in,present sedentary lifestyle
present sedentary lifestyle,under,ad libitum conditions
TT genotype,is a cause of concern in,the present sedentary lifestyle under ad libitum conditions
the present sedentary lifestyle under ad libitum conditions,has turned out to be a cause of concern because,conditions of feast-famine cycles in evolution favored the TT genotype
present sedentary lifestyle,has turned out to be,cause of concern
TT genotype,is present in,>80% of the North Indian population
TT genotype,was favored under,conditions of feast-famine cycles in evolution
TT genotype,is present in,North Indian population
TT genotype,has turned out to be,cause of concern
TT genotype,was favored under conditions of,feast-famine cycles in evolution
present sedentary lifestyle under ad libitum conditions,has turned out to be,cause of concern
TT genotype,is present in,more than 80% of the North Indian population
TT,is present in,80% of the North Indian population
biological pathways of T2D,are emphasized in,the present paper
T2D,is a,complex lifestyle disease
present paper,emphasizes the importance of,gene interactions in the biological pathways of T2D
present paper,emphasizes,importance of gene interactions in the biological pathways of T2D
improvement of cognitive function,may be attributable to,agmatine's direct influence on brain metabolism
Agmatine,has direct influence on,brain metabolism
Agmatine's direct influence on brain metabolism,may be attributable to,reduction of diabetic symptoms
agmatine,may be responsible for,agmatine's direct influence on brain metabolism
reduction of diabetic symptoms,is attributable to,agmatine's direct influence on brain metabolism
agmatine,has direct influence on,brain metabolism
agmatine,is attributable to,agmatine
agmatine,is responsible for,agmatine's direct influence on brain metabolism
study,intends to evaluate,influence of agmatine on brain metabolism
agmatine,is the subject of,study's influence
agmatine,influence is being evaluated on,brain metabolism
agmatine,influence of,brain metabolism
influence of agmatine on brain metabolism,is,being evaluated
influence of agmatine on brain metabolism,using,hyperpolarized (HP) [1-(13)C]pyruvate magnetic resonance spectroscopy (MRS)
study,will evaluate,influence of agmatine on brain metabolism
study,will use,hyperpolarized (HP) [1-(13)C]pyruvate magnetic resonance spectroscopy (MRS)
hyperpolarized (HP) [1-(13)C]pyruvate magnetic resonance spectroscopy (MRS),to evaluate,influence of agmatine on brain metabolism
influence of agmatine,on,brain metabolism
brain metabolism,using,hyperpolarized
methodology,was used to,identify and characterise loci associated with susceptibility to type 2 diabetes
product,caused,statistically significant increase in test score MECWOLF
increase,led to,improvement in cognitive status
coconut oil,had positive influence on,cognitive level of patients with Alzheimer's
study,demonstrated,positive influence of coconut oil at the cognitive level of patients with Alzheimer's
improvement,being dependent on,"sex, presence or absence of diabetes, degree of dementia"
improvement,being dependent on,sex
improvement,being dependent on,presence or absence of diabetes
improvement,being dependent on,degree of dementia
degree of dementia,was dependent on,degree of dementia
improvement,was dependent on,presence or absence of diabetes and degree of dementia
improvement,was dependent on,sex
improvement,was dependent on,presence or absence of diabetes
improvement,was dependent on,degree of dementia
abnormal deposition,is the common cause of,both diseases
Alzheimer's Disease (AD),are,diseases
Type 2 diabetes mellitus,are,diseases
Alzheimer's Disease (AD) and Type 2 diabetes mellitus,are caused by,deposition of amyloidogenic peptides
central events leading to cell membrane damage,are caused by,amyloidogenic peptides
increase in phosphorylation of tau,is due to,increased phosphorylation
synaptic proteins,have,lower levels
deficits,are paralleled by,lower levels of synaptic proteins
accumulation,was blocked by,reference compound
FDDNP,was blocked by,reference compound
FDDNP,was largely blocked by,reference compound
accumulation of FDDNP,was blocked by,reference compound
study,focused on,genes contributing to the mechanistic link
the study,was about,the genes that contribute to the mechanistic link
the study,was about,genes contributing to the mechanistic link
the study,was about,the genetic links between the two diseases
the genes,contributing to,the mechanistic link
two diseases,were studied in,the research
genes,contributing to,mechanistic link
rise in prevalence of complex age-related diseases,is due to,this importance
these characteristics,potentially point to,common root cause
common root cause or factors,may contribute to,disease exacerbation
these characteristics,potentially point to,common root cause or factors for disease exacerbation
Type 2 diabetes,are,two diseases
Alzheimer's disease,are,two diseases
Type 2 diabetes and Alzheimer's disease,share,common pathophysiological characteristics
common pathophysiological characteristics,potentially point to,a common root cause or factors for disease exacerbation
Type 2 diabetes,share,Alzheimer's disease
Type 2 diabetes and Alzheimer's disease,have,common pathophysiological characteristics
common pathophysiological characteristics,potentially point to,common root cause or factors for disease exacerbation
Type 2 diabetes,are two diseases that potentially share,Alzheimer's disease
Type 2 diabetes and Alzheimer's disease,point to,common pathophysiological characteristics
common pathophysiological characteristics,point to,common root cause or factors for disease exacerbation
two diseases,share,potentially common pathophysiological characteristics
potentially common pathophysiological characteristics,point to,a common root cause or factors for disease exacerbation
disproportionate prevalence of T2D and AD,in,this population
disproportionate prevalence of T2D and AD,is due to,shared phenomena in Mexican Americans
study of the shared phenomena in Mexican Americans,is of particular importance,prevalence of both T2D and AD in this population
prevalence of both T2D and AD,is disproportionate,in this population
study of the shared phenomena in Mexican Americans,is of particular importance,prevalence of both T2D and AD being disproportionate in this population
DTI-ALPS index,is associated with,cognitive impairment
cognitive impairment,is associated with,whole-brain white-matter damage
whole-brain white-matter damage,are associated with,cognitive impairment
DTI-ALPS index,is associated with,whole-brain white-matter damage
DTI-ALPS index,associated with,cognitive impairment
DTI-ALPS index,associated with,whole-brain white-matter damage
cognitive impairment,associated with,whole-brain white-matter damage
participants,were,patients with T2DM
participants,were with,T2DM
participants,were,healthy controls
participants,were,patients
compromised hippocampal neurogenesis,can lead to,Alzheimer's disease
compromised cognitive function,can lead to,Alzheimer's disease
reduction in hyperglycaemia,is a result of,increasing urinary glucose excretion
diseases,are caused by,pathways
pathways,are essential for,human health
these pathways,motivate,the diseases
these pathways,cause,the diseases
these diseases,are motivated by,the pathways
the pathways,are caused by,these pathways
these pathways,are essential for,the diseases
pathways,motivate,diseases
change in body composition,independently modulates,metabolic profiles
metabolic profiles,toward a reduced risk for,adverse outcomes
two primary physical activity-associated health effects,independently modulate,metabolic profiles
metabolic profiles,toward,reduced risk for adverse outcomes
health effects,modulate,metabolic profiles
health effects,modulate independently,metabolic profiles
modulated metabolic profiles,toward,reduced risk for adverse outcomes
increased physical performance,was associated with,reduced VLDL-related measures
insulin resistance,leads to,NVC alterations
T2DM pathology,is associated with,NVC alterations
this investigation,tested,cognitive impact of obesity
this investigation,evaluated,cognitive impact of type 2 diabetes
obesity and type 2 diabetes,cognitive impact of,high-fat diet
high-fat diet,induced,cognitive impact of obesity and type 2 diabetes
host genetic background,effect of,severity of cognitive decline
severity of cognitive decline,caused by,obesity
severity of cognitive decline,caused by,type 2 diabetes
cognitive decline,was caused by,obesity
cognitive decline,was caused by,type 2 diabetes
cognitive decline,was caused by,CC mice
obesity,were induced by,high-fat diet
type 2 diabetes,were induced by,high-fat diet
severity of cognitive decline,caused by,obesity and type 2 diabetes
severity of cognitive decline caused by obesity and type 2 diabetes,was,evaluated
this investigation,tested,cognitive impact of obesity and type 2 diabetes
this investigation,evaluated,cognitive impact of obesity and type 2 diabetes
Type 2 diabetes,is also known as,T2D
Alzheimer's disease,comorbidity of,type 2 diabetes
decreased risk of developing these conditions,is associated with,coffee consumption
coffee consumption,is associated with,decreased risk of developing these conditions
coffee consumption,is associated with,decreased risk of developing neurodegenerative conditions
decreased risk of developing neurodegenerative conditions,is associated with,coffee consumption
coffee consumption,seems to be associated with,decreased risk of neurodegenerative conditions
coffee consumption,is associated with,decreased risk of neurodegenerative conditions
study,was about,all-cause dementia rate
study,found,all-cause dementia rate
study,found,rate of all-cause dementia
study,found,cases of all-cause dementia
Lower Literacy,is associated with,higher diabetes indicators
haemoglobin A1c levels,are associated with,longer-term glycaemic instability
inhibition,is due to,accumulation of beta-amyloid peptide
CISD2 gene,is associated with,risk for AD
AD,is a risk associated with,CISD2 gene
study,is associated with,resilience against geriatric syndromes
study,is associated with,aging-related cognitive functional deficits
study,is associated with,aging-related physical functional deficits
geriatric syndromes,associated with,resilience
aging-related cognitive deficits,associated with,resilience
aging-related physical functional deficits,associated with,resilience
"20-year trajectories of behaviors, risk factors, and medical history",are associated with,geriatric syndromes and aging-related cognitive and physical functional deficits
Look AHEAD Aging study,is well positioned to,identify factors associated with resilience against aging-related conditions
Exendin-4,was used as,the treatment
Exendin-4,was used as,treatment
SOD-3,is,active
researchers,studied,impact of ocean acidification on the coral reef
occurrence of lifestyle diseases,may be caused by,cell degeneration/death
lifestyle diseases,may be caused by,cell degeneration/death
cell degeneration/death,may be a cause of,lifestyle diseases
cell degeneration/death,may cause,lifestyle diseases
heated cooking oil-derived peroxidation products,may cause,occurrence of lifestyle diseases
products,may cause,lifestyle diseases
lifestyle diseases,may be caused by,heated cooking oil-derived peroxidation products
products,be a cause of,lifestyle diseases
daily consumption of ω-6 PUFA-rich vegetable oils,leads to,cell degeneration/death
daily consumption of ω-6 PUFA-rich vegetable oils,contributes to,cell degeneration/death
daily consumption of ω-6 PUFA-rich vegetable oils,results in,cell degeneration/death
Lysosomal destabilization,leads to,cell death
challenges,associated with,KD
challenges,require,attention
scientists and physicians,attention of,challenges associated with the KD
KD,associated with,opportunities
KD,associated with,challenges
opportunities associated with the KD,draw the attention of,scientists and physicians
challenges associated with the KD,draw the attention of,scientists and physicians
scientists and physicians,attention of,opportunities and challenges associated with the KD
opportunities and challenges,associated with,KD
opportunities and challenges associated with the KD,draws the attention of,scientists and physicians
scientists and physicians,draws the attention of,opportunities and challenges associated with the KD
it,draws the attention of,scientists and physicians
scientists and physicians,towards,opportunities and challenges associated with the KD
challenges associated with the KD,require,attention
haplotype-tagging single nucleotide polymorphisms,were associated with,nerve growth factor receptor
nerve growth factor receptor,was associated with,Alzheimer's disease AD
nerve growth factor receptor,is associated with,Alzheimer's disease AD
inherited polymorphisms of nerve growth factor receptor,are associated with,Alzheimer's disease
Alzheimer's disease,is associated with,the AD
AD,is associated with,Alzheimer's disease
metabolic syndrome,is associated with,initiation of type 2 diabetes
patients with Type 2 Diabetes Mellitus,were the same group of people,patients with T2DM
ageing brains,are associated with,Alzheimer's disease
Alzheimer's disease,are associated with,CNS
these disorders,are caused by,proteotoxicity
AUC of 0.9,indicated,highest predictive accuracy
genes,that achieved,highest predictive accuracy
TP53,were,genes that achieved highest predictive accuracy
IL1B,were,genes that achieved highest predictive accuracy
IL1B,were the genes with,highest predictive accuracy
TP53,were the genes with,highest predictive accuracy
TP53,had the highest predictive accuracy of,IL1B
TP53 and IL1B,had the highest predictive accuracy of,all the genes
TP53 and IL1B,achieved,highest predictive accuracy
TP53 and IL1B,among,all the genes
TP53 and IL1B,had the highest predictive accuracy of,all the genes in the dataset
TP53 and IL1B,among,all the genes in the dataset
TP53 and IL1B,were the genes that achieved,highest predictive accuracy of all the genes in the dataset
TP53,had the highest predictive accuracy of,all the genes in the GSE161355 dataset
IL1B,had the highest predictive accuracy of,all the genes in the GSE161355 dataset
highest predictive accuracy,was achieved by,TP53 and IL1B
TP53 and IL1B,of all the genes in,GSE161355 dataset
highest predictive accuracy,of,all the genes in the GSE161355 dataset
all the genes in the GSE161355 dataset,was achieved by,TP
superior weight loss,seen in,patients with obesity and T2DM
patients with obesity and T2DM,underwent,Endobarrier insertion
superior weight loss,was not due to,reduction in energy intake
superior weight loss,was not due to,change in food preferences
weight loss,was due to,Endobarrier insertion
Endobarrier insertion,in,patients with T2DM
risk,was associated with,RC levels between 0.58-0.64 mmol/L
RC levels between 0.58-0.64 mmol/L,were associated with,the lowest risk
lowest risk,was associated with,RC levels between 0.58-0.64 mmol/L
RC levels,serve as,predictive biomarker for AD risk
both extremes,are associated with,higher risk
RC levels,are associated with,higher risk
RC levels,are associated with,AD risk
higher RC levels,are associated with,AD risk
Lower RC levels,are associated with,AD risk
higher RC levels,are associated with,AD risk at both extremes
lower RC levels,are associated with,AD risk at both extremes
both extremes of RC levels,are associated with,AD risk
RC levels,are associated with,higher AD risk
higher RC levels,are associated with,higher AD risk
lower RC levels,are associated with,higher AD risk
Physical Check up Center,is at,Sumitomo Hospital
participants,were,Japanese
participants,underwent,health checkups
study,was conducted in,2007-2015
participants,were,7052 in number
study,was conducted at,hospital
two variants,are associated with,higher plasma lipids
two variants,are associated with,Alzheimer's disease
Adaptor-related protein complex 2 alpha 2 subunit gene,is associated with,higher plasma lipids
Adaptor-related protein complex 2 alpha 2 subunit gene,is associated with,Alzheimer's disease
BZRAP1 genes,are associated with,higher plasma lipids
BZRAP1 genes,are associated with,Alzheimer's disease
higher plasma lipids,are associated with,Alzheimer's disease
variants,are associated with,higher plasma lipids
variants,are associated with,the disease
variants,associated with,plasma lipids
variants,associated with,disease
variants,are associated with,Alzheimer's
variants,are associated with,plasma lipids
variants,are associated with,disease
cause of this amazing discrepancy,lies in,profound changes in diet and lifestyle
cause of this amazing discrepancy,lies in,profound changes in diet and lifestyle during recent human history
amazing discrepancy,cause of,profound changes in diet and lifestyle during recent human history
lack of corresponding genetic adaptations,cause,significant distortions of the fine-tuned metabolism
transition from Paleolithic nutrition,cause,Western diets
transition from Paleolithic nutrition to Western diets,cause,significant distortions of the fine-tuned metabolism
transition from Paleolithic nutrition,to,Western diets
transition from Paleolithic nutrition to Western diets,and,lack of corresponding genetic adaptations
lack of corresponding genetic adaptations,and,fine-tuned metabolism
"transition from Paleolithic nutrition to Western diets, lack of corresponding genetic adaptations, and fine-tuned metabolism",cause,significant distortions
lack of corresponding genetic adaptations,cause,significant distortions
transition from Paleolithic nutrition to Western diets,cause,significant distortions
fine-tuned metabolism,cause,significant distortions
fine-tuned metabolism,cause,significant distortions of the metabolism
overweight,are also rapidly increasing in,developing countries
civilization diseases,are also rapidly increasing in,developing countries
spread of Western diet,because of,overweight and civilization diseases are also rapidly increasing in developing countries
spread of Western lifestyle,because of,overweight and civilization diseases are also rapidly increasing in developing countries
spread of Western diet and lifestyle worldwide,has led to,increase in overweight and civilization diseases in developing countries
spread of Western diet and lifestyle,has led to,increase in overweight and civilization diseases in developing countries
spread of Western diet and lifestyle worldwide,has caused,overweight and civilization diseases increase in developing countries
spread of Western diet and lifestyle worldwide,has caused,increase in overweight and civilization diseases in developing countries
spread of Western diet and lifestyle worldwide,is the cause of,increase in overweight and civilization diseases in developing countries
spread of Western diet and lifestyle worldwide,is the main cause of,increase in overweight and civilization diseases in developing countries
spread of Western diet and lifestyle worldwide,is the main cause of,overweight and civilization diseases in developing countries
spread of Western diet and lifestyle,is the main cause of,increase in overweight and civilization diseases in developing countries
spread of Western diet and lifestyle,is the main cause of,increase in overweight and civilization diseases
diet-related key changes,are the cause of,development of diseases of civilization
diet-related key changes,in,developmental process
diet-related key changes,lead to,development of diseases of civilization
diet-related key changes,cause,development of diseases of civilization
researchers or authors,evaluated whether,hypoglycemia increases the risk for dementia in senior patients with Type 2 diabetes mellitus
patients with underlying hypoglycemic events,had,increased risk for all-cause dementia
hazard ratio,for,all-cause dementia
95% confidence interval,for,all-cause dementia
all-cause dementia,was,1.166 to 1.349
increased plasma beta-hydroxybutyrate,has effect on,left ventricular function
effect of increased plasma beta-hydroxybutyrate on left ventricular function,is,dose dependent
left ventricular function,dose dependently,increased
plasma beta-hydroxybutyrate,is significantly,increased
plasma beta-hydroxybutyrate,was significantly increased,increased
plasma beta-hydroxybutyrate,increased,significantly
increased plasma beta-hydroxybutyrate,increased,left ventricular function
nondrinkers,are less likely to die from,any cause
coffee drinkers,may be less likely to die from,any cause
research,shows that,coffee drinkers may be less likely to die from any cause
coffee drinkers,may be less likely to develop,neurodegenerative diseases
study,aimed at investigating,impact of TRM on lipid profile parameters in T2DM patients
study,aimed to investigate,impact of TRM on lipid profile parameters
lipid profile parameters,such as,"total cholesterol, triglycerides, high-density lipoprotein, low-density lipoprotein, and very low-density lipoprotein"
lipid profile parameters,in,fasting conditions
Alzheimer's disease,is one of the leading causes of,death in humans
identified variants,influence,ageing
variants,influence,ageing
mechanisms,by which,variants influence ageing
mechanisms by which the variants influence ageing,need to be,need to be deciphered
mechanisms by which the variants influence ageing,need to be,deciphered
difficulty in characterising some variants,is due to,context-dependent effects
context-dependent effects,are due to,experimental environment and genetic background
context-dependent effects,are due to,genetic background
context-dependent effects,are due to,experimental environment
CV-associated genes,are associated with,AD risk
CV-associated genes,are associated with,increased AD risk
SNPs,are jointly associated with,Alzheimer's disease
SNPs,are associated with,CV-associated RFs
SNPs,were jointly associated with,Alzheimer's disease
SNPs,were jointly associated with,CV-associated outcomes
SNPs,were associated with,Alzheimer's disease
SNPs,were associated with,CV-associated outcomes
Alzheimer's disease,is associated with,CV-associated outcomes
researchers,identified,SNPs
SNPs,were beyond,APOE
researchers,identified,beyond APOE SNPs
beyond APOE SNPs,were jointly associated with,Alzheimer's disease
beyond APOE SNPs,were jointly associated with,CV-associated outcomes
Alzheimer's disease,is associated with,lipid-associated RFs
disease,is associated with,lipid-associated RFs
Lipid-associated RFs,are the,RFs associated with the disease
RFs,are associated with,the disease
Lipid-associated RFs,are,RFs associated with Alzheimer's disease
Alzheimer's disease,is the,Alzheimer's disease associated with lipid-associated RFs
polygenic component,is associated with,lipid-associated RFs
component,is associated with,lipid-associated RFs
subset of genes,strongly increase the risk of,Alzheimer's disease AD
cardiovascular-associated genes,are strongly associated with,Alzheimer's disease AD
researchers,identify,genes that strongly increase the risk of Alzheimer's disease AD
researchers,found,genes that increase the risk of Alzheimer's disease AD
aMCI-T2DM group,presented,worse results in global cognition
aMCI-T2DM group,presented,worse results in the Auditory Verbal Learning Test
aMCI-T2DM group,presented,worse results in the Trail Making Test A and B
aMCI-T2DM group,presented,worse results in the Verbal Fluency Test
incidence of dementia,is lower among,Asian Americans
incidence of dementia,is lower than among,White members of a California-based integrated health-care delivery system
incidence of dementia,is lower among,White members of a California-based integrated health-care delivery system
high heme cancer cells,are associated with,increased risks of type-2 diabetes
increased levels of hemoproteins,lead to,intensified oxygen consumption
increased oxygen consumption,leads to,cellular energy generation
epidemiological studies,support,idea that heme positively impacts cancer cells progression
molecular studies,support,idea that heme positively impacts cancer cells progression
type-2 diabetes mellitus,may cause,changes in the brain's NMDA receptors
Type-2 diabetes mellitus,may be due to,changes in NMDA receptors
high-fat diet,is associated with,Alzheimer's disease
high-fat diet,is associated with,type 2 diabetes risk
high-fat diet,is associated with,insulin resistance
high-fat diet,is associated with,amylin deposition
disease,is associated with,amylin deposition
gene expression,associated with,astrocytes
gene expression,associated with,microglia
disruption,is caused by,agents
agents,are,"biotic, physical, or chemical"
agents,cause,disruption
airborne particulate matter,causes,oxidative stress
airborne particulate matter,causes,inflammation
protective effects,include,anti-inflammatory activities
protective effects,include,anticancer activities
protective effects,include,anti-aging activities
protective effects,include,antibacterial activities
protective effects,include,antiviral activities
Future research,is needed to investigate,causes of the cohort differences in cognitive functioning
uncontrolled type 2 diabetes,was associated with,significant cortical atrophy in specific brain regions
atrophy,associated with,uncontrolled type 2 diabetes
atrophy,is,region-specific
risk factors,are associated with,increased prevalence and earlier disease onset in Alzheimer's disease patients
risk factors,are associated with,increased prevalence
risk factors,are associated with,earlier disease onset
risk factors,are associated with,increased prevalence in Alzheimer's disease patients
risk factors,are associated with,Alzheimer's disease patients
risk factors,because they are in,Alzheimer's disease patients
risk factors,are in,Alzheimer's disease patients
risk factors,are associated with,increased prevalence and earlier disease onset
hyperglycemia,is associated with,brain volume changes in Alzheimer's disease patients
metabolites,used for,stimulation
intracellular proteins,associated with,detrimental properties
intracellular proteins,associated with,protective properties
mechanisms,are in the context of,Alzheimer's disease and type 2 diabetes pathology
responses to metabolites associated with type 2 diabetes,may contribute to,neuroinflammation
responses to metabolites associated with type 2 diabetes,may contribute to,progressive cognitive decline
responses to metabolites,associated with,Alzheimer's disease
responses to metabolites associated with Alzheimer's disease,may contribute to,neuroinflammation
responses to metabolites associated with Alzheimer's disease,may contribute to,progressive cognitive decline
particular misfolded amyloid peptides or proteins,are the cause of,the problem
particular misfolded amyloid peptides or proteins,are,problematic
particular misfolded amyloid peptides or proteins,cause,problems
islet-amyloid polypeptide,is associated with,type 2 diabetes mellitus
transthyretin V30M mutant,is associated with,familial amyloid polyneuropathy
protein Aβ42,is associated with,Alzheimer's disease
careful evaluation of all the results of CVOTs,leads to,identification of different effects
use of one or the other class of agents,may benefit,ideal individuals with T2DM
Individuals with T2DM,may benefit most from,use of one or the other class of agents
results of CVOTs,may allow,identification of different effects
individuals with T2DM,may benefit most from,use of one or the other class of agents
mechanisms,may lead to,AD
awry mechanisms,may lead to,AD
reduction in the level of the markers,may lead to,therapeutic potential to mitigate mechanisms
reduction in the level of the markers,may lead to,mitigating mechanisms
level of the markers,may be reduced by,anti-cholinesterases
anti-cholinesterases,lead to,mechanisms
differential risks for diabetes and mortality,by,racial/ethnic groups
Cystatin-C,was equally predictive of,these outcomes
these outcomes,across,across groups
Cystatin-C,is equally predictive of,these outcomes
these outcomes,across,the groups
outcomes of diabetes,are equally predicted by,Cystatin-C
mortality,are equally predicted by,Cystatin-C
predictive value of Cystatin-C,does not vary by,racial/ethnic group
predictive value of Cystatin-C,is the same across,racial/ethnic groups
Cystatin-C,is predictive of,outcomes of diabetes
Cystatin-C,is predictive of,mortality
Cystatin-C,is equally predictive across,the groups
Cystatin-C,has,same predictive value for diabetes and mortality outcomes
same predictive value for diabetes and mortality outcomes,across,groups
Cystatin-C,is predictive for,diabetes outcomes
Cystatin-C,is predictive for,mortality outcomes
Cystatin-C,is equally predictive across,groups
Cystatin-C,has the same predictive value for,outcomes across racial/ethnic groups
outcomes,are equally predicted by,Cystatin-C
Cystatin-C,across,racial/ethnic groups
diabetes and mortality outcomes,are equally predicted by,Cystatin-C
Cystatin-C,has,predictive value for the outcomes across groups
Cystatin-C,is equally predictive of,outcomes across racial
the statement,is,true
diabetes,has been discussed with,Alzheimer's disease
administration of streptozotocin,resulted in,reduction in cell proliferation
administration of streptozotocin,resulted in,reduction in neurogenesis
administration of streptozotocin,resulted in,reduction
administration,resulted in,reduction
parameters,were studied in,Alzheimer's disease mice
neurogenesis,was studied in,Alzheimer's disease mice
adult cell proliferation,were studied in,mice with Alzheimer's disease
neurogenesis,were studied in,mice with Alzheimer's disease
metabolic disease,has an impact on,central complications in Alzheimer's disease
metabolic disease,causes,central complications
central complications,are caused by,metabolic disease
metabolic disease,in,Alzheimer's disease
Alzheimer's disease,has an impact on,central complications
central complications,have an impact on,Alzheimer's disease
central complications,are associated with,metabolic disease
metabolic disease,is associated with,central complications
defining the contributions of reactive glia,is the difficulty in,Alzheimer's disease pathogenesis
difficulty in defining the contributions of reactive glia,is likely due to,heterogeneity of glia populations
heterogeneity of glia populations,causes,alterations in their activation states
chronic systemic inflammatory diseases,can cause,immune priming
chronic systemic inflammatory diseases,can cause,adverse activation of glia
obesity,can cause,immune priming
obesity,can cause,adverse activation of glia
Type 2 diabetes mellitus,can cause,immune priming
Type 2 diabetes mellitus,can cause,adverse activation of glia
periodontitis,can cause,immune priming
periodontitis,can cause,adverse activation of glia
Alzheimer's disease AD,is caused by,neuroinflammation
neuroinflammation,is caused by,glia activation
glia activation,is caused by,immune priming
glia activation,is caused by,adverse activation of glia
reducing peripheral inflammation,is,good strategy for lowering Alzheimer's disease prevalence
reducing peripheral inflammation,is,a good goal
lowering Alzheimer's disease prevalence,is,good strategy
reducing peripheral inflammation,is a good strategy for,lowering Alzheimer's disease prevalence
reducing peripheral inflammation,is,potentially effective strategy
lowering Alzheimer's disease prevalence,is,potentially effective strategy
reducing peripheral inflammation,is,potentially effective strategy for lowering Alzheimer's disease prevalence
lowering Alzheimer's disease prevalence,is,potentially effective goal
reducing peripheral inflammation,is,potentially effective goal
reducing peripheral inflammation,for lowering,Alzheimer's disease prevalence
DEGs,are,differentially expressed genes
datasets,were from,"GSE33630, GSE35570, GSE60542"
datasets,were from,Thyroid cancer
datasets,were from,GSE86468
datasets,were from,Type 2 diabetes mellitus
survival outcomes,were,P = 0.017
aggregation,results in,formation of small oligomers
such an aggregation,results in,formation of small oligomers
P:L ratio of five different phospho- and sphingolipids,has an influence on,rate of misfolded proteins aggregation
study,is investigating,influence of the P:L ratio of five different phospho- and sphingolipids on the rate of misfolded proteins aggregation
Alzheimer's disease,cause of,not yet known
Alzheimer's disease,cause of,unknown
subgroup of patients,is associated with,candidate genes
treatment of type 2 diabetes mellitus,causes,rising costs for the health system
metformin,may reduce,risk of neurodegenerative diseases
Metformin,may exert,differential impacts on various aspects of cognitive performance
differential impacts on various aspects of cognitive performance,in,patients with type 2 diabetes
Metformin,exerts,differential impacts
differential impacts,on,various aspects of cognitive performance
metformin,may exert,impacts on cognitive performance
impacts of metformin,are differential,cognitive performance
impacts,are,differential
Metformin,has,differential impacts
cognitive impairment,is possibly due to,insulin resistance
neuroinflammation,is caused by,breakdown of oligodendrocyte myelin
this,results in,chronic inflammation
this,results in,myelin deterioration
Cdk5 kinase activity,is heightened,glucose toxicity
glucose toxicity,in,oligodendrocytes
cPLA2,is hyperactivated due to,glucose toxicity
heightened Cdk5 kinase activity,are caused by,glucose toxicity in oligodendrocytes
cPLA2 hyperactivation,are caused by,glucose toxicity in oligodendrocytes
targeting Cdk5,could be,promising therapeutic strategy
targeting Cdk5,to counteract,Alzheimer's disease pathogenesis in Type 2 Diabetes conditions
Alzheimer's disease pathogenesis,in,Type 2 Diabetes conditions
Alzheimer's disease pathogenesis in Type 2 Diabetes conditions,can be counteracted by,targeting Cdk5
Alzheimer's disease pathogenesis,can be counteracted,Type 2 Diabetes conditions
Type 2 Diabetes conditions,can be counteracted by,targeting Cdk5
Type 2 Diabetes conditions,can be counteracted,therefore
our findings,suggest that,targeting Cdk5
targeting Cdk5,could be,a promising therapeutic strategy
targeting Cdk5,to counteract,Alzheimer's disease pathogenesis
Alzheimer's disease pathogenesis in Type 2 Diabetes conditions,can be,counteracted
metabolic alterations associated to diabetes,contribute to,development of AD-like pathologic features
alterations,contribute to,development of AD-like pathologic features
features,are associated with,diabetes
development of AD-like pathologic features,is associated with,diabetes
metabolic alterations,contribute to,development of AD-like pathologic features
diabetes,is associated with,metabolic alterations
AD-like pathologic features,are associated with,diabetes
metabolic alterations in mice,are associated with,diabetes
metabolic alterations,contribute to,development of these AD-like pathologic features
development of these AD-like pathologic features,in,mice
diabetes,contributes to,development of AD-like pathologic features in mice
metabolic alterations,are associated with,development of AD-like pathologic features
diabetes,is associated with,development of AD-like pathologic features
these alterations,contribute to,development of AD-like pathologic features
metabolic alterations,are associated with,diabetes
activation of the NLRP3 inflammasome,causes,inappropriate sterile inflammation
Interleukin-1β,is,a cytokine
a cytokine,can cause,inflammation
Interleukin-1β,is,a protein
Interleukin-1β,can cause,inflammation
development of this inhibitor,could further lead to,prevention of NLRP3 inflammasome-associated diseases
inflammasome-mediated interleukin-1β secretion,is associated with,diseases
blood-brain barrier,impairment leads to,neuroinflammation
gut microbiome dysbiosis,causes,development of hallmarks of AD
gut microbiome dysbiosis,leads to,development of hallmarks of AD
gut microbiome dysbiosis,associated with,development of hallmarks of AD
increased intestinal permeability,associated with,development of hallmarks of AD
blood-brain barrier impairment,associated with,development of hallmarks of AD
neuroinflammation,associated with,development of hallmarks of AD
elucidation of the role of gut microbiome,in,Alzheimer's disease
elucidation of the role of gut microbiome in Alzheimer's disease,could pave way for,development of holistic predictive methods
development of holistic predictive methods,could pave way for,determining Alzheimer's disease risk and progression of disease
development of holistic predictive methods,is for,determining Alzheimer's disease risk and progression of disease
Alzheimer's disease risk,determining,progression of disease
determining Alzheimer's disease risk and progression of disease,could be done with,development of holistic predictive methods
investigation of the efficacy of Vertical sleeve gastrectomy,to prevent the onset of,Type 2 diabetes
Type 2 diabetes,has not been previously investigated as,outcome of Vertical sleeve gastrectomy
human protease double-target status,means,evolutionary trajectories and substrates shifts associated with substrates will have implications for the development of clinical candidates
human protease double-target status,is associated with,evolutionary trajectories
human protease double-target status,is associated with,substrates shifts
human protease double-target status,has,evolutionary trajectories
human protease double-target status,has,substrates shifts
substrates shifts,associated with,substrates
substrates shifts,associated with,implications
autosomal dominant neurodegenerative diseases,are associated with,genetic risk factors
Alzheimer's disease,associated with,genetic risk factors
frontotemporal lobar degeneration,associated with,genetic risk factors
Parkinson's disease,associated with,genetic risk factors
genetic risk factors,are associated with,type 2 diabetes mellitus
aluminum bioavailability,is a cause of,Alzheimer's disease
hypercholesterolemia,is,condition
hypercholesterolemia,associated with,central insulin resistance
toxic effect,was due to,exosomes
High glucose,stimulated,INS1E-hIAPP cells
this work,aim of,predict the potential molecular links between Alzheimer's disease and type 2 diabetes mellitus
aim of this work,was to predict,potential molecular links between Alzheimer's disease and type 2 diabetes mellitus
work,to predict,potential molecular links between Alzheimer's disease and type 2 diabetes mellitus
the work,was to predict,potential molecular links between Alzheimer's disease and type 2 diabetes mellitus
this work,aim of,predict potential molecular links between Alzheimer's disease and type 2 diabetes mellitus
seven of the hub proteins,were predicted to be present in,plasma
proteins,predicted to exhibit pharmacological interaction with,monoclonal antibodies
NHPI,have more,comorbidities
comorbidities,may contribute to,AD/MCI onset
other racial groups,have,fewer comorbidities
fewer comorbidities,may contribute to,AD/MCI onset
increase,is primarily due to,type 2 diabetes
dementia,is caused by,Alzheimer's disease (AD)
aging populations,has,dementia
Alzheimer's disease (AD),causes,dementia in aging populations
Alzheimer's disease (AD),is,a disease
a disease,causes,dementia in aging populations
disease,causes,dementia in aging populations
disease,is,Alzheimer's disease (AD)
metformin use,may be associated with,lower risk of developing dementia
sodium glucose cotransporter-2 inhibitor treatments,were associated with,reduced risk of dementia in patients with T2D
glucagon-like peptide-1 receptor agonist treatments,were associated with,reduced risk of dementia in patients with T2D
Metformin treatments,were associated with,reduced risk of dementia in patients with T2D
central nervous system,is particularly vulnerable to,progressive destruction of nerve cells
Mn,causes damage to,the central nervous system
nerve cells,is due to,destruction
Mn,causes,destruction of nerve cells
destruction of nerve cells,is caused by,overexposure to Mn
overexposure to Mn,results in,destruction of nerve cells
overexposure to Mn,damages,central nervous system
Overexposure to Mn,results in,damage to the central nervous system
Overexposure to Mn,results in,damage
metformin,reduces,risk of atrial fibrillation
evidence in this review,support,use of Metformin
use of Metformin,reduce,risk of atrial fibrillation (AF)
use of Metformin,is to reduce the risk of,atrial fibrillation AF
evidence in this review,is to assess whether,use of Metformin is to reduce the risk of atrial fibrillation AF
Alzheimer's Disease,is the most common cause of,dementia
socioeconomic burden,caused by,dementia care
socioeconomic burden caused by dementia care,is,increasing
socioeconomic burden,is getting,worse
socioeconomic burden,is becoming,greater
socioeconomic burden caused by dementia care,is becoming,worse
socioeconomic burden caused by dementia care,is,intensifying
use of metformin in Phase B,made,statistical comparisons of efficacy impossible
amyloidogenic pathology,revolves around,impact of the metals and cofactors
pathologies,exist,exist
Pathologies,are,already
Type 2 diabetes mellitus,also known as,T2DM
Type 2 diabetes mellitus,is associated with,increased risk of Alzheimer's disease
Alzheimer's disease,also known as,AD
discussions on methods development,have been focused on,its impact
discussions on methods development,have underestimated,impact on the QALY values obtained
cost per QALY estimate,has been underestimated,QALY values obtained
discussions on methods development,has been on,QALY values obtained
blockage,is due to,blocking reverse transcriptase
"newer, safer compounds",is much less pronounced with,concern
newer compounds,are,safer
smooth muscle relaxation,causes,blood vessel dilatation
this,results in,blood vessel dilatation
this,results in,increased cyclic GMP levels
this,leads to,smooth muscle relaxation
increased cyclic GMP levels,result in,smooth muscle relaxation
oxidative stress,is a major cause of,endothelial dysfunction
endothelial dysfunction,is a major cause of,endothelial dysfunction in the cerebral circulation
endothelial dysfunction,is a major cause of,endothelial dysfunction
oxidative stress,is a major cause of,endothelial dysfunction in the cerebral circulation
cerebral circulation,is a major cause of,endothelial dysfunction
oxidative stress,is a major cause of,cerebral circulation
initiation and titration of guideline-directed medical therapy,can reduce,risk of morbidity and mortality
this therapy,can reduce,risk of morbidity and mortality
patients with heart failure and reduced ejection fraction,need,therapy that can reduce the risk of morbidity and mortality
therapy,can reduce,risk
therapy,is,guideline-directed medical therapy
it,is to reduce,risk of adverse effects
variations,can impact,pathogenicity
pathogenicity,is impacted by,variations
disease,is associated with,variations
variations,are associated with,disease
method,suggests,it may also predict involvement of mtDNA variation in diseases
method,may also predict,involvement of mtDNA variation in diseases
analysis,resulted in,Matthews Correlation Coefficient (MCC) of ~0.5
analysis,suggests,method may also predict involvement of mtDNA variation in diseases
method,may predict,involvement of mtDNA variation in diseases
method,may also predict involvement of,mtDNA variation in diseases
result,was that,the method may also predict involvement of mtDNA variation in diseases
method,was analyzed to predict,involvement of mtDNA variation in diseases
method,was analyzed to see if,involvement of mtDNA variation in diseases
mediators,are implicated as,underlying causes of neuroinflammation
mediators,are implicated as,underlying causes of memory deficits
mediators,are implicated as,underlying causes of neuroinflammation and memory deficits
diabetic individuals,have,increased circulating inflammatory mediators
increased circulating inflammatory mediators,are implicated as,underlying causes of neuroinflammation and memory deficits
increased circulating inflammatory mediators,are implicated as underlying causes of,neuroinflammation
increased circulating inflammatory mediators,are implicated as underlying causes of,memory deficits
memory deficits,are implicated as underlying causes of,neuroinflammation
diabetic individuals,have increased,circulating inflammatory mediators
circulating inflammatory mediators,are implicated as underlying causes of,memory deficits
memory deficits,are implicated as underlying causes of,memory deficits
increased circulating inflammatory mediators,are implicated as,underlying causes of memory deficits
neuroinflammation and memory deficits,are implicated as,underlying causes of neuroinflammation and memory deficits
neuroinflammation,are implicated as underlying causes of,memory deficits
mediators,are implicated as underlying causes of,neuroinflammation
knockdown,was of,Tonicity-responsive enhancer-binding protein
Tonicity-responsive enhancer-binding protein,causes,upregulation of lipocalin-2
upregulation of lipocalin-2,in,diabetic mice
Lipocalin-2,is upregulated due to,Tonicity-responsive enhancer-binding protein
Tonicity-responsive enhancer-binding protein,in,diabetic mice
tonicity-responsive enhancer-binding protein,leads to,upregulation of lipocalin-2
Tonicity-responsive enhancer-binding protein,results in the upregulation of,lipocalin-2
lipocalin-2,in,diabetic mice
keywords,were associated with,hypertension
keywords,were associated with,white matter hyperintensities
keywords,were associated with,cerebral microbleeds
vitamins and cofactors metabolism,were associated with,genetic variants
white matter hyperintensities,were associated with,dementia
Western blotting,was used to measure,expression of proteins associated with autophagy
phosphatidylinositol 3-kinase (PI3K)/protein kinase B (AKT)/nuclear factor (NF)-κB signaling pathway,was associated with,autophagy
phosphatidylinosoftiol 3-kinase (PI3K)/protein kinase B (AKT)/nuclear factor (NF)-κB signaling pathway,was associated with,protein expression
Western blotting,used to measure,expression of proteins associated with the phosphatidylinositol 3-kinase (PI3K)/protein kinase B (AKT)/nuclear factor (NF)-κB signaling pathway
reduction in miR-199a-3p expression,may be associated with,vascular endothelial cell injury
injury,is associated with,reduced miR-199a-3p expression
reduction in miR-199a-3p expression,is associated with,vascular endothelial cell injury
reduction in miR-199a-3p expression,may be the cause of,vascular endothelial
cardiomyopathy,was associated with,the disease
oxidative stress induced signaling cascades,lead to,cell death
T2DM,is associated with,cardio-toxicity
cardio-toxicity,is associated with,T2DM
changes in these frailty indices,should predict,mortality
true conditions,should result in,changes in these frailty indices over time
changes in these frailty indices over time,should predict,mortality
changes in these frailty indices over time,should predict,downstream changes in cognition and physical function
frailty indices,predict,subsequent reduced function and mortality
accelerated biological aging,is associated with,frailty
frailty indices,predict,mortality
frailty indices,predict,reduced function
accelerated biological aging,is associated with,reduced function
β-cell dysfunction,may be associated with,the islet
islet,is a location in the body associated with,EAAT2
islet,is a location in the body associated with,β-cell dysfunction
chronic treatment of islets from healthy donors,led to,transporter internalization in vesicular compartments
high-glucose concentrations,with,chronic treatment of islets from healthy donors
treatment,caused,reduced [H(3)]-d-glutamate uptake
treatment,led to,internalization of the transporter in vesicular compartments
transporter relocalization,was associated with,decreased Akt phosphorylation protein levels
phosphoinositide 3-kinase (PI3K)/Akt pathway,is involved in,the process
phosphoinositide 3-kinase (PI3K)/Akt pathway,involves,the process
phosphoinositide 3-kinase (PI3K)/Akt pathway,involves,process
PI3K inhibition,caused,transporter relocalization in intracellular compartments
LY294002 treatment,caused,transporter relocalization in intracellular compartments
LY294002 treatment,caused,transporter relocalization
LY294002 treatment,reduced,glutamate uptake
LY294002 treatment,was administered in,human and clonal β-cells
LY294002 treatment,significantly reduced,glutamate uptake
glutamate uptake,compared to,control conditions
loss of EAAT2 membrane expression,is due to,hyperglycemia
hyperglycemia,causes,modification of the intracellular trafficking of the phosphoinositide 3-kinase/Akt pathway
hyperglycemia,causes,intracellular trafficking of the phosphoinositide 3-kinase/Akt pathway
hyperglycemia,results in,modification of the intracellular trafficking of the phosphoinositide 3-kinase/Akt pathway
Pioglitazone hydrochloride,impact on,aging regulation
impact of Pioglitazone hydrochloride on aging regulation,is,unclear
Pioglitazone hydrochloride,influence on,aging
implant survival rates,were analyzed,after loading
implant survival rates,were analyzed,after the dental implant was loaded
postloading implant,were analyzed,survival rates
amyloid diseases,are caused by,misfolded proteins
preformed metastable oligomer,causes,normal isoform
normal isoform,to have,misfolded conformation
misfolded conformation,is caused by,nucleation process
many diseases,are caused by,oxidative stress
atherosclerosis,is an example of,diseases caused by oxidative stress
diabetes mellitus,is an example of,diseases caused by oxidative stress
nonalcoholic fatty liver disease,is an example of,diseases caused by oxidative stress
Alzheimer's disease,is an example of,diseases caused by oxidative stress
atherosclerosis,is,disease
atherosclerosis,caused by,oxidative stress
diabetes mellitus,is,disease
disease,caused by,oxidative stress
nonalcoholic fatty liver disease,is,disease
nonalcoholic fatty liver disease,caused by,oxidative stress
Alzheimer's disease,is a disease caused by,oxidative stress
diabetes and atherosclerosis,induced,oxidative stress
oxidative stress,was induced by,diabetes and atherosclerosis
increase in plasma ceramide concentration,was due to,diabetes and atherosclerosis
increase in plasma ceramide concentration,was due to,oxidative stress
diabetes and atherosclerosis,caused,oxidative stress
diabetes and atherosclerosis,was due to,increase in plasma ceramide concentration
diabetes and atherosclerosis,increased,plasma ceramide concentration
elevation of secretory sphingomyelinase activity,increased,plasma ceramide concentration
diabetes and atherosclerosis,due to,elevation of secretory sphingomyelinase activity
no use of antidepressants during the previous 2 years,was not associated with,risk of T2DM
recent exposure to AD_antaM(3),was associated with,moderately increased risk of T2DM
exposure to AD_antaM(3),was associated with,moderately increased risk of T2DM
diagnostic accuracy,is improving with,predictive analytics
predictive analytics,is improving with,artificial intelligence
artificial intelligence,is improving,predictive analytics
artificial intelligence,is improving,diagnostic accuracy
This,results in,limiting timely intervention
interactions,are not captured,limitations in diagnostic tools
interactions,are not captured,limitations of diagnostic tools
alternative splicing,has impact on,cellular life
impact of alternative splicing on cellular life,is still,unclear
alternative splicing,has,real impact on cellular life
real impact of alternative splicing on cellular life,is still,unclear
Type 2 Diabetes Mellitus,arises due to,interactions between the transcriptome
individual genetic profiles,due to,interactions
lifestyle,due to,interactions
diet,due to,interactions
"interactions between the transcriptome, individual genetic profiles, lifestyle, and diet",cause,Type 2 Diabetes Mellitus
individual genetic profiles,are due to,interactions
lifestyle,are due to,interactions
diet,are due to,interactions
transcriptome,interact with,individual genetic profiles
individual genetic profiles,interact with,lifestyle
individual genetic profiles,interact with,diet
interactions,are due to,"individual genetic profiles, lifestyle, and diet"
interactions,are due to,individual genetic profiles
interactions,are due to,lifestyle
interactions,are due to,diet
microRNAs,were differentially expressed in response to,consuming whole egg diets for 8 weeks
oxidative stress,contributes to,development of various types of diseases
inflammation,contributes to,development of various types of diseases
oxidative stress,contributes to,development of diabetes
inflammation,contributes to,development of diabetes
oxidative stress,contributes to,development of hypertension
inflammation,contributes to,development of hypertension
oxidative stress,contributes to,development of Alzheimer's disease
inflammation,contributes to,development of Alzheimer's disease
oxidative stress,contributes to,development of atherosclerosis diseases
inflammation,contributes to,development of atherosclerosis diseases
hypertension,contributes to,development of various types of diseases
Alzheimer's disease,contributes to,development of various types of diseases
Parkinson's disease,contributes to,development of various types of diseases
atherosclerosis diseases,contribute to,development of various types of diseases
diabetes,is a type of,disease
diabetes,contributes to the development of,various types of diseases
hypertension,is a type of,disease
hypertension,contributes to the development of,various types of diseases
oxidative damage,causes,apoptosis
oxidative stress,contribute to,various types of diseases
inflammation,contribute to,various types of diseases
observation,suggests that,exacerbated endocytic disturbance may underlie the acceleration of Aβ pathology due to DM
exacerbated endocytic disturbance,may underlie,acceleration of Aβ pathology
acceleration of Aβ pathology,due to,DM
acceleration of Aβ pathology,caused by,endocytic disturbance
acceleration of Aβ pathology,is caused by,DM and endocytic disturbance
acceleration of Aβ pathology,is caused by,DM due to endocytic disturbance
Aβ pathology,is accelerated by,DM
DM,due to,endocytic disturbance
DM,causes,acceleration of Aβ pathology
acceleration of Aβ pathology,due to,endocytic disturbance
acceleration of Aβ pathology,is caused by,DM
acceleration of Aβ pathology,is due to,DM
result,was consistent with,previous studies
result,was not,statistically significant
result,was,statistically significant
DED,is not associated with,T2DM risk
SGLT2i,were associated with,significantly lower odds of HF
SGLT2i,were associated with,HF exacerbation
SGLT2i,were associated with,peripheral artery disease
SGLT2i,were associated with,cardiac arrest
SGLT2i,were associated with,need for renal replacement therapy
SGLT2i,were associated with,emergency room visits/hospitalizations
SGLT2i,were associated with,all-cause mortality
SGLT2i,were associated with,atrial fibrillation/flutter
new-generation antidiabetic use,is associated with,risk of dementia
new-generation antidiabetic medication use,may be associated with,lower dementia risk in older adults with T2D
this large-scale study,suggest,that new-generation antidiabetic medication use may be associated with lower dementia risk in older adults with T2D
results of the study,were associated with,lower dementia risk in older adults with T2D
new-generation antidiabetic medication,is associated with,lower risk of dementia in older adults with T2D
use of new-generation antidiabetic medication,in,older adults with T2D
use of new-generation antidiabetic medication in older adults with T2D,is associated with,lower risk of dementia
the drug,was due to,the modulation of metabolism
experimentation,was done to investigate,effects of metformin on osteoclast differentiation
experimentation,included,MTT assay
experimentation,included,TRAP staining
experimentation,included,pit formation assay
experimentation,included,immunofluorescence
experimentation,included,western blotting
experimentation,included,real-time PCR
activation of mammalian targets of rapamycin,leads to,inhibition of autophagy
activation of mammalian targets of rapamycin,leads to,osteoclast differentiation
activation of mammalian targets of rapamycin,is caused by,activation of the adenosine monophosphate-activated protein kinase pathway
inhibition of osteoclast differentiation,is caused by,activation of mammalian targets of rapamycin
aberrations in insulin signaling,associated with,cognitive decline
aberrations in insulin signaling,associated with,T2DM
aberrations in insulin signaling,contribute to,cognitive decline
insulin signaling,contribute to,cognitive decline
aberrations in insulin signaling,are associated with,T2DM
aberrations in insulin signaling,related to,cognitive decline
aberrations in insulin signaling associated with T2DM,related to,cognitive decline
aberrations in insulin signaling associated with T2DM,are related to,cognitive decline
aberrations in insulin signaling associated with T2DM,contribute to,cognitive decline
aberrations in insulin signaling,are related to,cognitive decline
aberrations in insulin signaling,are related to,aberrations in insulin signaling associated with T2DM
disease T2DM,causes,neurodegeneration
T2DM,causes,nitrosative stress induced protein S-nitrosylation
neurodegeneration,is caused by,AD
AD,causes,adult hippocampal neurogenesis
adult hippocampal neurogenesis,is caused by,AD
T2DM,was associated with,possible aberrations in adult hippocampal neurogenesis
S-nitrosylation,contributes to,T2DM-associated neuronal deterioration
S-nitrosylation,leads to,neuronal deterioration in T2DM
T2DM,is associated with,neuronal deterioration
this,is,a viable and practical method
a viable and practical method,of improving,Poor Fitness Fatness Index
Poor Fitness Fatness Index,in,sedentary adults
Type 2 diabetes,associated with,neurodegenerative diseases
researchers,investigated,association between Type 2 diabetes and neurodegenerative diseases
researchers,determined,association between Type 2 diabetes and neurodegenerative diseases
researchers,aimed to investigate,association between Type 2 diabetes and neurodegenerative diseases
researchers,aimed to determine,association between Type 2 diabetes and neurodegenerative diseases
NDs,abbreviation for,neurodegenerative diseases
decline of protein degradation,results in,formation of oxidatively damaged and aggregated proteins
decline of protein degradation,during,aging
this,results in,failure of cellular functionality
decline,results in,formation of oxidatively damaged and aggregated proteins
aging,causes,decline of protein degradation
decline of protein degradation,is associated with,failure of cellular functionality
amyloidogenic aggregates,cause,the disease
disease,is caused by,amyloidogenic aggregates
amyloidogenic aggregates,are the cause of,the disease
Type 2 Diabetes,is caused by,amyloidogenic aggregates
impairing β-cell functionality,causes,the disease
amyloidogenic aggregates,cause,Type 2 Diabetes
these systems,influence,cellular fate
these systems,influence,aging
Type 2 diabetes,causes,several neurodegenerative disorders
Type 2 diabetes,causes,Alzheimer's disease
Type 2 diabetes,causes,Parkinson's disease
78 SNPs,associated with,AD Alzheimer's disease Europeans
78 SNPs,were associated with,AD Alzheimer's disease Europeans
78 SNPs,were conditional on,Type 2 diabetes
78 SNPs,were significant at,cFDR of less than 0.05
78 SNPs,conditional on,Type 2 diabetes
58 novel SNPs,were significant at,a cFDR of less than 0.05
"genes TP53INP1, TOMM40 and C8orf38",contribute to,etiology of both Alzheimer's disease and T2D
"genes TP53INP1, TOMM40 and C8orf38",contribute to,etiology of Alzheimer's disease
"genes TP53INP1, TOMM40 and C8orf38",contribute to,etiology of T2D
elevated cerebral copper,causes,neurodegeneration
elevated hippocampal copper,could contribute to,pathogenesis of cerebral neurodegeneration
cerebral neurodegeneration,contributes to,cognitive impairment in T2D
elevated brain copper,in,WD
elevated brain copper in WD,contributes to,pathogenesis of cerebral neurodegeneration and cognitive impairment
elevated hippocampal copper,contributes to,cognitive impairment
elevated hippocampal copper,contributes to,cerebral neurodegeneration
elevated hippocampal copper,contributes to,cognitive impairment in T2D
elevated hippocampal copper,could contribute to,cerebral neurodegeneration
elevated hippocampal copper,could contribute to,pathogenesis of cognitive impairment
elevated brain copper,could contribute to,pathogenesis of cognitive impairment
elevated brain copper,contributes to,cognitive impairment
elevated brain copper,contributes to,cerebral neurodegeneration
elevated brain copper in WD,could contribute to,cerebral neurodegeneration
elevated brain copper in WD,could contribute to,cognitive impairment in T2D
elevated brain copper,could contribute to,cerebral neurodegeneration in T2D
elevated brain copper in WD,could contribute to,cerebral neurodegeneration in T2D
elevated brain copper,contributes to,cerebral neurodegeneration and cognitive impairment
cerebral neurodegeneration and cognitive impairment,in,T2D
elevated brain copper,contributes to,pathogenesis of cognitive impairment
elevated brain copper in WD,could cause,cognitive impairment
researchers,discovered,new molecule
new molecule,inhibits,cancer cell growth
company's new product line,was launched to,great success
Linus Torvalds,created,Linux operating system
scientist,discovered,new species of butterfly
new species of butterfly,in,Amazon rainforest
data scientists,use,Python
data scientists,build,machine learning models
results,illustrate,impact of hydrophobic groups in water's hydrogen-bond network
hydrophobic groups,have an impact on,drug binding
hydrophilic groups,have an impact on,drug binding
challenges,are associated with,some inhibitors
age-related changes,have,significant impact on maintaining quality of life
diseases associated with aging,can be prevented,age-related changes
mechanisms,lead to,increased cortical atrophy
Type 2 diabetes,is associated with,increased risk of Alzheimer's disease
increased risk of Alzheimer's disease,is in,type 2 diabetes
increased risk of Alzheimer's disease,leads to,increased cortical atrophy
Type 2 diabetes,leads to,increased cortical atrophy
process of accumulating lipid droplets,is further associated with,aging
longevity interventions,lead to,strong accumulation of lipid droplets in Saccharomyces cerevisiae
longevity interventions,lead to,"accumulation of lipid droplets in Caenorhabditis elegans, Drosophila melanogaster, and mammalian cells"
aging process,is more complex,variety of different cell types and tissues
variety of different cell types and tissues,due to,aging process
lipid droplets,role of,more complex
role of lipid droplets,due to,variety of different cell types and tissues
lipid droplets,are involved in,aging process
aging process,due to,variety of different cell types and tissues
aging,associated with,Alzheimer's disease
aging,associated with,Parkinson's disease
aging,associated with,type II diabetes
aging,associated with,cardiovascular disease
long durations of sleep,are associated with,higher total cholesterol
long durations of sleep,are associated with,risk of type 2 diabetes
long durations of sleep,are associated with,risk of hypertension
inefficient sleep quality,is associated with,higher total cholesterol
inefficient sleep quality,is associated with,risk of type 2 diabetes
inefficient sleep quality,is associated with,risk of hypertension
Type 2 diabetes,associated with,elevated prevalence
dyslipidemia,associated with,elevated prevalence
hypertension,associated with,elevated prevalence
caregivers,are associated with,inefficient sleep quality
caregivers,are associated with,short/long sleep duration durations
inefficient sleep quality,associated with,type 2 diabetes
short/long sleep duration durations,associated with,type 2 diabetes
inefficient sleep quality,associated with,dyslipidemia
short/long sleep duration durations,associated with,dyslipidemia
inefficient sleep quality,associated with,hypertension
short/long sleep duration durations,associated with,hypertension
Type 2 diabetes,associated with,inefficient sleep quality or short/long sleep duration durations
dyslipidemia,associated with,inefficient sleep quality or short/long sleep duration durations
hypertension,associated with,inefficient sleep quality or short/long sleep duration durations
nighttime sleep duration,is not significantly associated with,prevalent type 2 diabetes
daytime naps,are not significantly associated with,prevalent type 2 diabetes
daytime naps,are not significantly associated with,hypertension
discovery of genes,associated with,polygenic diseases
discovery of genes associated with polygenic diseases,may be,limited
limitation,may be due to,overreliance on SNP-based genomic investigation
hrVI analysis,applied to,discovery of genes associated with type 2 diabetes mellitus (T2DM)
40 genes,associated with,T2DM
40 genes,discoverable only by,ancestry-specific analysis
identification of genes,associated with,polygenic diseases
identification of genes associated with polygenic diseases,is accelerated by,"function-based, ancestry-specific analysis of genetic variations"
identification of genes associated with polygenic diseases,can be accelerated by,function-based analysis of genetic variations
analysis of genetic variations,is,function-based
function-based analysis,accelerates,identification of genes associated with polygenic diseases
analysis of genetic variations,can accelerate,identification of genes associated with polygenic diseases
these diseases,are influenced by,environmental factors
these diseases,are influenced by,behavioral factors
T2DM,is,a disease
T2DM,is influenced by,environmental factors
T2DM,is influenced by,behavioral factors
environmental factors,influence,T2DM
behavioral factors,influence,T2DM
other diseases,are influenced by,environmental factors
other diseases,are influenced by,behavioral factors
T2DM,is an example of,disease
disease,is greatly influenced by,environmental and behavioral factors
progression of neurodegenerative diseases,is critical for,impact
progression of neurodegenerative diseases,particularly,Alzheimer's disease and Parkinson's disease
neurodegenerative diseases,are particularly,those diseases which impact the function and survival of neurons
changes in mitochondria,impact,function of neurons
changes in mitochondria,impact,survival of neurons
progression of neurodegenerative diseases,is critical for,impact of changes in mitochondria
neurodegenerative diseases,particularly includes,Alzheimer's disease
neurodegenerative diseases,particularly includes,Parkinson's disease
neurodegenerative diseases,progression of,Alzheimer's disease
neurodegenerative diseases,progression of,Parkinson's disease
changes in mitochondria,impact,function and survival of neurons
changes in mitochondria,impact,function and survival
ROS production,lead to,prevention of neuronal cell death
inflammation,lead to,prevention of neuronal cell death
brain regions,negatively regulate,ROS production
brain regions,negatively regulate,inflammation
negatively regulating brain regions,lead to,prevention of neuronal cell death
brain regions,regulate,ROS production
brain regions,regulate,inflammation
regulation of ROS production and inflammation,lead to,prevention of neuronal cell death
ROS production,is associated with,these diseases
Alzheimer's disease,is a condition due to which,semaglutide therapy
semaglutide therapy,is being considered as,therapeutic strategy
therapy,is used,anti-neuroinflammatory effects
semaglutide therapy,has potential,polycystic ovary syndrome treatment
semaglutide therapy,has potential due to,anti-neuroinflammatory effects
Alzheimer's disease,is treated with,semaglutide therapy
semaglutide therapy,due to,its anti-neuroinflammatory effects
semaglutide therapy,has potential,Alzheimer's disease
semaglutide therapy,being used in,Alzheimer's disease
semaglutide therapy,has potential in,polycystic ovary syndrome
semaglutide therapy,is used to treat,polycystic ovary syndrome
semaglutide therapy,has potential in,Alzheimer's disease
semaglutide therapy,due to,anti-neuroinflammatory effects
Semaglutide therapy,is associated with,adverse effects
adverse effects,are,concerning
anti-psychotics,are associated with,weight gain
interactions,include,those used with anti-psychotics
interactions,include,those due to anti-psychotics associated weight gain
weight gain,associated with,anti-psychotics
use of anti-psychotics,is due to,weight gain
semaglutide therapy,include,interactions to consider
interactions to consider,with,anti-psychotics
anti-psychotics,associated with,weight gain
the signaling pathway network for Bmal1,in,aging-related diseases
the establishment of the signaling pathway network for Bmal1 in aging-related diseases,will lead to,advances in the comprehension of the molecular and cellular mechanisms
Type 2 diabetes mellitus,has,significant impact
ratio of (α + β)/(δ + θ),was associated with,cognitive function
association,was,domain- and diagnosis-specific manner
diseases,are caused by,current lifestyle
diseases,are caused by,aging
diseases,are caused by,genetic alterations
phytochemicals,may reduce the risk of,Diabetes Mellitus
GRK2,regulates,signaling associated with endothelial function
imbalance of GRK2 expression and activity,causes,IIR-related diseases
Ex-4,has a beneficial impact on,the brain
Ex-4,has a positive impact on,the brain
we,investigated,predictive value of morning blood pressure surge
predictive value of morning blood pressure surge,was investigated on,development of microalbuminuria
morning blood pressure surge,predictive value of,development of microalbuminuria
adults with type 2 diabetes,have,normal blood pressure
morning blood pressure surge,investigated the,predictive value
morning blood pressure surge,on the,microalbuminuria development
adults with type 2 diabetes,with,normal blood pressure
morning blood pressure surge,has predictive value on,development of microalbuminuria
adults,have,type 2 diabetes
adults,have,normal blood pressure
transcriptome predictive model,using,analyses
our model,is predictive of,the transcriptome
model,is,predictive
model,is predictive of,transcriptome
amyloids,are highly associated with,complex human diseases
amyloidosis of proteins,may be caused by,some specific regions of amino acid sequences
"position, order, and correlation of amino acids",may influence,amyloidosis of proteins
amino acids,influence,amyloidosis of proteins
amyloidosis of proteins,should be considered in,detecting amyloidogenic regions
amyloidosis of proteins,may be influenced by,"position, order, and correlation of amino acids"
"position, order, and correlation of amino acids",may also influence,amyloidosis of proteins
amyloidosis of proteins,may also be influenced by,"position, order, and correlation of amino acids"
amyloidogenic regions,should be considered in,detecting the amyloidosis of proteins
amyloidogenic regions,may also influence,the amyloidosis of proteins
haplotype,was associated with,Alzheimer's disease
this study,provides evidence that,variations in the SORCS1 gene influence susceptibility to sporadic Alzheimer's disease in southern Han Chinese
variations in the SORCS1 gene,influence,susceptibility to sporadic Alzheimer's disease
disease,is susceptible to,variations in the SORCS1 gene
this study,is the study that provides evidence that,variations in the SORCS1 gene influence susceptibility to sporadic Alzheimer's disease in southern Han Chinese
aspartame's ability to induce oxidative stress,led to,recommendation of a daily maximum dose of 40 to 60 mg per kg
recommendation,was due to,uncertainties regarding aspartame's ability to induce oxidative stress
aspartame's ability to induce oxidative stress,has led to,recommendation of a daily maximum dose of 40 to 60 mg per kg
oxidative stress,was associated with,mitochondrial damage
increase in APF fluorescence,was associated with,"gene expression of SOD1/2, PINK1, and FIS1"
mitochondrial damage,was associated with,oxidative stress
treatment,resulted in,oxidative stress
treatment,resulted in,elevated oxidative stress
elevated oxidative stress,associated with,mitochondrial damage
treatment,led to,significant increase
factors,associated with,presence of albuminuria
conditions,were,"albuminuria, GFR < 60 mL/min/1.73 m(2)"
higher systolic blood pressure levels,were associated with,albuminuria
4% increased risk of albuminuria,was associated with,each 5 mmHg increase in systolic blood pressure
4% increased risk of albuminuria,associated with,each 5 mmHg increase in systolic blood pressure
T2D-associated genes,were associated with,T2D treatment
T2D-associated genes,are associated with,T2D treatment
two diseases,were associated with,tissues
injury,is a major cause of,long-term disability
injury,is a major cause of,mortality
traumatic brain injury,can cause,short-term issues
traumatic brain injury,can lead to,long-term neurodegenerative disorders
traumatic brain injury,can result in,long-term neurodegenerative disorders
traumatic brain injury,can lead to,development of long-term neurodegenerative disorders
traumatic brain injury,can cause,development of long-term neurodegenerative disorders
611 patients,with,Chronic Kidney Disease stage 3a
611 patients,excluded from,follow up
611 patients,were excluded from,follow up
611 patients,had,Chronic Kidney Disease stage 3a
611 patients,had no,uACR available in 2015
CKD3aA3,is most strongly associated with,Chronic Kidney Disease progression to Chronic Kidney Disease 5
CKD3aA3,is associated with,heart failure
CKD3aA3,is associated with,hypertension
CKD3aA3,is associated with,retinopathy
CKD3aA1,is associated with,Chronic Kidney Disease at 5 years post diagnosis
CKD3aA2,is associated with,Chronic Kidney Disease
Chronic Kidney Disease,at,5 years post diagnosis
comparison,is needed,emerging data
identification of common genes,associated with,Alzheimer's disease
identification of common genes,associated with,type 2 diabetes mellitus
identification of common genes,holds promise for,potential biomarkers
levels of PIP4K2A,were associated with,cytosolic transport
levels of PIP4K2A,were associated with,vesicle-mediated transport
levels of PIP4K2A,were associated with,negative regulation of autophagosome assembly
lixisenatide injection,led to,decrease in caloric intake
lixisenatide,caused,decrease in caloric intake
decrease in caloric intake,in,individuals with T2DM
Diabetes mellitus,has been associated with,Alzheimer's disease
Alzheimer's disease,has been associated with,diabetes mellitus
diabetes mellitus,was associated with,increased risk of AD
female gender,was associated with,increased risk of AD
hypertension,was independently associated with,increased risk of AD
previous stroke history,was associated with,increased risk of AD
urbanization status,was associated with,increased risk of AD
several diseases,are caused by,this imbalance
onset of several diseases,is closely associated with,this imbalance
progression of several diseases,is closely associated with,this imbalance
imbalance,is associated with,prolonged inflammation
imbalance,is associated with,disruptions in the host immune response
onset of several diseases,is associated with,prolonged inflammation
onset of several diseases,is associated with,disruptions in the host immune response
progression of several diseases,is associated with,disruptions in the host immune response
this review,aims to explore,how oral microbiota influences specific health outcomes in older individuals
oral microbiota,influences,Alzheimer's disease
oral microbiota,influences,type 2 diabetes mellitus
oral microbiota,influences,atherosclerotic cardiovascular disease
oral microbiota,has an impact on,health outcomes
older individuals,are influenced by,health outcomes
oral microbiota,influences,health outcomes
health outcomes,are influenced by,oral microbiota
oral microbiota,impacts,health outcomes
drugs prescribed,for,systemic disease
drugs prescribed,impact,oral microbiome
proper oral health care,emphasizing,key strategy for promoting the general health of older adults
understanding of how drugs prescribed for systemic disease impact the oral microbiome,instilling,key strategy for promoting the general health of older adults
Cardiovascular remodeling,can result in,a variety of complications
Diabetes,induces,considerable increase in aortic stiffness
Diabetes,is known to cause,cardiovascular remodeling
diabetes,results in,considerable increase in aortic stiffness
Diabetes,causes,variety of complications
diabetes,causes,aortic stiffness
Magnesium (Mg(2+)) deficiency,causes,many human diseases
Alzheimer's disease,is caused by,magnesium (Mg(2+)) deficiency
cardiac arrhythmias,are caused by,magnesium (Mg(2+)) deficiency
genetic ablation of TRPM6 TRPM7,results in,early embryonic lethality
genetic ablation of TRPM6 TRPM7,causes,early embryonic death
these channels,play,important role in embryonic development
RF Radiofrequency renal denervation,is associated with,uncontrolled hypertension
RF Radiofrequency renal denervation with uncontrolled hypertension,is associated with,risk of cardiovascular outcomes
RF Radiofrequency renal denervation,with,elevated nighttime blood pressure
RF Radiofrequency renal denervation with elevated nighttime blood pressure,is associated with,risk of cardiovascular outcomes
these patients,associated with,risk of cardiovascular outcomes
radiofrequency renal denervation,with,uncontrolled hypertension
radiofrequency renal denervation with uncontrolled hypertension,is associated with,risk of cardiovascular outcomes
radiofrequency renal denervation,with,elevated nighttime blood pressure
radiofrequency renal denervation with elevated nighttime blood pressure,is associated with,risk of cardiovascular outcomes
these patients,are associated with,risk of cardiovascular outcomes
oxidative stress generation,results in,proliferative reactions
oxidative stress generation,results in,inflammatory reactions
oxidative stress generation,results in,thrombotic reactions
oxidative stress generation,results in,fibrotic reactions
glycogen synthase kinase-3ß,may contribute to,DM-caused cognitive dysfunction
glycogen synthase kinase-3ß,via,inhibition of neural cell apoptosis
DM-caused cognitive dysfunction,may be caused by,inhibition of neural cell apoptosis
inhibition of neural cell apoptosis,contributes to,DM-caused cognitive dysfunction
Type 2 diabetes,is associated with,Alzheimer disease
Alzheimer disease,is associated with,type 2 diabetes
variations within the IDE/HHEX gene region,may be associated with,risk of type 2 diabetes
variations within the IDE/HHEX gene region,may be associated with,risk of Alzheimer disease
Type 2 diabetes,associated with,variations within the IDE/HHEX gene region
Alzheimer disease,associated with,variations within the IDE/HHEX gene region
IDE/HHEX gene region,is associated with,risk of type 2 diabetes
IDE/HHEX gene region,is associated with,Alzheimer disease
Type 2 diabetes,are associated with,variations within the IDE/HHEX gene region
Alzheimer disease,are associated with,variations within the IDE/HHEX gene region
type 2 diabetes,are associated with,variations within the IDE/HHEX gene region
variant in the HHEX_23 gene,interacts with,diabetes
variant in the HHEX_23 gene,is associated with,substantially increased risk of dementia and AD
variant,is associated with,structural brain changes
variant,is associated with,dementia
variant,is associated with,AD
cells,associated with,degenerative changes
cells,are lost due to,degenerative changes
Amylin1-37-Aβ1-42 plaques,promote,aggregation
Amylin1-37-Aβ1-42 plaques,contribute to,etiology of Alzheimer's disease
co-localization,promotes,aggregation
co-localization,contributes to,etiology of Alzheimer's disease
age-related diseases,need,countermeasures
short telomeres,cause,metabolic imbalance
mitochondrial damages,cause,metabolic imbalance
age-related diseases,are caused by,metabolic imbalance
age-related diseases,are caused by,mitochondrial damages
age-related diseases,are associated with,short telomeres
age-related diseases,are associated with,mitochondrial damages
short telomeres,contribute to,age-related diseases
mitochondrial damages,contribute to,age-related diseases
Mitochondrial damages,contribute to,age-related diseases
mitochondrial dysfunction,will cause,mitochondrial metabolic disorders
mitochondrial metabolic disorders,are associated with,enhanced cellular apoptosis
mitochondrial dysfunction,causes,decreased ATP production
mitochondrial dysfunction,causes,enhanced cellular apoptosis
mitochondrial metabolic disorders,are caused by,mitochondrial dysfunction
mitochondrial dysfunction,is a cause of,mitochondrial metabolic disorders
mitochondrial dysfunction,results in,mitochondrial metabolic disorders
mitochondrial dysfunction,causes,mitochondrial metabolic disorders
mitochondrial dysfunction,is the cause of,mitochondrial metabolic disorders
this work,would lead to,effective utilization of resources
work,aims to lead to,effective utilization of resources
disorders,associated with,air pollution
disorders,associated with,pesticides
disorders,are associated with,shared environmental risk factors
Alzheimer's disease,share pathogenic pathways with,AD
Alzheimer's disease,is associated with,AD
Alzheimer's disease,have a common underlying cause with,AD
pathogenic pathways,may be caused by,environmental risk factors
risk alleles for type 2 diabetes mellitus,are a risk for,transplant recipients
increased age,was associated with,new-onset diabetes after transplantation
triglyceridemia,was associated with,new-onset diabetes after transplantation
genetic predisposition,was suggested by,positive predictive trends of known type 2 diabetes mellitus genetic polymorphisms
positive predictive trends of known type 2 diabetes mellitus genetic polymorphisms,with,new-onset diabetes after transplantation
polymorphisms,were associated with,new-onset diabetes after transplantation
changes,were due to,Pioglitazone
changes in two neural circuits,were due to,Pioglitazone
connectivity in two neural circuits,was due to,"daily, oral dosing with low-dose Pioglitazone"
CKD,requires,annual screening
annual screening,diagnose,complication of T2D
annual screening,to be diagnosed,CKD
CKD,is a complication of,type 2 diabetes
CKD,is often,asymptomatic
annual screening,to be,diagnosed
CKD,requires,annual screening to be diagnosed
CKD,requires,annual screening to diagnose it
CKD,is often asymptomatic and,requires annual screening to diagnose it
CKD,is,often asymptomatic
disease,is,underrecognized cause of recurrent pneumonia
underrecognized cause of recurrent pneumonia,in,elderly patients
pneumonia,is caused by,gastroesophageal reflux disease
circulating miRNAs,are associated with,CVD
circulating miRNAs,are associated with,T2DM
circulating miRNAs,are associated with,AD
circulating miRNAs,are associated with,RA
circulating miRNAs,are associated with,cancers
amyloids,are associated with,Alzheimer's disease
amyloids,are associated with,type II diabetes
Amyloids,are associated with,cancer
amyloids,are associated with,certain viral infections
these advances,have not yet led to,a solution
molecular cause,remains,these conditions in humans
these conditions in humans,remains,elusive
determining the molecular cause,has remained,these conditions in humans
determining the molecular cause,has remained,elusive
protein folding and solution biophysics techniques,had,significant advances
molecular cause of these conditions in humans,remains,elusive
recent discoveries,due to,this
researchers,focus on,protein oligomers
researchers,focusing on,protein oligomers
loss of function by deletion,would result in,insulin resistance
loss of function by aggregation,would result in,insulin resistance
any loss of function by deletion or aggregation,would result in,insulin resistance
therefore,is,a conjunctive adverb
estimate,and,test
estimate and test,a,causal network of total effects among multiple traits
it,is associated with,insulin resistance
neurodegeneration in Alzheimer's disease,has been associated with,disruption of insulin signaling cascade in neurons
This,is associated with,insulin resistance
process of neurodegeneration,has been associated with,Alzheimer's disease
disruption of insulin signaling cascade,in,neurons
process of neurodegeneration,in,Alzheimer's disease
process of neurodegeneration in Alzheimer's disease,has been associated with,disruption of insulin signaling cascade in neurons
Alzheimer's disease,is associated with,brain insulin resistance
Alzheimer's disease,is associated with,insulin deficiency
Type 2 diabetes mellitus,is associated with,peripheral insulin resistance
type 2 diabetes mellitus,is associated with,peripheral insulin resistance
these effects,were associated with,significantly increased levels of tau
elevated tau pathology,is associated with,risk for dementia
treated diabetes,is not associated with,risk for dementia
Insulin,influences,differentiation
higher Homeostatic Model Assessment of Insulin Resistance,was associated with,poorer performance on measures of verbal episodic memory
executive function,was associated with,poorer performance
global cognition,was associated with,poorer performance
higher CSF T-tau levels,were associated with,poorer performance
it,is associated with,risk for type 2 diabetes mellitus
lack of effective treatment,is due to,it
impaired insulin signaling,is associated with,metabolic dysregulation
deleting insulin-like growth factor 1 receptor (IGF-1R),contributes to,behavior changes
several factors,may have impacted,trial outcomes
the most recent clinical trial,involving,intranasal insulin
the most recent clinical trial involving intranasal insulin,reported,no slowing of cognitive decline
most recent clinical trial,involving,intranasal insulin
most recent clinical trial involving intranasal insulin,reported,no slowing of cognitive decline
their influence,on,dementia in PD
dementia in PD,is,underexplored
elevated HbA1c,was associated with,poorer cognitive performance
this,was associated with,increased risk of Parkinson's disease dementia
HbA1c ≥ 7%,predicted,cognitive impairment
Type 2 diabetes mellitus,shares similar features with,"Alzheimer's disease, obesity"
high-fat diet,plus,streptozotocin mouse type 2 diabetes mellitus
streptozotocin mouse type 2 diabetes mellitus,is,T2DM
high-fat diet plus streptozotocin mouse type 2 diabetes mellitus,was used in,study
high-fat diet plus streptozotocin mouse,model,type 2 diabetes mellitus of T2DM
cognitive dysfunction,caused by,isoflurane
cognitive dysfunction caused by isoflurane,was observed in,wild type mice
Apolipoprotein E epsilon 4,has impacts on,cognition
Apolipoprotein E epsilon 4,has impacts on,olfaction
B of -20.775,was associated with,p of 0.009
it,was associated with,levels of Aβ1-40
cerebrospinal fluid/serum albumin ratio,was positively associated with,presence of T2DM
it,was associated with,levels of glycosylated hemoglobin
B of 1.163,was associated with,p less than 0.001
it,was associated with,fasting blood glucose
cerebrospinal fluid/serum albumin ratio,was negatively associated with,levels of Aβ1-42
B of -305.417,was associated with,p of 0.005
it,was associated with,B of 1.163
it,was associated with,p less than 0.001
insulin signaling,expression of,brain
AD-related signaling pathway proteins,expression of,brain
other signaling pathway proteins,expression of,brain
"insulin signaling, AD-related, and other signaling pathway proteins",were examined in,brain
Type 2 diabetes polygenic score,did not predict,Alzheimer disease
insulin sensitivity polygenic score,predicted,higher Alzheimer disease risk
amyloid-β-peptide,is associated with,formation of reactive oxygen (ROS) species
amyloid-β-peptide,alters,synaptic functions
synaptic functions,associated with,learning and memory
our study,did not detect any,causal connections
various causes,of,insulin resistance
IDE deficiency,resulted in,a >50% decrease
impaired glucose metabolism,were associated with,higher tau biomarkers
DM status,were associated with,higher tau biomarkers
impaired glucose metabolism,were associated with,lower amyloid-β biomarkers
DM status,were associated with,lower amyloid-β biomarkers
impaired glucose metabolism,were associated with,memory clinic settings
DM status,were associated with,memory clinic settings
studies with a higher prevalence of dementia,associated with,lower amyloid-β biomarkers
more impaired glucose metabolism,associated with,lower amyloid-β biomarkers
DM status,associated with,lower amyloid-β biomarkers
lower cognitive scores,associated with,more impaired glucose metabolism
lower cognitive scores,associated with,DM status
studies with lower cognitive scores,associated with,lower amyloid-β biomarkers
higher prevalence of dementia,associated with,lower amyloid-β biomarkers
lower cognitive scores,associated with,lower amyloid-β biomarkers
impaired glucose metabolism,associated with,lower amyloid-β biomarkers
it,has been associated with,cognitive decline during aging
it,has been associated with,dementia
it,is emerging as,potentially important feature of related dementias
corneal surgeries,results in more frequent,affected individuals
glaucoma surgeries,results in more frequent,affected individuals
Diabetes,results in,metabolic perturbations
diabetes,results in,proteomic perturbations
diabetes,results in,metabolic perturbations
Diabetes,results in,metabolic and proteomic perturbations
high number of bacteria,can lead to,periodontal disease
Empagliflozin,are,SGLT2 inhibitors
Dapagliflozin,are,SGLT2 inhibitors
Dementia,is,serious health issue
acipimox,caused,further decrease in the euglycemic hyperinsulinemic clamp
acipimox,caused,decrease in the fasting plasma FFA concentration of 20 mg/dL
acipimox,caused,significant decrease in fasting plasma FFA concentration of 20 mg/dL
acipimox,caused,significant decrease in the fasting plasma FFA concentration
Acipimox,caused,decrease in the fasting plasma FFA concentration
these changes,impact of,disease progression
these changes,impact of,response to treatment
impact of these changes,on,remains unclear
these changes,impact on,disease progression
these changes,impact on,response to treatment
impact of these changes,remains,unclear
potential impact of these changes,on,disease progression
potential impact of these changes,on,response to treatment
response to treatment,remains,unclear
risk factors,include,both
it,decreases,behavioral deficits associated with HFHC diet
Type 2 diabetes mellitus,is associated with,increasing age
Type 2 diabetes mellitus,increases the risk of development of,Alzheimer's disease
Alzheimer's disease,increases the risk of development of,Type 2 diabetes mellitus
repurposing of diabetes drugs,led to,clinical trials with intranasal insulin
type-2 diabetes,is associated with,increased risk of dementia
underlying mechanism,might involve,abnormal insulin signaling in the brain
Type-2 diabetes,is associated with,increased risk of dementia
AKT phosphorylation,is associated with,decline in memory
vitamin D supplementation,is,promising strategy with long-term preventive effects on multiple chronic diseases
vitamin D supplementation,is a promising strategy with long-term preventive effects on,multiple chronic diseases
vitamin D supplementation,is,promising strategy
vitamin D supplementation,has,long-term preventive effects on multiple chronic diseases
vitamin D supplementation,is a,promising strategy
vitamin D supplementation,has,long-term preventive effects
long-term preventive effects,on,multiple chronic diseases
predictive models of future disease onset,are crucial for,effective preventive healthcare
predictive models of future disease onset,are,accurate
diabetes,increases,risk for cognitive decline
subgroup analysis of AIS,revealed,negative causal effect
Genetically predicted Appendicular lean mass,has a negative causal effect on,LAS or SVS
This,induced,"aberrant regulation of proteins associated with autophagy, inflammation, and glucose uptake from the periphery"
oxidative stress,caused by,metabolic alterations in the body
metabolic alterations in the body,induce,brain metabolic alterations
multifactorial adjusted hazard ratios,were,1.48 for all-cause dementia
multifactorial adjusted hazard ratios,were,all-cause dementia
low levels of Testosterone,may cause,gout
low levels of Testosterone,may cause,T2D
higher than normal levels of Testosterone,may result in,RA and depression
Higher than normal levels of Testosterone,may result in,RA and depression
nerve damage,caused by,intracellular neurofibrillary tangles
Alzheimer's disease,linked to,impairments of insulin signaling in the brain
increasing popularity of social media platforms,has led to,significant rise in the number of users who experience cyberbullying
smoking,causes,lung cancer
exposure to secondhand smoke,is,another cause
evidence from clinical trials,is mixed in supporting,causal association between type-2-diabetes and cognitive impairment
evidence from clinical trials,is,mixed
evidence from clinical trials,supporting,causal association between type-2-diabetes and cognitive impairment
EG,received,dapagliflozin
EG,underwent,cognitive behavior training
Dapagliflozin,was given to,EG
IDE,are associated with,executive function levels in older adults
it,is associated with,executive function levels in older adults
T2D,are associated with,executive function levels in older adults
diabetes,can cause,multiple complications
multiple complications,have,negative impact on the whole organism
Diabetes,can cause,multiple complications
diabetes,occurs,diabetes
they,are associated with,diabetes
it,increases,risk of cognitive impairment in the elderly
coffee,is inversely associated with,depression
anorexia nervosa,is associated with,significant genetic correlations
major depressive disorder,is associated with,significant genetic correlations
schizophrenia,is associated with,significant genetic correlations
type 2 diabetes mellitus,increases the risk of,sporadic Alzheimer's disease (sAD)
it,is associated with,hippocampus long-term cognitive impairment
this condition,is associated with,hippocampus long-term cognitive impairment
hyperglycemia,due to,relative low insulin levels
hyperglycemia due to relative low insulin levels,is common in,extremely preterm infants
environmental factors,are associated with,human longevity
higher comparative height size at 10,was negatively associated with,longevity
maintaining stable glycemic levels,may reduce,risk of cognitive decline
maintaining stable glycemic levels,among,individuals with or without T2DM
It,can be used to treat,T2DM
most clinical trials,targeting,Alzheimer's disease neuropathology
most clinical trials,have not found,a cure
most clinical trials,have,failed
Metabolomic age models,were associated with,C-reactive protein
metabolomic model scores,predicted,mortality
hazard ratios of 1.01 to 1.06,predicted,metabolomic age year
hazard ratios of 1.01 to 1.06/metabolomic age year,predicted,CVD
adjustment for CA,for,hazard ratios of 1.01 to 1.06/metabolomic age year
hazard ratios of 1.01 to 1.06/metabolomic age year,predicted,mortality and CVD
hazard ratios of 1.01 to 1.06/metabolomic age year,after adjustment for,CA
adjustment for CA,after,hazard ratios of 1.01 to 1.06/metabolomic age year predicted mortality and CVD
hyperlipidemia,is primarily associated with,AD dementia risk
they,may also result in,currently studied epigenetic phenomena
they,may result in,currently studied epigenetic phenomena
they,may also result in,neuroinflammation
they,may result in,neuroinflammation
genetically predicted Atrial fibrillation,was associated with,heart failure
genetically predicted Atrial fibrillation,no association of,Ischemic heart disease Type 2 diabetes and mellitus
3207 patients,developed,all-cause dementia
BIR,contributes to,cognitive impairment
type 2 diabetes,is associated with,cognitive impairment
products of adipose tissue metabolism,may include,they
they,are associated with,insulin resistance
they,are associated with,diabetes mellitus
cellular metabolism disorders,are associated with,insulin resistance
this,is associated with,diabetes mellitus
Diabetes mellitus,is associated with,something
diabetes mellitus,is associated with,cellular metabolism disorders
cellular metabolism disorders,are associated with,diabetes mellitus
"consumption of a high-fat, high-cholesterol diet",is associated with,inflammation
"consumption of a high-fat, high-cholesterol diet",is associated with,atherosclerosis
"consumption of a high-fat, high-cholesterol diet",is associated with,diabetic metabolic phenotype
Stat4 activity,is associated with,inflammation
Stat4 activity,is associated with,atherosclerosis
Stat4 activity,is associated with,diabetic metabolic phenotype
transgenic animals,it has been shown to cause,potentiation of indices that are pre-symptomatic of Alzheimer's disease
midlife insulin resistance,predicted,poorer executive functions
it,predicted,slower processing speed
it,did not predict,cerebrovascular lesions
it,is associated with,increased risk of infarcts
it,is associated with,small vessel disease in the brain
it,is associated with,small vessel disease in other organs
study,investigated,influence of age
study,investigated,influence of sex
increasing T2DM populations,may develop into,Alzheimer's disease
identifying who among the increasing T2DM populations may develop into Alzheimer's disease,is important for,early intervention
late-onset Alzheimer disease genetic risk score,was associated with,LOAD
LOAD,was associated with,hypertension
LOAD,associated with,hypertension
hypertension,was not associated with,late-onset Alzheimer disease
late-onset Alzheimer disease of stroke,increased the risk of,late-onset Alzheimer disease
it,was associated with,larger total brain volumes
it,was associated with,P value of 2.4 × 10(-11)
it,was associated with,P value of 9.0 × 10(-8)
it,was associated with,P value of 9.7 × 10(-4)
it,is caused by,the microbiome
glucose fluctuations,were independently associated with,sarcopenia
glucose fluctuations,were associated with,sarcopenia
it,associated with,glycated hemoglobin A1c (HbA1c) levels
it,associated with,other factors
May,have been associated with,brain function in high-risk populations
H-magnetic resonance spectroscopy,was used for,specific metabolites
Glial NF-κB immunoreaction in the hippocampal region,was significantly higher in,diabetic Wistar rats
Glial NF-κB immunoreaction in the hippocampal region,was significantly higher compared with,normal control Wistar rats
higher depressive symptoms,predicted,lower adherence at the subsequent 6-month visit
diabetes distress,predicted,lower adherence
diabetes distress at one visit,predicted,lower adherence at the subsequent 6-month visit
greater amyloid burden,was associated with,greater increases in functional difficulties
CAA,contributes to,AD pathology
CAA,limits,perivascular drainage of Aβ
oligemia,occurred before,clinical manifestation
oligemia,due to,altered glycemic control
AD risk,increases due to,type 2 diabetes (T2D)
it,resulted in,trichloroacetic acid soluble fragments
it,significantly increases the risk of,AD development
Type 2 Diabetes mellitus,significantly increases the risk of,AD development
it,increases,risk of AD development
risk of AD development,is,significant
it,increases significantly,risk of AD development
it,significantly,increases risk of AD development
epidemiological studies,show that,sugar consumption is associated with body weight gain
Alzheimer's disease diabetes treatment,is associated with,lower brain Aβ
they,are associated with,impaired cognitive function
disease's rapid progression,leads to,significant loss of cognitive abilities
diseases,are considered,protein misfolding disorders
protein misfolding disorders,associated with,accumulation of protein aggregates
plasma clusterin,was associated with,MCI
protective response,in,T2DM patients
climate change,has impact on,extreme weather events
extreme weather events,include,hurricanes
extreme weather events,include,wildfires
extreme weather events,include,droughts
extreme weather events,have,increased frequency
extreme weather events,have,increased severity
rats,were given,streptozotocin dose of 35 mg/kg
study,followed,these events
rats,were,healthy
rats,before,these events
global economy,has experienced,significant fluctuations
significant fluctuations,due to,various factors
it,is associated with,T2D
risk factors,found in,Polycystic ovary syndrome
risk factors,associated with,increased risk of Alzheimer's disease
partial recovery,resulted in,learning disabilities
partial recovery,resulted in,memory disabilities
central impact of caffeine,has not been well-studied,context of a high-fat diet
creation of intelligent machines,will have,profound impact on the future of humanity
tricarboxylic acid cycle,is closely associated with,type 2 diabetes mellitus
tricarboxylic acid cycle,is closely associated with,insulin resistance
All-cause dementia,was detected in,8.31%
female sex,was,protective factor for IHM in patients with all-cause dementia
Female sex,is a protective factor for,IHM
mechanistic aspects of the impact of diet,on,gut-microbiota
elucidation of the mechanistic aspects of the impact of diet on gut-microbiota,has been given,special emphasis
Type 2 diabetes,is associated with,high morbidity and mortality
Type 2 diabetes,may increase the risk of,amnestic mild cognitive impairment (aMCI)
amnestic mild cognitive impairment (aMCI),through,Alzheimer's disease (AD)-related pathology
amnestic mild cognitive impairment (aMCI),through,vascular pathology
it,increases,risk of amnestic mild cognitive impairment (aMCI)
risk of amnestic mild cognitive impairment (aMCI),through,Alzheimer's disease (AD)-related pathology
risk of amnestic mild cognitive impairment (aMCI),through,vascular pathology
Type 2 diabetes,was associated with,MCI
it,was associated with,aMCI
diabetes,was associated with,multiple-domain aMCI
diabetes,was associated with,men
diabetes,was associated with,elevated risk of multiple domain naMCI in men
diabetes,was associated with,single domain naMCI
single domain naMCI,in,women
failure of hepatic regulatory mechanisms,leads to,insulin resistance
it,leads to,hyperglycemia
it,leads to,lipid accumulation
insulin resistance,is associated with,increased circulating hIAPP
higher PPi values,are positively associated with,WMH burden
higher PPi values,are not associated with,WMH burden
higher PPi values,are not associated with,non-diabetic counterparts
higher PPi values,are not associated with,CU counterparts
higher PPi values,are associated with,WMH burden in diabetic older adults with MCI
WMH burden,in,diabetic older adults with MCI
higher PPi values,are not associated with,WMH burden in non-diabetic or CU counterparts
low testosterone levels,contributing to,increased risk of T2DM and AD
hypoglycemia,is associated with,severe morbidity and mortality
mild hypoglycemia,can cause,troubling symptoms
diabetes mellitus,was associated with,increased likelihood of developing Alzheimer's disease
older age,was associated with,increased likelihood of developing Alzheimer's disease
depression,increase the risk of,dementia
diabetes mellitus,increase the risk of,dementia
treated dyslipidemia,has been shown to reduce,risk of dementia
statin use,was associated with,reduced risks of VaD
hippocampus,is closely associated with,memory and learning
decrease in hippocampal volume,is associated with,insulin-resistant phenotype in T2DM patients without dementia
Furthermore,is,transition word
decrease in hippocampal volume,is reportedly associated with,insulin-resistant phenotype in T2DM patients without dementia
decrease in hippocampal volume,is associated with,insulin-resistant phenotype
insulin-resistant phenotype,in,T2DM patients without dementia
genetic mutations,associated with,breast cancer
genetic mutations,can be inherited from,parent
cancer research,has led to,significant advances in the understanding of cancer biology
Alzheimer's disease,is a common cause of,cognitive decline among older adults
hepatic glutathione peroxidase activity,remained,unchanged
"deeper, mechanistic understanding",of,cellular impact of altered iron metabolism
cellular impact of altered iron metabolism,is,still lacking
"deeper, mechanistic understanding",is still,lacking
APOE*E2 protective variant,have,positive impact on epigenetic aging
PCSK9 protective variant,have,positive impact on epigenetic aging
essential hypertension,complete recovery of,there
Takeda G protein-coupled receptor 5 (TGR5),activation by,"its agonist INT-777 (1.5 or 3.0 μg/mouse, ICV injection)"
"activation of Takeda G protein-coupled receptor 5 (TGR5) by its agonist INT-777 (1.5 or 3.0 μg/mouse, ICV injection)",ameliorated,spatial memory impairment in the Y-maze tests
prevention and control of type 2 diabetes mellitus DM,may reduce,risk of Alzheimer's disease
prevention and control of type 2 diabetes mellitus DM,may reduce the risk of,Alzheimer's disease later in life
improving type 2 DM,can delay or prevent the development of,Alzheimer's disease
prevention and control of type 2 diabetes mellitus DM,may reduce the risk of,Alzheimer's disease
prevention and control of type 2 diabetes mellitus,reduce the risk of,Alzheimer's disease
increased FoxO1 activity,shown in,certain tissue types
increased FoxO1 activity,contributes to,T2D pathology symptoms and comorbidities
elevated FoxO1,has been reported to alleviate,symptoms associated with diabetes
HFD treatment,caused,obesity
obesity,in,both wild-type and App(NL-F/NL-F) mice
HFD treatment,caused,"impaired glucose tolerance (i.e., T2DM conditions)"
"impaired glucose tolerance (i.e., T2DM conditions)",in,both wild-type and App(NL-F/NL-F) mice
SGLT2I use,was associated with,lower risks of dementia
SGLT2I use,was associated with,lower risks of Parkinson's
SGLT2I use,was associated with,lower all-cause mortality
SGLT2I use,was associated with,lower cerebrovascular mortality
it,has,tremendous economic impact on families
future research,might concentrate on,integrating these by approaches
future research,might concentrate on,integrating these approaches
future research,concentrate on,integrating these by approaches
many proteins,known to be associated with,pathogenesis of this malady
many proteins,are,intrinsically disordered
proteins,associated with,pathogenesis of this malady
proteins,known to be,intrinsically disordered
proteins,are,intrinsically disordered
proteins known to be associated with pathogenesis of this malady,are,intrinsically disordered
this,leads to,clinical dysfunction
it,is associated with,diverse pathologies
diverse pathologies,including,type II diabetes
diverse pathologies,including,Alzheimer's disease (AD)
Alzheimer's disease dementia,was negatively associated with,Alzheimer's disease
Alzheimer's disease,have a negative association,IKKβ
Alzheimer's disease,have a negative association,IRS1
presence of Alzheimer's disease dementia,was significantly associated with,Alzheimer's disease
[GG] genotype,of,Ribose Nucleic Acid (RNA) molecule component (TERC)
[GG] genotype of Ribose Nucleic Acid (RNA) molecule component (TERC),was associated with,shorter LTL
it,was associated with,lower hTERT
it,was associated with,larger WC
treatment with sulphonylurea,was associated with,QTc prolongation >440 ms
female gender,was associated with,QTc prolongation >440 ms
coronary heart disease,was associated with,QTc prolongation >440 ms
hazard ratio for all-cause dementia,was,3.29 (3.11-3.49)
all-cause dementia,had hazard ratio of,3.29 (3.11-3.49)
cognitive deficits,caused by,T2DM
cognitive deficits caused by T2DM,have attracted,broad attention
changes in energy metabolism,due to,type 2 diabetes
energy substrates,include,"glucose, lactate, ketone bodies, lipids"
normal brain,uses,energy substrates
level of hsa-miR-29b-3p,was directly associated with,sustained attention in CANTAB test
hsa-miR-29b-3p level,was inversely associated with,triglyceride levels
this increase,will lead to,significant strain on global resources
this increase,will lead to,significant strain on infrastructure
and,are associated with,periodontitis
they,are associated with,periodontitis
they,are associated with,various infectious agents
Exendin-4 treatment,resulted in,significant neuroprotection
veterans with T2D,use,TZD
TZD use,associated with,lower risk of dementia
SU use,was associated with,higher risk
SU use,compared with,MET use
rs223330 variant carriage,was not associated with,risk for AD
calorie restriction,of,beneficial impacts
glucotoxicity,impact on,insulin-producing pancreatic β-cells
lipotoxicity,impact on,insulin-producing pancreatic β-cells
ertugliflozin,was associated with,ertugliflozin
Ertugliflozin,was associated with,ertugliflozin
treatment with ertugliflozin,was associated with,ertugliflozin in HbA1c
selection,resulted in,6 core genes
6 core genes,include,BCL6
6 core genes,include,TP53
6 core genes,include,HSP90AA1
6 core genes,include,CRYAB
6 core genes,include,IL1B
6 core genes,include,DNAJB1
three hundred and seventy-two non-CAD controls,were included in,the study
high-fat diet,is associated with,obesity
high-fat diet,is associated with,diabetes
excessive output,contributes to,many persistent diseases
phenolic compounds,can inhibit,enzymes associated with the development of human diseases
recent findings,contribute to,further understanding of the role of Zn(2+) in spermatogenesis and sperm functioning
it,contributes to,further understanding of oocyte development and fertilization
recent findings,contribute to,understanding of the role of Zn(2+) in spermatogenesis and sperm functioning
it,contributes to,oocyte development
it,contributes to,fertilization
fasting glucose level,is associated with,pontine volume
c-Jun,up-regulation is caused by,disease-protective metabolites
MEK1,up-regulation is caused by,disease-protective metabolites
candidate genes,with,same regulation direction
candidate genes with the same regulation direction,can be extracted,Alzheimer's disease
cofactors,have a definite influence in,onset and extent of such degenerative maladies
definite influence,has,onset and extent of such degenerative maladies
cofactors,have influence in,onset and extent of degenerative maladies
heme,have influence in,onset and extent of degenerative maladies
heme,have a definite influence in,onset and extent of such degenerative maladies
heme,has influence in,onset and extent of degenerative maladies
heme,have,definite influence in the onset and extent of such degenerative maladies
Cofactors,have influence in,onset and extent of such degenerative maladies
Heme,have influence in,onset and extent of such degenerative maladies
it,overcomes,undesired bias generated as a result of better-studied diseases and genes
AKT1 rs2498786 polymorphism,may be associated with,Alzheimer's disease risk
AD,stands for,Alzheimer's Disease
data,provides,unique insight into the nutrigenomic response of dietary whole egg consumption during the progression of T2 Diabetes Mellitus
DED,associated with,risk of type 2 diabetes (T2D)
DED,be associated with,risk of type 2 diabetes (T2D)
T2DM,is known to cause,disturbances in glucose homeostasis
it,causes,negative changes in the heart muscle
diabetes,caused,"significant elevation in the levels of IGF-1, PI3K, and AKT proteins"
levels of these proteins,decreased significantly in,training groups
HIIT,after,eight weeks
new-generation medication use,was associated with,reduced dementia risk
DPP-4i,associated with,reduced dementia risk
DPP-4i,HR,0.67 95% CI 0.63-0.71
SGLT-2i,associated with,reduced dementia risk
SGLT-2i,had,0.63 95% CI 0.56-0.70
lower fractional anisotropy (FA),in,brain white matter right SLF tract
lower fractional anisotropy (FA) in brain white matter right SLF tract,was significantly associated with,long period of disease
higher radial diffusivity (RD),in,brain white matter thalamic radiation (TR) tract
higher radial diffusivity (RD) in brain white matter thalamic radiation (TR) tract,was significantly associated with,long period of disease
higher mean diffusivity (MD),in,brain white matter right inferior fronto-occipital fasciculus (IFOF) tract
higher mean diffusivity (MD) in brain white matter right inferior fronto-occipital fasciculus (IFOF) tract,was significantly associated with,long period of disease
higher mean diffusivity (MD) in brain white matter right inferior fronto-occipital fasciculus (IFOF) tract,was,significantly associated
brain white matter microstructure injury,in,type 2 diabetes mellitus
brain white matter microstructure injury in type 2 diabetes mellitus,may be associated with,SMC
several genes,are identified as causes of,Dyslexia
intensive glucose control,increases,all-cause mortality in type 2 diabetes type 2 diabetes mellitus (T2DM)
strong accumulation of lipid droplets,can cause,problems for cells and tissues
alteration within the expression of these Mitochondrial uncoupling proteins,results in,neuronal dysfunction
alteration within the expression of these Mitochondrial uncoupling proteins,results in,death of neurons
it,is associated with,development of antibiotic-resistant bacteria
childhood obesity,are caused by,poor diet
transcriptome predictive model,can distinguish,SHS individuals from the healthy controls
elevated nighttime blood pressure,are associated with,advanced age
reaction,contributes to,aging of macromolecules
tests,were conducted,after CF or placebo supplementation
T2DM rats,are the same as,rats in the other group
NORM rats,are the same as,rats in the other group
rats,in,T2DM and NORM group
rats,underwent,two incremental maximal treadmill running tests
rats,in,T1DM group
rats in T1DM group,performed,two successive 30-minute treadmill runs
two successive 30-minute treadmill runs,below,anaerobic threshold
rats,in the,NORM group
rats in the NORM group,underwent,two incremental maximal treadmill running tests
rats,in,CF group
rats in CF group,underwent,two incremental maximal treadmill running tests
rats,in,placebo group
rats in placebo group,underwent,two incremental maximal treadmill running tests
rats,performed,two successive 30-minute treadmill runs
hypertension,was associated with,treatment
peripheral arterial disease,was associated with,lack of CKD treatment
diuretic prescription,was associated with,treatment
statin prescription,was associated with,treatment
our health,is closely associated with,the state of our microbiota
our health,is closely associated with,state of our microbiota
high-fat diet feeding,is associated with,Alzheimer's disease pathology
current practice of MR,has been restricted to,investigating the total causal effect between two traits
current practice of MR,would be useful to,infer the direct causal effect between any two of many traits
insulin resistance,causes,increased amyloid-β peptide generation
insulin resistance,causes,increased amyloid-β peptide
blood glucose,were not associated with,T2D diagnosis
T2D diagnosis,were not associated with,NfL
HbA1c,was positively associated with,NfL
HbA1c,among,Mexican Americans
blood glucose,were negatively associated with,NfL in non-Hispanic Whites
HbA1c,were negatively associated with,NfL in non-Hispanic Whites
T2D diagnosis,were negatively associated with,NfL in non-Hispanic Whites
blood glucose,were not associated with,nfl in non-hispanic whites
hba1c,were not associated with,nfl in non-hispanic whites
t2d diagnosis,were not associated with,nfl in non-hispanic whites
blood glucose,associated with,NfL in non-Hispanic Whites
HbA1c,associated with,NfL in non-Hispanic Whites
T2D diagnosis,associated with,NfL in non-Hispanic Whites
blood glucose levels,associated with,plasma NfL levels
HbA1c levels,associated with,plasma NfL levels
T2D diagnosis,associated with,plasma NfL levels
Blood glucose and HbA1c levels,not associated with,plasma Aβ and t-tau levels
T2D diagnosis,not associated with,plasma Aβ and t-tau levels
proinflammatory cytokines,are one of the causes of,insulin resistance
proinflammatory cytokines,are one of the causes of,Abeta aggregation
hormone input,relationship between,dementia
relationship between hormone input and dementia,about,controversy
hormone input,relationship between is unclear,dementia
obesity,cause,insulin resistance
type 2 diabetes mellitus,cause,insulin resistance
obesity,cause,oxidative stress
type 2 diabetes mellitus,cause,oxidative stress
obesity,cause,cytoskeleton degradation
type 2 diabetes mellitus,cause,cytoskeleton degradation
obesity,contribute to,Alzheimer's disease
Type 2 diabetes mellitus,contribute to,Alzheimer's disease
leptin resistance,influence,tau pathology development
diabetes,influence,tau pathology development
MAPK pathway,influences,cell survival
pathways downstream of the insulin signaling cascade,lead to,Alzheimer's disease aggregation
insulin resistance,has been found to increase the risk for,Alzheimer's clinical syndrome
epidemiologic studies,in,insulin resistance has been found to increase the risk for Alzheimer's clinical syndrome
Type 2 diabetes,has been found to increase the risk for,Alzheimer's clinical syndrome
epidemiologic studies,in,Type 2 diabetes has been found to increase the risk for Alzheimer's clinical syndrome
insulin resistance,has been inconsistently associated with,cerebrospinal fluid P-tau181
research,to investigate,synergistic relationship between type 2 diabetes and amyloid
synergistic relationship between type 2 diabetes and amyloid,is associated with,increased tau levels
additional research,is needed to determine,relationship between type 2 diabetes and amyloid
relationship between type 2 diabetes and amyloid,whether it is associated with,increased tau levels
research,is to investigate,synergistic relationship between type 2 diabetes and amyloid
type 2 diabetes,has a synergistic relationship with,amyloid
research,will investigate,synergistic relationship between type 2 diabetes and amyloid
synergistic relationship between type 2 diabetes and amyloid,associated with,increased tau levels
increased cerebral IL-1β and TNFα levels,associated with,increased neuronal apoptosis
increased cerebral IL-1β levels,associated with,reduced synaptic proteins levels
increased cerebral TNFα levels,associated with,reduced synaptic proteins levels
adiponectin deficiency,may lead to,neuronal loss in the brain
adiponectin deficiency,may lead to,synaptic loss in the brain
Type-2 diabetes mellitus prevalence,is increasing,increased risk factors
increase of risk factors,contributes to,increase of Type-2 diabetes mellitus prevalence
improved management,does not contribute to the increase of,Type-2 diabetes mellitus prevalence
improved management,does not contribute to,increase of Type-2 diabetes mellitus prevalence
insulin resistance,may lead to,formation of plaques and tangles
plaques and tangles,are associated with,insulin resistance
plaques and tangles,are associated with,AD
insulin resistance,associated with,formation of plaques and tangles
AD,associated with,formation of plaques and tangles
insulin resistance,is associated with,formation of plaques and tangles
formation of plaques and tangles,in,individuals with AD
plaques,associated with,insulin resistance
plaques,associated with,AD
tangles,associated with,insulin resistance
tangles,associated with,AD
insulin resistance,may be associated with,formation of plaques and tangles
increasing levels of NfL,were associated with,worsening cognitive function
increasing levels of NfL,were associated with,incident mild cognitive impairment or probable dementia
increasing levels of GFAP,were associated with,worsening cognitive function
increasing levels of GFAP,were associated with,incident mild cognitive impairment or probable dementia
Aβ42/40 ratio,was not associated with,worsening cognitive function
Aβ42/40 ratio,was not associated with,incident mild cognitive impairment
Aβ42/40 ratio,was not associated with,probable dementia
Aβ,have impacts on,glucose tolerance
impacts of Aβ on glucose tolerance,were,additive
impacts of DIO,on,glucose tolerance
impacts of Aβ,on,glucose tolerance
impacts of DIO and Aβ,were merely additive,glucose tolerance
impacts of DIO,were additive,glucose tolerance
impacts of Aβ,were additive,glucose tolerance
impacts of DIO,were additive,Aβ
impacts of DIO,were merely additive,impacts of Aβ
DIO,had impacts that were,additive
Aβ,had impacts that were,additive
N-nitrosodiethylamine treatment,caused,deficits in motor function
N-nitrosodiethylamine treatment,caused,spatial learning deficits
N-nitrosodiethylamine treatment,caused,neurodegeneration
small proportion of Alzheimer's disease,is due to,genetic variants
total cholesterol levels,were causally associated with,increased neuritic plaque burden
LDL cholesterol levels,were causally associated with,increased neuritic plaque burden
cholesterol levels,effects of,plaque burden
single nucleotide polymorphisms,within,APOE locus
single nucleotide polymorphisms within the APOE locus,caused by,plaque burden
single nucleotide polymorphisms within the APOE locus,cause,effects of cholesterol levels on plaque burden
cholesterol levels,have effect on,plaque burden
single nucleotide polymorphisms within the APOE locus,were the reason for,effects of cholesterol levels on plaque burden
single nucleotide polymorphisms within APOE locus,cause the effects of,cholesterol levels
cholesterol levels,on,plaque burden
single nucleotide polymorphisms within APOE locus,cause,effects of cholesterol levels on plaque burden
single nucleotide polymorphisms within the APOE locus,cause the effects of,cholesterol levels
endothelial insulin resistance,could lead to,blood-brain barrier dysfunction
activation of both PI3K-AKT and MEK-ERK pathways,leads to,increased VCAM1 expression
insulin resistance,contributes to,pathogenesis of type 2 diabetes mellitus
insulin resistance,contributes to,onset of Alzheimer's disease
cross-talk,is due to,homologous type 1 insulin-like growth factor receptor
cross-talk,occurs due to,type 1 insulin-like growth factor receptor
cross-talk,occurs due to,homologous type 1 insulin-like growth factor receptor
increase in glucose uptake,was due to,BBr
memantine,on,diabetes mellitus
piracetam,on,diabetes mellitus
piracetam,and,memantine
effect of piracetam and memantine,on,diabetes mellitus
impact of piracetam and memantine,on,diabetes mellitus
type 2 diabetes,may contribute to,Alzheimer's disease
hyperglycemia,mediated,tau cleavage
SNPs,were associated with,Alzheimer disease risk
oxidative stress,was found to be associated with,type 2 diabetes mellitus
animal models,confirm,impact of insulin resistance on amyloid-β accumulation
ASCM pathway,is associated with,Insulin resistance
rheumatoid arthritis,is associated with,late-onset AD
Rheumatoid arthritis,is associated with,Parkinson's disease
Rheumatoid arthritis,is inversely associated with,Parkinson's disease
rheumatoid arthritis,is inversely associated with,Parkinson's disease
pathological tau modifications,play a central role in,cognitive deficits associated with DM
pathological tau modifications,are associated with,cognitive deficits of DM
microtubule-associated protein tau,is pathologically processed in,DM
pathological tau modifications,may play a central role in,cognitive deficits associated with DM
pathological tau modifications,play a role in,cognitive deficits associated with DM
pathological tau modifications,may play a role in,cognitive deficits of DM
peripheral insulin resistance,can be caused by,multiple mechanisms
central insulin resistance,can be caused by,multiple mechanisms
multiple mechanisms,contribute to,development of peripheral insulin resistance
multiple mechanisms,contribute to,development of central insulin resistance
peripheral and central insulin resistance,is caused by,many mechanisms
type 2 diabetes mellitus,remains unclear,Alzheimer disease and related dementias
type 2 diabetes mellitus,may be due to coincidental roots in,Alzheimer disease and related dementias
genetically predicted diabetes,increase in,odds of three dementia diagnoses
odds of three dementia diagnoses,found in,non-Hispanic White participants
genetically predicted diabetes,increase in,all-cause dementia diagnoses in non-Hispanic White participants
all-cause dementia,has odds ratio of,1.07
all-cause dementia,odds ratio for,non-Hispanic White participants
odds ratio,is between,1.05 and 1.08
all-cause dementia,p-value for,non-Hispanic White participants
p-value,is,3.40E-18
genetically predicted diabetes,increase in,vascular dementia diagnoses
increase in genetically predicted diabetes,found increased odds of,vascular dementia diagnoses in non-Hispanic White participants
genetically predicted diabetes,increase in,odds of Alzheimer's disease diagnoses
odds of Alzheimer's disease diagnoses,found in,non-Hispanic White participants
genetically predicted diabetes,increase in,all-cause dementia diagnoses
all-cause dementia diagnoses,found in,non-Hispanic Black participants
all-cause dementia,has odds ratio of,1.06
all-cause dementia,odds ratio for,non-Hispanic Black participants
odds ratio,is between,1.02 and 1.10
vascular dementia diagnoses,found in,non-Hispanic Black participants
insulin signaling,link between,ApoE carrier status
link between insulin signaling and ApoE carrier status,may influence,Aβ aggregation
Tau hyperphosphorylation,are also associated with,Alzheimer's disease
inflammation,are also associated with,Alzheimer's disease
oxidative stress,are also associated with,Alzheimer's disease
mitochondrial dysfunction,are also associated with,Alzheimer's disease
Dapagliflozin,caused,glucosuria
lowering of the plasma glucose concentration,was due to,dapagliflozin
persistently high glucose levels,in,diabetes
persistently high glucose levels in diabetes,can cause,structural and functional changes in proteins throughout the body
accumulation of protein aggregates,in,brain
accumulation of protein aggregates,can be associated with,progression of Alzheimer's Disease
accumulation of protein aggregates,is associated with,progression of Alzheimer's Disease
accumulation of protein aggregates,associated with,progression of Alzheimer's Disease
accumulation of protein aggregates in the brain,is associated with,progression of Alzheimer's Disease
PheWAS and two-sample MR analyses,found,robust evidence in support of inverse associations of genetically predicted milk consumption with risk of hypercholesterolemia
Type 2 diabetes mellitus,causes,brain insulin resistance
lifestyle measures,have,protective effect
protective effect,against,development of cognitive impairment
development of cognitive impairment,due to,Alzheimer's disease
pharmacological agents,used in,treatment of diabetes
pharmacological agents used in treatment of diabetes,have,protective effect against development of cognitive impairment
pharmacological agents,used in the treatment of,diabetes
pharmacological agents,have a protective effect against,development of cognitive impairment due to Alzheimer's disease
insulin,has,protective effect
metformin,has,protective effect against development of cognitive impairment due to Alzheimer's disease
Peroxisome proliferator-activated receptors γ agonists,have,protective effect against the development of cognitive impairment due to Alzheimer's disease
Glucagon-like peptide-1 receptor agonists,have,protective effect against the development of cognitive impairment due to Alzheimer's disease
Dipeptidyl peptidase-4 inhibitors,have,protective effect against the development of cognitive impairment due to Alzheimer's disease
hypoxia-inducible factor-1 alpha activation,leads to,deposition of Aβ
deposition of Aβ,is caused by,abnormal shearing of amyloid precursor protein
serine/threonine-protein kinase (AKT) phosphorylation (pT(308)AKT1/total AKT1),was associated with,faster decline in global cognition
faster decline in global cognition,was associated with,episodic memory
faster decline in global cognition,was associated with,working memory
faster decline in global cognition,was associated with,visuospatial abilities
AKT phosphorylation,was associated with,declines in episodic memory
AKT phosphorylation,was associated with,declines in working memory
AKT phosphorylation,was associated with,declines in visuospatial abilities
AKT phosphorylation levels,were associated with,declines in multiple cognitive domains
hypoglycemia,associated with,cardiovascular events
association between hypoglycemia and cardiovascular events,may be,causal
glucose level,reflecting,condition of diabetes mellitus
glucose level reflecting condition of diabetes mellitus,was demonstrated to be associated with,high mortality
incubation with insulin concentration,corresponding to,high levels of hyperinsulinemia
incubation with insulin concentration corresponding to high levels of hyperinsulinemia,resulted in,highest mortality after 48 h
incubation period of 48 h,was associated with,high levels of hyperinsulinemia
dystransduction of insulin signaling pathway (PI3K/PKB/mTOR/S6K1),is associated with,hyperphosphorylation of Tau protein
HbA1c,showed,positive risk gradient for all-cause dementia
type 2 diabetes mellitus,is a serious risk factor for,age-related cognitive impairment
type 2 diabetes mellitus,has not been established a causal link between,age-related cognitive impairment
type 2 diabetes mellitus,is a risk factor for,age-related cognitive impairment
age-related cognitive impairment,is associated with,type 2 diabetes mellitus
genes and proteins probed,are associated with,neurodegeneration
BCAAs,are associated with,AD progression
insulin resistance,has an impact on,homeostatic milieu
Alzheimer's disease,is associated with,innate mechanism
insulin resistance,has impact,powerful contributing
IRS-1,are critical nodes in,IIS
IRS-2,are critical nodes in,IIS
IRS-1,have different roles in,IRS-2
IRS-1 and IRS-2,have different roles in,adult brain
IRS-1,are substrates for,insulin receptor
IRS-2,are substrates for,insulin receptor
IRS-1,are substrates for,IGF-1 receptor
IRS-2,are substrates for,IGF-1 receptor
insulin receptor substrate (IRS)-2,is associated with,anti-amyloid effects in the brain
insulin receptor substrate (IRS)-2,predominance of,insulin receptor substrate (IRS)-2
insulin receptor substrate (IRS)-2,in,insulin receptor substrate (IRS)-2
reduced insulin receptor substrate (IRS)-2,is associated with,anti-amyloid effects in the brain
orthostatic hypotension,is associated with,cognition in type 2 diabetes mellitus
human health or disease,is influenced by,gut-microbiota-driven responses
human health or disease,is influenced by,gut-microbiota-driven palette of responses
human health or disease,is influenced by,rich palette of responses
ketone body β-hydroxybutyrate,was positively associated with,fullness
ketone body β-hydroxybutyrate,is positively associated with,fullness
investigators,wanted to test,whether type-2 diabetes is associated with dementia subtypes
investigators,wanted to test,potential associations between type-2 diabetes and dementia subtypes are of a causal nature
Type-2 diabetes,may cause,dementia subtypes
type-2 diabetes,may be the cause of,dementia subtypes
Type-2 diabetes,causes,dementia subtypes
Type-2 diabetes,leads to,dementia subtypes
investigators,investigated,observational associations between type-2 diabetes and Alzheimer's disease
observational associations between type-2 diabetes and Alzheimer's disease,were of,causal nature
investigators,investigated,observational associations between type-2 diabetes and vascular dementia
observational associations between type-2 diabetes and vascular dementia,were of,causal nature
investigators,investigated,observational associations between type-2 diabetes and unspecified dementia
observational associations between type-2 diabetes and unspecified dementia,were of,causal nature
control of Aβ uptake,contributes to,Alzheimer's disease pathology
impaired cerebral glucose metabolism,can cause,neuronal degeneration
risk factors,contribute to,development of Alzheimer's disease
risk factors,have been identified through,research
development of Alzheimer's disease,is influenced by,multiple factors
several risk factors,have been associated with,Alzheimer's disease development
risk factors,have been associated with,Alzheimer's disease development
Cav-1 depletion,leads to,tau hyperphosphorylation
high glucose concentrations conditions,lead to,severe mitochondrial damage
IAPP inhibitors,have been clinically approved,no
Aβ inhibitors,are being inquired into,potential treatment for IAPP
lack of approved IAPP inhibitors,is a reason to investigate,Aβ inhibitors
need,to investigate,Aβ inhibitors as potential treatment for IAPP
Aβ inhibitors,have not been proven effective against,IAPP
some compounds,lead to,modest apparent changes in IAPP amyloid fibril morphology
some compounds,lead to modest apparent changes in,IAPP amyloid fibril morphology
compounds,lead to,modest apparent changes in IAPP amyloid fibril morphology
compounds,are,some compounds
Compounds,lead to,modest apparent changes in IAPP amyloid fibril morphology
reduced insulin receptor signaling,may contribute to,dementias
reduced IGF1 receptor signaling,may contribute to,dementias
insulin resistance,in,selected brain regions
insulin resistance in selected brain regions,was associated with,reduced functional connectivity in the DMN
reduced functional connectivity in the DMN,was associated with,insulin resistance in selected brain regions
T2DM patients,showed,reduced functional connectivity in the DMN
T2DM patients,compared with,control subjects
increase in brain lactate dehydrogenase activity,led to,net increase in lactate levels
down regulation of estrogen receptors,contributes to,brain bioenergetic and cognitive deficits
down regulation of estrogen receptors,contributes to,Alzheimer's disease susceptibility
reduction in estradiol levels,contributes to,Alzheimer's disease susceptibility
brain metabolism deficits,contribute to,Alzheimer's disease susceptibility
brain metabolism deficits,contribute to,women ageing
AngIV,is associated with,Alzheimer's disease
hyperglycemia,may cause,fluctuations in brain glucose levels
neuroprotective effect of GLP-1,may be due to,regulation of brain glucose levels
GLP-1,during,hyperglycemia
GLP-1,is essential for,overall health
underlying causes of diabetes-induced central nervous system complications,are,relatively little understood
blood-brain barrier damage,is a significant underlying cause of,diabetes-induced central nervous system complications
blood-brain barrier damage,is a significant underlying cause of,diabetes-dependent central nervous system disorders
IR,is a potential cause of,AD
IR,may be a cause of,AD
insulin resistance,does not predict,executive dysfunction in younger adults
insulin resistance,predicts,self-reported depression in middle-aged adults
depression,predicts,deficits in visuospatial memory in older adults
insulin resistance,predicts,executive dysfunction
executive dysfunction,in,older adults
executive dysfunction,not in,younger adults
older adults,in the age group of,40-59
insulin resistance,predicts,executive dysfunction in older adults
insulin resistance,does not predict,executive dysfunction in younger adults in the age group of 40-59
depression,predicts,deficits in visuospatial memory
deficits in visuospatial memory,in,older adults
older adults,in,mid-life
insulin resistance,predicts,self-reported depression
insulin resistance,predicts,older middle-aged adults
insulin resistance,predicts,younger middle-aged adults
deficits in visuospatial memory,in,older adults in mid-life
deficits in visuospatial memory,not in,younger adults
Effective drugs for Type 2 diabetes mellitus,that positively impact,gut-brain axis
Effective drugs for Type 2 diabetes mellitus that positively impact the gut-brain axis,could provide,effective treatment option for neurodegenerative diseases
drugs,positively impact,gut-brain axis
drugs that positively impact the gut-brain axis,could be effective in treating,neurodegenerative diseases
treatment option,impacts,gut-brain axis
Type 2 diabetes mellitus,has been thought to be associated with,vascular diseases
increase in the number of elderly individuals with Type 2 diabetes mellitus,has led to,increase in the number of diabetic patients with cognitive dysfunction
Type 2 diabetes mellitus,is a cause of,cognitive dysfunction
interaction between the two amyloidogenic proteins,can lead to,formation of heterocomplex aggregates
interaction between hIAPP and Aβ,can lead to,formation of heterocomplex aggregates
IAPP(O)-IgA levels,are lower in,APOE 4 carriers
IAPP(O)-IgA levels,are due to,allele dose-dependent decrease
decrease in IAPP(O)-IgA levels,is due to,APOE 4 carriers
decrease in IAPP(O)-IgA levels,is due to,allele dose-dependent manner
higher levels of low-density lipoprotein cholesterol,are associated with,genetic correlation between different types of blood lipids
higher levels of low-density lipoprotein cholesterol,are associated with,lower odds of longevity
higher levels of high-density lipoprotein cholesterol,are associated with,genetic correlation between different types of blood lipids
high-density lipoprotein cholesterol,are associated with,higher odds of longevity
phosphorylation of insulin receptor substrate 1 (IRS1) at specific Ser sites,is,potential marker of Aβ-unrelated memory deficits
Aβ-unrelated memory deficits,caused by,type 2 diabetes and aging
Type 2 diabetes,cause,Aβ-unrelated memory deficits
aging,cause,Aβ-unrelated memory deficits
Aβ-related memory decline,is associated with,amyloid-β elevation
Aβ-unrelated memory deficits,are caused by,type 2 diabetes
Aβ-unrelated memory deficits,are caused by,aging
Aβ-related memory decline,is associated with,phosphorylation of IRS1 at specific Ser sites
Aβ-related memory decline,is associated with,modifications of IRS1
Alzheimer's disease,is associated with,modifications of IRS1
Alzheimer's disease,is associated with,amyloid-β elevation
phosphorylation of IRS1,is associated with,Alzheimer's disease
modifications of IRS1,are associated with,Alzheimer's disease
insulin,impact on,brain glycogen
2-4 years of metformin exposure,were associated with,lower risk of Neurodegenerative disease
metformin exposure,were associated with,lower risk of Neurodegenerative disease
Alzheimer's disease,is associated with,insulin resistance in the brain
these drugs,have shown,promising results in clinical trials
lack of well-designed randomized controlled trials,contributes to,failure to deliver personalized treatment
researchers,made effort to,identify causes of disease
evidence,has led to,description of Alzheimer's disease as a condition
evidence,has led to,description of Alzheimer's disease
description of Alzheimer's disease,as,condition
GSK3β,are closely associated with,pancreatic β-cell dysfunction
DYRK1A,are closely associated with,pancreatic β-cell dysfunction
structural analysis and other evidence,predict that,alkylation of Insulin-degrading enzyme disrupts substrate binding
older individuals,making up,higher percentage of the general population
amyloid form of the protein,was initially thought to be,cause of disease
amyloidogenic proteins,is due to,intermediates generated during the assembly of amyloid fibers
intermediates generated during the assembly of amyloid fibers,are,toxic
assembly of amyloid fibers,generates,toxic intermediates
midlife insulin resistance,is predicted to affect,late-life cognitive performance
cerebrovascular lesions,are associated with,Alzheimer's disease cognitive functioning
brain amyloid load,is associated with,Alzheimer's disease cognitive functioning
serum 25-hydroxyvitamin D concentration,to support,health and wellbeing
optimal serum 25-hydroxyvitamin D concentration,is above,30 ng/mL (75 nmol/L)
optimal serum 25-hydroxyvitamin D concentration,for,all-cause mortality rate
optimal serum 25-hydroxyvitamin D concentration,to support,health and wellbeing
30 ng/mL (75 nmol/L),for,all-cause mortality rate
optimal serum 25-hydroxyvitamin D concentration,is above 30 ng/mL (75 nmol/L) for,all-cause mortality rate
optimal serum 25-hydroxyvitamin D concentration above 30 ng/mL (75 nmol/L),for,all-cause mortality rate
results,cannot be considered,conclusive
pilot study's limitations,due to,results
further studies,are needed,small sample size
further studies,are needed,high risk of biases
high risk of biases,in,pilot study
further studies,need for,small sample size
further studies,need for,high risk of biases
small sample size,due to,pilot study
high risk of biases,due to,pilot study
results,are limited,small sample size
results,are limited,high risk of biases
addition of the duodenal-jejunal bypass liner,was associated with,superior weight loss
addition of the duodenal-jejunal bypass liner,to,intensive medical care
addition of the duodenal-jejunal bypass liner,was associated with,improvements in cardiometabolic risk factors
addition of the duodenal-jejunal bypass liner,was associated with,intensive medical care
addition of the duodenal-jejunal bypass liner to intensive medical care,was associated with,improvements in fatty liver disease markers
duodenal-jejunal bypass liner,must be,in situ
duodenal-jejunal bypass liner,for,improvements in glycemia to occur
addition of the duodenal-jejunal bypass liner,was associated with,improvements in fatty liver disease markers
addition of the duodenal-jejunal bypass liner,was associated with,improvements in glycemia
the duodenal-jejunal bypass liner,added to,intensive medical care
addition of the duodenal-jejunal bypass liner to intensive medical care,was associated with,improvements in glycemia
prevention and treatment of Alzheimer's disease,is the key to,being able to predict and diagnose Alzheimer's disease at the preclinical or early stage
lack of a preclinical model of Alzheimer's disease,is,critical factor
critical factor,causes,problem to remain unresolved
insulin resistance,may contribute to,pathogenesis of Alzheimer's disease
anti-diabetic agents,are being studied for,treatment of cognitive decline associated with Alzheimer's disease
anti-diabetic agents known as thiazolidinediones-TZDs,are being studied for,treatment of cognitive decline associated with Alzheimer's disease
Thiazolidinediones-TZDs,are being studied for,treatment of cognitive decline associated with Alzheimer's disease
anti-diabetic agents,are being studied for,treatment of cognitive decline associated with Alzheimer's
IL-1 antagonism,impacts,disease modification
increase in endogenous glucose production,is caused by,empagliflozin
increase in norepinephrine,is due to,empagliflozin
targeting cerebral metabolism dysfunction,could be,potential strategy for reducing the risk for neurodegeneration
targeting cerebral metabolism dysfunction,may reduce,risk for neurodegeneration in individuals with type 2 diabetes
individuals with type 2 diabetes,are at risk for,neurodegeneration
targeting fatty acid metabolism,may be,potential strategy for reducing the risk for neurodegeneration
cerebral metabolism dysfunction,is associated with,Alzheimer's disease risk factors
targeting cerebral metabolism dysfunction,may be,potential strategy for reducing the risk for neurodegeneration in APOE-ε4 carriers
this,be,valid therapeutic approach for Alzheimer's disease
therapeutic approach to reduce mammalian target of rapamycin activity,is a valid,Alzheimer's disease
reducing mammalian target of rapamycin activity,in,Alzheimer's disease
reducing mammalian target of rapamycin activity in Alzheimer's disease,is,valid
therapeutic approach for reducing mammalian target of rapamycin activity,is,Alzheimer's disease
reducing mammalian target of rapamycin activity,is,valid approach
Type 2 diabetes,is associated with,decrease in the risk of Alzheimer's disease
Type 2 diabetes mellitus,is associated with,greater dementia risk
Type 2 diabetes mellitus,exacerbates,impact of Alzheimer's disease risk factors on declines in daily functioning
Alzheimer's disease risk factors,contribute to,declines in daily functioning
studies,investigating,impact of Type 2 diabetes mellitus on dementia risk
this study,investigated,impact of Type 2 diabetes mellitus on everyday functioning in older Veterans
treatments,cannot be used on,larger scale
treatments,due to,side effects
high-fat diet,caused,T2DM-related metabolic disturbances
T2DM-related metabolic disturbances,in,young Wild-type mice
young wild-type mice,did not experience,impaired thermoregulation
young wild-type mice,did not experience,shortage of alternative energy sources
young KI-AD mouse model mice,experienced,impaired thermoregulation
young KI-AD mouse model mice,experienced,shortage of alternative energy sources
high-fat diet,caused,metabolic disturbances
high-fat diet,in,young KI-AD mouse model mice
metabolic disturbances,in,young Wild-type mice
T2DM-related metabolic disturbances,in,young KI-AD mouse model mice
impaired thermoregulation,in,young KI-AD mouse model mice
impaired thermoregulation in young KI-AD mouse model mice,due to,shortage of alternative energy sources
first phase inhibition of glucose-stimulated insulin secretion,is due to,reduction in exocytosis of pre-docked and newcomer secretory granules
AbetaP[1-40],is,toxic
AbetaP[1-40],explains,toxicity
neurons,are,immortalized hypothalamic GnRH neurons
channels,are formed across,artificial planar bilayers
results,are in line with,previous reports
results,based on,reports
researchers,have previously shown,these results
reports,show,researchers have previously shown these results
researchers,have previously shown,results
channels,are formed across,excised membrane patches
cell's oxidation state,contribute to,development of type 2 diabetes
glucose concentrations,in,brain
glucose concentrations,change due to,neuropathological disturbances
insulin concentrations,in,brain
insulin concentrations,change due to,neuropathological disturbances
neuropathological disturbances,cause,changes of glucose and insulin concentrations in the brain
diabetes and/or obesity,in,db/AD mice
diabetes and/or obesity in db/AD mice,leads to,destabilization of the vasculature
destabilization of the vasculature,leads to,strokes
Glucagon-like peptide-1 receptor agonists,are a potential treatment for,Alzheimer's disease
potential disease-modifying action,of,glucagon-like peptide-1 receptor agonists
potential disease-modifying action of glucagon-like peptide-1 receptor agonists,is,unclear
Glucagon-like peptide-1 receptor agonists,are,a potential treatment for Alzheimer's disease
Alzheimer's disease,may be prevented by,glucagon-like peptide-1 receptor agonists
Glucagon-like peptide-1 receptor agonists,are being studied for,Alzheimer's disease prevention
Alzheimer's disease,may be prevented with,glucagon-like peptide-1 receptor agonists
Glucagon-like peptide-1 receptor agonists,are useful in the prevention of,Alzheimer's disease
anti-neurodegeneration activities,are associated with,catechol-containing polyphenolic natural compounds
anti-aging activities,are associated with,catechol-containing polyphenolic natural compounds
protective effect of GLP-1/Ex-4,against,reduced viability of PC12 cells
protective effect of GLP-1/Ex-4,was caused by,high glucose
high glucose,caused,reduced viability of PC12 cells
GLP-1/Ex-4,could exert,protective effect against reduced viability of PC12 cells
reduced viability of PC12 cells,caused by,high glucose
Alzheimer's disease,is the most common cause of,dementia
Alzheimer's disease,is associated with,increased FKBP51 activity
mental disorders,are associated with,significant association with the single nucleotide polymorphism (SNP) rs1360780 of FKBP5 intron 7
10-year intensive lifestyle intervention,resulted in,differences in vascular endothelial growth factor concentrations
diabetes support and education,resulted in,differences in vascular endothelial growth factor concentrations
Alzheimer's disease protein pattern,is associated with,Alzheimer's disease
MGF treatment,could lead to,more effective clinical therapies
MGF treatment,is the goal of,prevention of metabolic related central complications
metabolic related central complications,associated with,AD and VaD
MGF treatment,may prevent,metabolic related central complications
MGF treatment,may be useful to prevent,metabolic related central complications associated with AD and VaD
psychoactive alkaloid caffeine,may serve as,neuroprotective agent
neuroprotective agent,against,cognitive impairment caused by obesity
high-fat diets,can cause,cognitive impairment
cognitive impairment,is associated with,high-fat diets
psychoactive alkaloid caffeine,may be,neuroprotective agent
psychoactive alkaloid caffeine,against,cognitive impairment
cognitive impairment,caused by,obesity and high-fat diets
neuroprotective agent,against,cognitive impairment
cognitive impairment,caused by,obesity
cognitive impairment,caused by,high-fat diets
TFEB knockdown,conducted to verify,TFEB role in Diabetic encephalopathy
increase in IHM,was probably due to,COVID-19 pandemic
IHM,increased significantly in,2020
increase in IHM,due to,COVID-19 pandemic
individuals,have,unknown cognitive abilities
unknown cognitive abilities,due to,Hp genotype
elderly individuals,have,unknown cognitive abilities
unknown cognitive abilities,due to,Hp genotype of type 2 diabetes
hypoamylinemic conditions,be more strongly associated with,late stages of central amyloid pathologies
hyperamylinemic conditions,are associated with,early amyloid formation in the CNS
hypoamylinemic conditions,are associated with,late stages of central amyloid pathologies
early processes of amyloid formation,in,CNS
early processes of amyloid formation,associated with,hyperamylinemic conditions
late stages of central amyloid pathologies,are associated with,hypoamylinemic conditions
early amyloid formation,in the,CNS
early amyloid formation in the CNS,is associated with,hyperamylinemic conditions
amyloid formation,in,CNS
amyloid formation in the CNS,is associated with,hyperamylinemic conditions
central amyloid pathologies,are associated with,hypoamylinemic conditions
early processes of amyloid formation,in the,CNS
early processes of amyloid formation in the CNS,are associated with,hyperamylinemic conditions
type-2 diabetes impairment,is associated with,tyrosine kinase expression
type-2 diabetes impairment,is associated with,tyrosine kinase functions
binding of Human Islet amyloid polypeptide,to,cell membrane
binding of Human Islet amyloid polypeptide to the cell membrane,leads to,aberrant release of Ca(2+)
existing methods,fail to identify,"novel genes contributing to the progression of Alzheimer's, Huntington's, and Type II diabetes"
Tempo,identifies,novel genes
novel genes,contributing to,progression of Alzheimer's
novel genes,contributing to,progression of Huntington's
novel genes,contributing to,progression of Type II diabetes
novel genes identified by Tempo,contribute to,"progression of Alzheimer's, Huntington's, and Type II diabetes"
Tempo,identifies,"novel genes contributing to the progression of Alzheimer's, Huntington's, and Type II diabetes"
existing methods,fail to do so,"identify novel genes contributing to the progression of Alzheimer's, Huntington's, and Type II diabetes"
novel genes,contribute to,"progression of Alzheimer's, Huntington's, and Type II diabetes"
Brain IGF-I activity,may influence,Alzheimer's disease
T2DM,is associated with,reduced brain insulin uptake
T2DM,is associated with,inflammation
AD,associated with,age
T2DM,associated with,age
AD,are associated with,age
T2DM,are associated with,age
AD,associated with,same risk factor
T2DM,associated with,same risk factor
diabetes,is associated with,increased risk of vascular dementia
diabetes,is associated with,increased risk of non-vascular dementia
neuroglycopenia,can lead to,degeneration of brain cells
cognitive decline,can result in,dementia
greatest protective effect,against,dementia
populations from Asia,observed in,greatest protective effect against dementia
statins,reduce,risk of dementia
risk of dementia,in,populations from Asia
patients with type 2 diabetes mellitus,have,lower risk of dementia
patients with type 2 diabetes mellitus,take,statins
patients with type 2 diabetes mellitus,take,statins for more than 3 years
increase,was due to,process of amyloid deposition
Type 2 diabetes mellitus,is known to be associated with,neurobiological and cognitive deficits
mung bean water supplementation,led to,significant reductions in plasma total cholesterol levels
Mung bean water supplementation,led to,significant reductions in VLDL-C + LDL-C levels
presence of d-ribose,caused,glycation of 17 lysine residues on HSA
presence of d-glucose,caused,glycation of 7 lysine residues on HSA
chronic obesity,impact of,Alzheimer's disease occurrence and development
type 2 diabetes mellitus,is associated with,chronic obesity
chronic obesity,impact on,occurrence and development of Alzheimer's disease
impact of chronic obesity on the occurrence and development of Alzheimer's disease,remains,unclear
Alzheimer's disease,is associated with,dementia
Alzheimer's disease,is associated with,late-onset Alzheimer's disease
Alzheimer's disease,is associated with,chronic obesity
impact of chronic obesity,remains,unclear
chronic obesity,is associated with,type 2 diabetes mellitus
diabetic mutation,led to,surprising improvement in memory
young Alzheimer's disease mice,with,severe obesity
young Alzheimer's disease mice with severe obesity,had,impaired glucose regulation
Type 2 diabetes mellitus inflammatory disorders,are associated with,Parkinson's disease
Type 2 diabetes mellitus inflammatory disorders,are associated with,increased risk of Parkinson's disease
Type 2 diabetes mellitus inflammatory disorders,are associated with,higher risk of Parkinson's disease
genetic variation,is associated with,lower Cardiorespiratory fitness
Genetic variation,is associated with,lower Physical activity
Lower Cardiorespiratory fitness,is associated with,several disease risk factors
increased risk for CAD,is associated with,T2D
increased risk for T2D,is associated with,shorter lifespan
neural degeneration,is associated with,brain aging
high-fat diets,are associated with,impaired glucose utilization
high-fat diets,are associated with,impaired cognition
Glucagon-like peptide-1 receptor agonists,can improve,cognitive function in AD patients
AD patients,receive,therapy
epinephrine,can alleviate,insulin resistance associated with Type 2 diabetes and essential hypertension
STZ-induced cognitive impairment,is caused by,activation of TGR5
fasting,result in,stable glucose levels
ketogenic diet interventions,result in,stable glucose levels
fasting or ketogenic diet interventions,result in,negative energy balance
ABAD decoy peptide,inhibits,ABAD
ABAD decoy peptide,is,inhibitor of ABAD
Alzheimer's disease,and,type 2 diabetes mellitus
Alzheimer's disease and type 2 diabetes mellitus,arise from,coincidental roots in ageing
Alzheimer's disease and type 2 diabetes mellitus,are linked by,pathophysiological mechanisms
Whether Alzheimer's disease and type 2 diabetes mellitus arise from coincidental roots in ageing or are linked by pathophysiological mechanisms,is,unclear
Alzheimer's disease,is unclear with,type 2 diabetes mellitus
PTP1B inhibitor,led to,lower protein levels of amyloid precursor protein (APP)
protective response,was absent in,control subjects
differential changes in AD-related proteins,were seen,only in response to iatrogenic induction of hypoglycemic insults of differing length and severity in control subjects
differential changes in AD-related proteins,were seen in response to,iatrogenic induction of hypoglycemic insults of differing length and severity
iatrogenic induction of hypoglycemic insults of differing length and severity,in,subjects with T2D
hypoglycemic insults,of,differing length and severity
hypoglycemic insults of differing length and severity,were induced,iatrogenically
control subjects,responded with,protective response
iatrogenic induction,of,hypoglycemic insults
hypoglycemic insults,occurred in,control subjects
hypoglycemic insults,were,differing length and severity
hypoglycemic insults,were,induced
differential changes in AD-related proteins,were seen,only in response to hypoglycemic insults of differing length and severity
menopause,is associated with,changes in body composition and lipid/glucose profile
estrogen and ERs,role in,body composition and lipid/glucose profile variation occurring with menopause
estrogen and ERs,are involved in,menopause-related changes in body composition and lipid/glucose profile
menopause,leads to,changes in body composition and lipid/glucose profile
Sodium-glucose cotransporter 2 inhibitor (SGLT2i),was associated with,reductions in left ventricular mass index (LVMi)
Type 2 diabetes mellitus duration of less than 10 years,was associated with,mean adjusted difference of -2.90 g/m(2)
strategies targeting clearance of the AD-related brain amyloid protein plaque,are associated with,high risk of autoimmune destructions
high risk of autoimmune destructions,in,subjects with cognitive dysfunction
islet amyloid protein absence,is associated with,T-cell-mediated insulitis
T-cell-mediated insulitis,in,autoimmune diabetes
T-cell-mediated insulitis,in,autoimmune polyendocrine syndrome
T-cell-mediated insulitis,is associated with,islet amyloid protein absence
islet amyloid protein absence,in,autoimmune diabetes
islet amyloid protein absence,in,autoimmune polyendocrine syndrome
AGEs,are associated with,disease developments
glycated γ(2) subunit of AMPK,is associated with,Alzheimer's disease
glycated γ(2) subunit,is associated with,Alzheimer's disease onset
AMPK's activity,are associated with,Alzheimer's disease onset
glycated γ(2) subunit,are associated with,Alzheimer's disease onset
they,cannot be separated,they
they,lack,ability of separation
they,cannot be separated by,morphological methods
they,lack the ability of,separation
these species,cannot be separated by,morphological methods
review,highlights,conformational switch
conformational switch,leads to,fibrilization
fibrilization,shown by,CCS regularity
CCS regularity,using,IM
high level of leptin,associated with,improved cognitive function in T2DM patients
low level of sOBR,associated with,improved cognitive function in T2DM patients
WHR,is an indicator of,visceral obesity
Visceral obesity,contributes to,cognitive deficits
indicator of visceral obesity,is,WHR
visceral obesity,is associated with,cognitive deficits
improved cognitive function,is associated with,high leptin levels
improved cognitive function,is associated with,low sOBR levels
improved cognitive function,is associated with,T2DM patients
T2DM patients,associated with,low sOBR levels
T2DM patients,associated with,high leptin levels
low sOBR levels,are associated with,improved cognitive function in T2DM patients
high leptin levels,are associated with,improved cognitive function in T2DM patients
low sOBR levels,are associated with,improved cognitive function
high leptin levels,are associated with,improved cognitive function
elevated platelet optineurin,are predictive of,cognitive decline in Type 2 diabetes mellitus patients
elevated rGSK-3β(T/S9),are predictive of,cognitive decline in Type 2 diabetes mellitus patients
elevated platelet optineurin,is predictive of,cognitive decline in Type 2 diabetes mellitus patients
elevated rGSK-3β(T/S9),is predictive of,cognitive decline in Type 2 diabetes mellitus patients
elevated platelet optineurin,combination of,elevated rGSK-3β(T/S9)
elevated platelet optineurin,are associated with,cognitive decline in Type 2 diabetes mellitus patients
elevated rGSK-3β(T/S9),are associated with,cognitive decline in Type 2 diabetes mellitus patients
elevated platelet optineurin,are associated with,Type 2 diabetes mellitus patients who experience cognitive decline
rGSK-3β(T/S9),are associated with,Type 2 diabetes mellitus patients who experience cognitive decline
elevated platelet optineurin and rGSK-3β(T/S9) combination,is,predictive biomarker for cognitive decline in Type 2 diabetes mellitus patients
elevated platelet optineurin,are,predictive biomarker for cognitive decline in Type 2 diabetes mellitus patients
rGSK-3β(T/S9),are,predictive biomarker for cognitive decline in Type 2 diabetes mellitus patients
evolving field,may lead to,improvements
glucagon-like peptide-1 receptor agonists (GLP-1RAs),were associated with,decreased risk of Alzheimer's disease
semaglutide,was associated with,reduced risk for several outcomes
semaglutide,reduced the risk of,cognitive deficit
semaglutide,compared to,glipizide
Semaglutide,reduced the risk of,dementia
Semaglutide,compared to,sitagliptid
semaglutide,reduced the risk of,nicotine misuse
semaglutide,compared to,empagliflozin
semaglutide,compared to,sitagliptin
better long-term outcomes,include,lower all-cause mortality among type 2 diabetes mellitus patients
increasing trends of recent decades,are,disadvantageous
Alzheimer's disease,has,worldwide impact
Type 2 diabetes mellitus,detrimentally influences,numerous organs
cardiovascular disease risk,is impacted by,these loci
these loci,impacted,renal function
loci,impact,cardiovascular disease risk and renal function
cardiovascular disease risk and renal function,are impacted by,loci
loci,impact,cardiovascular disease risk and renal function through their shared disease pathway
cardiovascular disease risk and renal function,are impacted by,loci through their shared disease pathway
stress,contributes to,obesity
stress,contributes to,related metabolic diseases
Aβ1-42,causes,cell apoptosis of PC12 cells
findings,have contributed to,implementation of overlapping pharmacological interventions
implementation of overlapping pharmacological interventions,based on,use of insulin and antidiabetic drugs
surfactant activity of the crowding agents,can influence,outcome of macromolecular crowding
surfactant activity of the crowding agents,can critically influence,outcome of macromolecular crowding
surfactant activity of the crowding agents,has a significant impact on,outcome of macromolecular crowding
amyloid species formed,may have,different structure
structure of amyloid species formed,is influenced by,polymer used
macromolecular crowding,is influenced by,surfactant activity of the crowding agents
amyloid species formed,is influenced by,the polymer used
macromolecular crowding,is influenced by,the polymer used
surfactant activity of the crowding agents,has,significant impact on the outcome of macromolecular crowding
amyloid species,formed is influenced by,polymer used
observation,has led to,notion that drugs developed for the treatment of Type 2 diabetes may be beneficial
amylin,is associated with,type II diabetes
Amyloid-β (Aβ),is associated with,Alzheimer's disease
interactions,predicted,executive function
glucagon-like peptide-1 receptor,have been associated with,anti-inflammatory properties
glucagon-like peptide-1 receptor,in,neurodegenerative disorder preclinical models
Glucagon-like peptide-1 receptor,have been associated with,neurotrophic properties
neurotrophic properties,in,neurodegenerative disorder preclinical models
side effects of Senolytics and Senostatic,are due to,non-specific distribution
non-specific distribution of Senolytics,causes,side effects
non-specific distribution of Senostatic,causes,side effects
cellular processes in genes,influenced by,shared T2D/AD SNPs with the same risk allele abnormalities
cellular processes in genes influenced by shared T2D/AD SNPs with the same risk allele abnormalities,known to contribute to,both T2D and AD pathogenesis
gene annotations from ANNOVAR and DAPPLE,enriched,KEGG pathways pertaining to immune responses
allelic forms of an individual,shared,T2D/AD SNP
allelic forms of an individual shared T2D/AD SNP,contribute to,T2D
one of the allelic forms of an individual,shared,T2D/AD SNP
one of the allelic forms of an individual shared T2D/AD SNP,may not contribute to,AD
allelic form,may contribute to,T2D
allelic form,may not contribute to,AD
allelic form,may contribute to,AD
allelic form,not contribute to,T2D
allelic forms of an individual shared T2D/AD SNP,may contribute to,T2D
allelic form,not to,T2D
translating between these systems,is difficult due to,physiological differences
translating between these systems,is difficult,human heterogeneity
translatable components regression PCs,are predictive of,human Alzheimer's disease outcomes
PBMC responsiveness,is unrelated to,NLR family pyrin domain containing 3 agonists
subtle neuropsychological decrements,observed in,Type 2 Diabetes Mellitus
neuropsychological decrements,observed in,Type 2 Diabetes Mellitus
neuropsychological decrements,associated with,lack of PBMC responsiveness to NLR family pyrin domain containing 3 agonists
neuropsychological decrements,not caused by,PBMC unresponsiveness to NLR family pyrin domain containing 3 agonists
recovery in the number of dendritic spines,resulted in,memory improvement
recovery in the number of dendritic spines,was associated with,memory improvement
Protein posttranslational modifications (PTMs),can be,spontaneous
Protein posttranslational modifications (PTMs),can be,physiological/pathological
cause of aging diseases,is,unclear
protein posttranslational modifications (PTMs),are associated with,aging and aging diseases
neuronal death,occurs due to,lack of medium chain triglycerides
lack of medium chain triglycerides,leads to,neuronal death
lack of medium chain triglycerides,is a cause of,neuronal death in Alzheimer patients
lack of medium chain triglycerides,causes,neuronal death in Alzheimer patients
lack of medium chain triglycerides,causes,neuronal death
lack of medium chain triglycerides,in,Alzheimer patients
DTI-ALPS index,was associated with,Montreal Cognitive Assessment
patients with T2DM,in the,DTI-ALPS index was associated with Montreal Cognitive Assessment
DTI-ALPS index,was associated with,FA in the patients with T2DM
DTI-ALPS index,was associated with,MD
patients with T2DM,in,DTI-ALPS index
MD,was negatively associated with,patients with T2DM
AD,was negatively associated with,patients with T2DM
RD values,were negatively associated with,patients with T2DM
cognitive decline,is associated with,metabolic disturbances
TZD monotherapy,was associated with,22% lower risk of all-cause dementia onset
MET monotherapy,had a higher risk of,all-cause dementia onset
MET monotherapy,had a higher risk than,TZD monotherapy
increase in hepatic glucose production,is due to,impaired Akt activation
activation of hepatic atypical PKC,is caused by,hyperinsulinemia
activation of hepatic atypical PKC,leads to,increased hepatic glucose production
hyperinsulinemia,leads to,activation of hepatic atypical PKC
activation of hepatic atypical PKC,results in,impaired Akt activation
Akt activation,results in,increased hepatic glucose production
hyperinsulinemia,causes,hepatosteatosis in the liver
duration of diabetes,was significantly associated with,Diabetic macular edema
Beta C-terminal telopeptide of collagen type I,was not significantly associated with,Diabetic macular edema
association of Beta C-terminal telopeptide of collagen type I,was not statistically significant,Diabetic macular edema
coffee,is used by,individuals
individuals,do not have,adverse subjective effects
adverse subjective effects,due to,stimulating effects
sugary and artificially sweetened sodas and soft drinks,are,high-calorie and unhealthy
diabetic dyslipidemia,is primarily caused by,insulin resistance
diabetic dyslipidemia,is caused by,nutritional reasons
brain age index (BAI),is calculated by,the difference between the predicted brain age by the algorithm and the chronological age
Epidemiological inferences,are,limited
astrocytes,contribute to,neuropathology of Alzheimer's disease
astrocytes,may lose,ability to support neurons
ability to support neurons,due to,damage
Alzheimer's disease,are related,type 2 diabetes
these diseases,share,common pathological features
Alzheimer's disease,is a,disease
Alzheimer's disease,plays a role in,common pathological features of Alzheimer's disease
common pathological features,are related to,Alzheimer's disease
Type 2 diabetes,is,a disease
Type 2 diabetes,is related to,common pathological features of Alzheimer's disease
vertical sleeve gastrectomy surgery,resulted in,decreased lipid concentrations
vertical sleeve gastrectomy surgery,resulted in,markedly higher adiponectin concentrations
vertical sleeve gastrectomy surgery,resulted in,markedly higher bile acid concentrations
Sortilin,can impact,intracellular response to brain-derived neurotrophic factor (BDNF)
hypertension,impact,African Americans
type 2 diabetes mellitus,impact,African Americans
cardiovascular disease,impact,African Americans
genes associated with Alzheimer's disease risk,are linked to,altered lipid metabolism
altered lipid metabolism,in,African Americans
SGLT-2i,is associated with,reduced risk of Alzheimer's disease
GLP-1RA,is associated with,reduced risk of Alzheimer's disease
good glycemic control,reduces,risk of micro- and macro-vascular complications
reduced glycemic control,reduces,risk of diabetes-associated cardiovascular disease (CVD)
reduced glycemic control,in,obese patients
reduced glycemic control in obese patients,reduces,risk of diabetes-associated cardiovascular disease (CVD)
good glycemic control,is associated with,reduced risk of micro- and macro-vascular complications
good glycemic control,reduces,risk of diabetes-associated cardiovascular disease (CVD)
good glycemic control,reduces,risk of diabetes-associated cardiovascular disease (CVD) in obese patients
reduced risk of micro- and macro-vascular complications,in,obese patients
good glycemic control,is associated with,reduced risk of diabetes-associated cardiovascular disease (CVD)
reduced risk of diabetes-associated cardiovascular disease (CVD),in,obese patients
good glycemic control,in,obese patients
good glycemic control in obese patients,reduces,risk of diabetes-associated cardiovascular disease (CVD)
risk of micro- and macro-vascular complications,in,obese patients
good glycemic control,is associated with,reduced risk of diabetes-associated
inhibiting autophagy,can lead to,depressive models
inhibiting autophagy,among,neurons
inhibiting autophagy among neurons,can lead to,depressive models
oxidative stress,caused by,metal/cofactor-peptide interactions
oxidative stress caused by metal/cofactor-peptide interactions,can lead to,cell apoptosis
Metal/cofactor-peptide interactions,can contribute to,oxidative stress
observation about the impact of utility measure content,on,treatment effects
observation about the impact of utility measure content,varies from,one disease
one disease,to,the next
observation,contributes to,lack of consistency in observable utility effects
the observation,contributes to,lack of consistency in incremental utility scores
cholesterol oxide 7-ketocholesterol,induced,apoptosis of MC3T3-E1 cells
apoptosis of MC3T3-E1 cells,associated with,reactive oxygen species generation
secondary structure of amyloid fibers,is similar to,secondary structure observed among prion amyloid fibers
prion amyloid fibers,associated with,transmissible spongiform encephalopathies
secondary structure of prion amyloid fibers,is associated with,transmissible spongiform encephalopathies
prion amyloid fibers,are associated with,transmissible spongiform encephalopathies
amyloid fibers,show,extremely high content of beta-sheet
secondary structure of amyloid fibers,is similar to,secondary structure of prion amyloid fibers associated with transmissible spongiform encephalopathies
Prion amyloid fibers,are associated with,transmissible spongiform encephalopathies
amyloid fibers,have,secondary structure
secondary structure of amyloid fibers,is similar to,secondary structure observed among prion amyloid fibers associated with transmissible spongiform encephalopathies
amyloid fibers,have,high content of beta-sheet
amyloid fibers,are,insoluble
amyloid fibers,are,resistant to proteolysis
octyl sulfenamide prodrug,against,butyrylcholinesterase
IC(50),was,184 nmol/mL
models,indicated that,nighttime sleep duration was not significantly associated with odds of having diabetes
models,indicated that,percent sleep quality at night
percent sleep quality at night,was not significantly associated with,odds of having diabetes
models,indicated,daytime naps were not significantly associated with odds of having diabetes
models,indicated that,nighttime sleep duration was not significantly associated with odds of having dyslipidemia
models,indicated that,percent sleep quality at night was not significantly associated with odds of having dyslipidemia
models,indicated,nighttime sleep duration was not significantly associated with odds of having hypertension
risk of microalbuminuria,is associated with,tertile of blood pressure change
semaglutide,was associated with,reduced risk for first-time Alzheimer's disease diagnosis
vascular factors,contribute to,dementia risk
social determinants of health,contribute to,dementia risk
sortilin-related VPS10 domain containing receptor 1 protein variations,are associated with,sporadic Alzheimer's disease
recent studies,have shown that,sortilin-related VPS10 domain containing receptor 1 protein variations in intron 1 are associated with sporadic Alzheimer's disease
variations in intron 1 of the sortilin-related VPS10 domain containing receptor 1 protein,are associated with,sporadic Alzheimer's disease
Sodium-glucose cotransporter 2 inhibitors,were associated with,lower risk of a 40% eGFR decline
current investigation,aimed to evaluate,impact of alignment on statistical performances of the Quantitative Structure-Activity Relationship (QSAR)
alignment,affects,statistical performances of QSAR
current investigation,aim of,model the inhibitory activity of maleimide derivatives
model the inhibitory activity of maleimide derivatives,evaluate the impact of,alignment on statistical performances of the QSAR
model the inhibitory activity of maleimide derivatives,evaluate the effect of,template on shape-similarity--binding affinity relationship
model the inhibitory activity of maleimide derivatives,to evaluate,impact of alignment on QSAR
model the inhibitory activity of maleimide derivatives,to evaluate,effect of the template on the shape-similarity--binding affinity relationship
current investigation,was to evaluate,effect of the template on the shape-similarity--binding affinity relationship
current investigation,was to evaluate,impact of alignment on QSAR
current investigation,aimed to evaluate,two things
two things,include,impact of alignment on QSAR
two things,include,effect of the template on the shape-similarity--binding affinity relationship
double layer conformations of the cross-seeding Amylin1-37-Aβ1-42 oligomers,In some,Amylin1-37 oligomers destabilize the Aβ1-42 oligomers
Amylin1-37 oligomers,destabilize the,Aβ1-42 oligomers
Amylin1-37 oligomers destabilize the Aβ1-42 oligomers,and thus inhibit,Aβ1-42 aggregation
Type 2 diabetes mellitus burden,was mainly due to,obesity
obesity,in,Qataris
obesity,in,Egyptians
Type 2 diabetes mellitus burden,appeared to be,other nationality groups
Type 2 diabetes mellitus burden,was mainly due to,Qataris and Egyptians
obesity,was mainly due to,Type 2 diabetes mellitus burden in Qataris and Egyptians
Qataris,had,Type 2 diabetes mellitus burden
Egyptians,had,Type 2 diabetes mellitus burden
Type 2 diabetes mellitus burden,was mainly due to,obesity in Qataris and Egyptians
adherence to healthful dietary patterns,has been inversely associated with,Type 2 diabetes mellitus
adherence to healthful dietary patterns,has been inversely associated with,general population
dietary patterns,are associated with,progression to Type 2 diabetes mellitus
adherence to healthful dietary patterns,in,the general population
aMED pattern,was associated with,40% lower risk of Type 2 diabetes mellitus
DASH pattern,was associated with,46% lower risk of Type 2 diabetes mellitus
aHEI pattern,was associated with,57% lower risk of Type 2 diabetes mellitus
aMED pattern,associated with,40% lower risk of Type 2 diabetes mellitus
DASH pattern,associated with,46% lower risk of Type 2 diabetes mellitus
dysbiosis,is associated with,metabolic syndrome
dysbiosis,is associated with,type 2 diabetes mellitus
dysbiosis,is associated with,Hashimoto's thyroiditis
dysbiosis,is associated with,Graves' disease
